Primary,2022,2023,2024,2025,2026,2027,2028,2029,2030,2031,2032,2033,2034,2035,2036,2037,2038,2039,2040,2041,2042,2043,2044,2045,2046,2047,2048,2049,2050,Licence area,Voltage level,Scenario name,Output parameter
ACKLAM,0,0,0,0,0,0,0,0,0,0,0,0,0,0,0,0,0,0,0,0,0,0,0,0,0,0,0,0,0,NPgN,Primary,NPg Best View,Total installed non-renewable generation capacity (MW)
AMBERTON ROAD,1.9,1.9,1.9,1.9,1.9,1.9,1.9,1.9,1.9,1.9,1.9,1.648,0.894,0,0,0,0,0,0,0,0,0,0,0,0,0,0,0,0,NPgN,Primary,NPg Best View,Total installed non-renewable generation capacity (MW)
ANNFIELD 66/20KV,0,0,0,0,0,0,0,0,0,0,0,0,0,0,0,0,0,0,0,0,0,0,0,0,0,0,0,0,0,NPgN,Primary,NPg Best View,Total installed non-renewable generation capacity (MW)
ASHINGTON,2.96,2.96,2.96,2.96,2.96,2.96,2.96,2.96,2.96,2.96,2.96,2.741,2.087,1.274,1.226,1.161,1.078,1.02,0.969,0.899,0.803,0.704,0.595,0.505,0.335,0.145,0,0,0,NPgN,Primary,NPg Best View,Total installed non-renewable generation capacity (MW)
AYCLIFFE FORREST,0,0,0,0,0,0,0,0,0,0,0,0,0,0,0,0,0,0,0,0,0,0,0,0,0,0,0,0,0,NPgN,Primary,NPg Best View,Total installed non-renewable generation capacity (MW)
AYCLIFFE INDUSTRIAL,0,0,0,0,0,0,0,0,0,0,0,0,0,0,0,0,0,0,0,0,0,0,0,0,0,0,0,0,0,NPgN,Primary,NPg Best View,Total installed non-renewable generation capacity (MW)
BARDEN FRIAR,0,0,0,0,0,0,0,0,0,0,0,0,0,0,0,0,0,0,0,0,0,0,0,0,0,0,0,0,0,NPgN,Primary,NPg Best View,Total installed non-renewable generation capacity (MW)
BEDALE,1.425,1.425,1.425,1.425,1.425,1.425,1.425,1.425,1.425,1.425,1.425,1.425,1.425,1.385,1.334,1.262,1.172,1.11,1.054,0.978,0.874,0.766,0.647,0.549,0.364,0.158,0,0,0,NPgN,Primary,NPg Best View,Total installed non-renewable generation capacity (MW)
BELMONT,0.14,0.14,0.14,0.14,0.14,0.14,0.14,0.14,0.14,0.14,0.14,0.121,0.066,0,0,0,0,0,0,0,0,0,0,0,0,0,0,0,0,NPgN,Primary,NPg Best View,Total installed non-renewable generation capacity (MW)
BENSHAM,0,0,0,0,0,0,0,0,0,0,0,0,0,0,0,0,0,0,0,0,0,0,0,0,0,0,0,0,0,NPgN,Primary,NPg Best View,Total installed non-renewable generation capacity (MW)
BENTON SQUARE,0,0,0,0,0,0,0,0,0,0,0,0,0,0,0,0,0,0,0,0,0,0,0,0,0,0,0,0,0,NPgN,Primary,NPg Best View,Total installed non-renewable generation capacity (MW)
BENWELL,0,0,0,0,0,0,0,0,0,0,0,0,0,0,0,0,0,0,0,0,0,0,0,0,0,0,0,0,0,NPgN,Primary,NPg Best View,Total installed non-renewable generation capacity (MW)
BILLINGHAM MARSH HOUSE,0.05,0.05,0.05,0.05,0.05,0.05,0.05,0.05,0.05,0.05,0.05,0.043,0.024,0,0,0,0,0,0,0,0,0,0,0,0,0,0,0,0,NPgN,Primary,NPg Best View,Total installed non-renewable generation capacity (MW)
BILLY MILL,2.451,2.451,2.451,2.451,2.451,2.451,2.451,2.451,2.451,2.451,2.451,2.126,1.154,0,0,0,0,0,0,0,0,0,0,0,0,0,0,0,0,NPgN,Primary,NPg Best View,Total installed non-renewable generation capacity (MW)
BIRTLEY GROVE 66/11KV,0,0,0,0,0,0,0,0,0,0,0,0,0,0,0,0,0,0,0,0,0,0,0,0,0,0,0,0,0,NPgN,Primary,NPg Best View,Total installed non-renewable generation capacity (MW)
BIRTLEY GROVE 66/20KV,3.99,3.99,3.99,3.99,3.99,3.99,3.99,3.99,3.99,3.99,3.99,3.461,1.878,0,0,0,0,0,0,0,0,0,0,0,0,0,0,0,0,NPgN,Primary,NPg Best View,Total installed non-renewable generation capacity (MW)
BLAYDON BURN,10.175,10.175,10.175,10.175,10.175,10.175,10.175,10.175,10.175,10.175,10.175,9.796,8.661,7.112,6.846,6.481,6.018,5.696,5.41,5.02,4.487,3.93,3.32,2.82,1.871,0.809,0,0,0,NPgN,Primary,NPg Best View,Total installed non-renewable generation capacity (MW)
BLUCHER 33/11KV,0,0,0,0,0,0,0,0,0,0,0,0,0,0,0,0,0,0,0,0,0,0,0,0,0,0,0,0,0,NPgN,Primary,NPg Best View,Total installed non-renewable generation capacity (MW)
BOLDON DOWNHILL,0,0,0,0,0,0,0,0,0,0,0,0,0,0,0,0,0,0,0,0,0,0,0,0,0,0,0,0,0,NPgN,Primary,NPg Best View,Total installed non-renewable generation capacity (MW)
BOROUGHBRIDGE/ROECLIFFE INDUSTRIAL,0,0,0,0,0,0,0,0,0,0,0,0,0,0,0,0,0,0,0,0,0,0,0,0,0,0,0,0,0,NPgN,Primary,NPg Best View,Total installed non-renewable generation capacity (MW)
BOWESFIELD 33/11KV,0,0,0,0,0,0,0,0,0,0,0,0,0,0,0,0,0,0,0,0,0,0,0,0,0,0,0,0,0,NPgN,Primary,NPg Best View,Total installed non-renewable generation capacity (MW)
BOWESFIELD 66/11KV,0,0,0,0,0,0,0,0,0,0,0,0,0,0,0,0,0,0,0,0,0,0,0,0,0,0,0,0,0,NPgN,Primary,NPg Best View,Total installed non-renewable generation capacity (MW)
BRANCEPETH,0,0,0,0,0,0,0,0,0,0,0,0,0,0,0,0,0,0,0,0,0,0,0,0,0,0,0,0,0,NPgN,Primary,NPg Best View,Total installed non-renewable generation capacity (MW)
BREAMISH STREET,0,0,0,0,0,0,0,0,0,0,0,0,0,0,0,0,0,0,0,0,0,0,0,0,0,0,0,0,0,NPgN,Primary,NPg Best View,Total installed non-renewable generation capacity (MW)
BRENDA TRADING,0,0,0,0,0,0,0,0,0,0,0,0,0,0,0,0,0,0,0,0,0,0,0,0,0,0,0,0,0,NPgN,Primary,NPg Best View,Total installed non-renewable generation capacity (MW)
CAMPLESHON ROAD,0,0,0,0,0,0,0,0,0,0,0,0,0,0,0,0,0,0,0,0,0,0,0,0,0,0,0,0,0,NPgN,Primary,NPg Best View,Total installed non-renewable generation capacity (MW)
CARLEY HILL,0,0,0,0,0,0,0,0,0,0,0,0,0,0,0,0,0,0,0,0,0,0,0,0,0,0,0,0,0,NPgN,Primary,NPg Best View,Total installed non-renewable generation capacity (MW)
CARLIN HOW T3 T4,0,0,0,0,0,0,0,0,0,0,0,0,0,0,0,0,0,0,0,0,0,0,0,0,0,0,0,0,0,NPgN,Primary,NPg Best View,Total installed non-renewable generation capacity (MW)
CARR HILL,0,0,0,0,0,0,0,0,0,0,0,0,0,0,0,0,0,0,0,0,0,0,0,0,0,0,0,0,0,NPgN,Primary,NPg Best View,Total installed non-renewable generation capacity (MW)
CATTERICK CAMP,0.09,0.09,0.09,0.09,0.09,0.09,0.09,0.09,0.09,0.082,0.071,0.056,0.034,0,0,0,0,0,0,0,0,0,0,0,0,0,0,0,0,NPgN,Primary,NPg Best View,Total installed non-renewable generation capacity (MW)
CLOSE,0,0,0,0,0,0,0,0,0,0,0,0,0,0,0,0,0,0,0,0,0,0,0,0,0,0,0,0,0,NPgN,Primary,NPg Best View,Total installed non-renewable generation capacity (MW)
CONEYTHORPE,5.035,5.035,5.035,5.035,5.035,5.035,5.035,5.035,5.035,5.035,5.035,5.035,5.035,4.895,4.712,4.461,4.142,3.92,3.724,3.455,3.088,2.705,2.285,1.941,1.288,0.557,0,0,0,NPgN,Primary,NPg Best View,Total installed non-renewable generation capacity (MW)
CONSETT,0.176,0.176,0.176,0.176,0.176,0.176,0.176,0.176,0.176,0.169,0.157,0.132,0.075,0,0,0,0,0,0,0,0,0,0,0,0,0,0,0,0,NPgN,Primary,NPg Best View,Total installed non-renewable generation capacity (MW)
CORPORATION STREET,0.8,0.8,0.8,0.8,0.8,0.8,0.8,0.8,0.8,0.731,0.628,0.498,0.303,0,0,0,0,0,0,0,0,0,0,0,0,0,0,0,0,NPgN,Primary,NPg Best View,Total installed non-renewable generation capacity (MW)
COWTON,0,0,0,0,0,0,0,0,0,0,0,0,0,0,0,0,0,0,0,0,0,0,0,0,0,0,0,0,0,NPgN,Primary,NPg Best View,Total installed non-renewable generation capacity (MW)
CRAMLINGTON T1 T3,0,0,0,0,0,0,0,0,0,0,0,0,0,0,0,0,0,0,0,0,0,0,0,0,0,0,0,0,0,NPgN,Primary,NPg Best View,Total installed non-renewable generation capacity (MW)
CRAMLINGTON T2 T4,0,0,0,0,0,0,0,0,0,0,0,0,0,0,0,0,0,0,0,0,0,0,0,0,0,0,0,0,0,NPgN,Primary,NPg Best View,Total installed non-renewable generation capacity (MW)
DARLEY,0,0,0,0,0,0,0,0,0,0,0,0,0,0,0,0,0,0,0,0,0,0,0,0,0,0,0,0,0,NPgN,Primary,NPg Best View,Total installed non-renewable generation capacity (MW)
DARLINGTON 132/6KV,0,0,0,0,0,0,0,0,0,0,0,0,0,0,0,0,0,0,0,0,0,0,0,0,0,0,0,0,0,NPgN,Primary,NPg Best View,Total installed non-renewable generation capacity (MW)
DARLINGTON 33/11KV,0,0,0,0,0,0,0,0,0,0,0,0,0,0,0,0,0,0,0,0,0,0,0,0,0,0,0,0,0,NPgN,Primary,NPg Best View,Total installed non-renewable generation capacity (MW)
DARLINGTON CENTRAL 33/11KV,0,0,0,0,0,0,0,0,0,0,0,0,0,0,0,0,0,0,0,0,0,0,0,0,0,0,0,0,0,NPgN,Primary,NPg Best View,Total installed non-renewable generation capacity (MW)
DARLINGTON EAST,2.5,2.5,2.5,2.5,2.5,2.5,2.5,2.5,2.5,2.5,2.5,2.168,1.177,0,0,0,0,0,0,0,0,0,0,0,0,0,0,0,0,NPgN,Primary,NPg Best View,Total installed non-renewable generation capacity (MW)
DARLINGTON WEST,3.45,3.45,3.45,3.45,3.45,3.45,3.45,3.45,3.45,3.236,2.912,2.38,1.394,0,0,0,0,0,0,0,0,0,0,0,0,0,0,0,0,NPgN,Primary,NPg Best View,Total installed non-renewable generation capacity (MW)
DENWICK,0,0,0,0,0,0,0,0,0,0,0,0,0,0,0,0,0,0,0,0,0,0,0,0,0,0,0,0,0,NPgN,Primary,NPg Best View,Total installed non-renewable generation capacity (MW)
DUNSTON 66/11KV,0,0,0,0,0,0,0,0,0,0,0,0,0,0,0,0,0,0,0,0,0,0,0,0,0,0,0,0,0,NPgN,Primary,NPg Best View,Total installed non-renewable generation capacity (MW)
DUNSTON 66/20KV,0,0,0,0,0,0,0,0,0,0,0,0,0,0,0,0,0,0,0,0,0,0,0,0,0,0,0,0,0,NPgN,Primary,NPg Best View,Total installed non-renewable generation capacity (MW)
DURHAM EAST,0,0,0,0,0,0,0,0,0,0,0,0,0,0,0,0,0,0,0,0,0,0,0,0,0,0,0,0,0,NPgN,Primary,NPg Best View,Total installed non-renewable generation capacity (MW)
EASTFIELD,0,0,0,0,0,0,0,0,0,0,0,0,0,0,0,0,0,0,0,0,0,0,0,0,0,0,0,0,0,NPgN,Primary,NPg Best View,Total installed non-renewable generation capacity (MW)
EASTGATE CEMENT,0,0,0,0,0,0,0,0,0,0,0,0,0,0,0,0,0,0,0,0,0,0,0,0,0,0,0,0,0,NPgN,Primary,NPg Best View,Total installed non-renewable generation capacity (MW)
EDUCATIONAL PRECINCT,0,0,0,0,0,0,0,0,0,0,0,0,0,0,0,0,0,0,0,0,0,0,0,0,0,0,0,0,0,NPgN,Primary,NPg Best View,Total installed non-renewable generation capacity (MW)
ELVINGTON,0,0,0,0,0,0,0,0,0,0,0,0,0,0,0,0,0,0,0,0,0,0,0,0,0,0,0,0,0,NPgN,Primary,NPg Best View,Total installed non-renewable generation capacity (MW)
FARADAY STREET,4.921,4.921,4.921,4.921,4.921,4.921,4.921,4.921,4.921,4.921,4.921,4.921,4.921,4.784,4.605,4.36,4.048,3.832,3.64,3.377,3.018,2.644,2.233,1.897,1.258,0.544,0,0,0,NPgN,Primary,NPg Best View,Total installed non-renewable generation capacity (MW)
FAWDON T1 & SEATON BURN T1,2.218,2.218,2.218,2.218,2.218,2.218,2.218,2.218,2.218,2.207,2.19,2.17,2.138,2.032,1.956,1.852,1.719,1.627,1.546,1.434,1.282,1.123,0.949,0.806,0.534,0.231,0,0,0,NPgN,Primary,NPg Best View,Total installed non-renewable generation capacity (MW)
FISHBURN,2.147,2.147,2.147,2.147,2.147,2.147,2.147,2.147,2.147,2.134,2.115,2.091,2.056,1.944,1.872,1.772,1.645,1.557,1.479,1.373,1.227,1.075,0.908,0.771,0.511,0.221,0,0,0,NPgN,Primary,NPg Best View,Total installed non-renewable generation capacity (MW)
FLATWORTH CENTRAL,0,0,0,0,0,0,0,0,0,0,0,0,0,0,0,0,0,0,0,0,0,0,0,0,0,0,0,0,0,NPgN,Primary,NPg Best View,Total installed non-renewable generation capacity (MW)
FOSS ISLANDS,1.161,1.161,1.161,1.161,1.161,1.161,1.161,1.161,1.161,1.061,0.911,0.723,0.44,0,0,0,0,0,0,0,0,0,0,0,0,0,0,0,0,NPgN,Primary,NPg Best View,Total installed non-renewable generation capacity (MW)
FOSSWAY 33/11KV,0.855,0.855,0.855,0.855,0.855,0.855,0.855,0.855,0.855,0.855,0.855,0.855,0.855,0.831,0.8,0.757,0.703,0.666,0.632,0.587,0.524,0.459,0.388,0.33,0.219,0.095,0,0,0,NPgN,Primary,NPg Best View,Total installed non-renewable generation capacity (MW)
FOURSTONES 20KV,0,0,0,0,0,0,0,0,0,0,0,0,0,0,0,0,0,0,0,0,0,0,0,0,0,0,0,0,0,NPgN,Primary,NPg Best View,Total installed non-renewable generation capacity (MW)
FYLANDS BRIDGE,0,0,0,0,0,0,0,0,0,0,0,0,0,0,0,0,0,0,0,0,0,0,0,0,0,0,0,0,0,NPgN,Primary,NPg Best View,Total installed non-renewable generation capacity (MW)
GALE LANE,2.85,2.85,2.85,2.85,2.85,2.85,2.85,2.85,2.85,2.85,2.85,2.472,1.342,0,0,0,0,0,0,0,0,0,0,0,0,0,0,0,0,NPgN,Primary,NPg Best View,Total installed non-renewable generation capacity (MW)
GARWOOD STREET,0.06,0.06,0.06,0.06,0.06,0.06,0.06,0.06,0.06,0.06,0.06,0.052,0.028,0,0,0,0,0,0,0,0,0,0,0,0,0,0,0,0,NPgN,Primary,NPg Best View,Total installed non-renewable generation capacity (MW)
GATESHEAD CENTRAL,0,0,0,0,0,0,0,0,0,0,0,0,0,0,0,0,0,0,0,0,0,0,0,0,0,0,0,0,0,NPgN,Primary,NPg Best View,Total installed non-renewable generation capacity (MW)
GATESHEAD EAST,0,0,0,0,0,0,0,0,0,0,0,0,0,0,0,0,0,0,0,0,0,0,0,0,0,0,0,0,0,NPgN,Primary,NPg Best View,Total installed non-renewable generation capacity (MW)
GOSFORTH 33/11KV,0,0,0,0,0,0,0,0,0,0,0,0,0,0,0,0,0,0,0,0,0,0,0,0,0,0,0,0,0,NPgN,Primary,NPg Best View,Total installed non-renewable generation capacity (MW)
GRANGETOWN,13.097,13.097,13.097,13.097,13.097,13.097,13.097,13.097,13.097,13.097,13.097,11.505,6.746,1.066,1.027,0.972,0.902,0.854,0.811,0.753,0.673,0.589,0.498,0.423,0.281,0.121,0,0,0,NPgN,Primary,NPg Best View,Total installed non-renewable generation capacity (MW)
GREATHAM,11.674,11.674,11.674,11.674,11.674,11.674,11.674,11.674,11.674,11.11,10.259,9.191,7.589,4.958,4.773,4.518,4.195,3.971,3.772,3.5,3.128,2.74,2.315,1.966,1.304,0.564,0,0,0,NPgN,Primary,NPg Best View,Total installed non-renewable generation capacity (MW)
GUISBOROUGH T1 T2,0,0,0,0,0,0,0,0,0,0,0,0,0,0,0,0,0,0,0,0,0,0,0,0,0,0,0,0,0,NPgN,Primary,NPg Best View,Total installed non-renewable generation capacity (MW)
GUISBOROUGH T3,0,0,0,0,0,0,0,0,0,0,0,0,0,0,0,0,0,0,0,0,0,0,0,0,0,0,0,0,0,NPgN,Primary,NPg Best View,Total installed non-renewable generation capacity (MW)
HARLOW GREEN,0.45,0.45,0.45,0.45,0.45,0.45,0.45,0.45,0.45,0.411,0.353,0.28,0.17,0,0,0,0,0,0,0,0,0,0,0,0,0,0,0,0,NPgN,Primary,NPg Best View,Total installed non-renewable generation capacity (MW)
HARMIRE BRIDGE,2.176,2.176,2.176,2.176,2.176,2.176,2.176,2.176,2.176,2.176,2.176,1.887,1.024,0,0,0,0,0,0,0,0,0,0,0,0,0,0,0,0,NPgN,Primary,NPg Best View,Total installed non-renewable generation capacity (MW)
HARRATON,0,0,0,0,0,0,0,0,0,0,0,0,0,0,0,0,0,0,0,0,0,0,0,0,0,0,0,0,0,NPgN,Primary,NPg Best View,Total installed non-renewable generation capacity (MW)
HARROGATE 132/11KV,0,0,0,0,0,0,0,0,0,0,0,0,0,0,0,0,0,0,0,0,0,0,0,0,0,0,0,0,0,NPgN,Primary,NPg Best View,Total installed non-renewable generation capacity (MW)
HARROGATE WEST,0,0,0,0,0,0,0,0,0,0,0,0,0,0,0,0,0,0,0,0,0,0,0,0,0,0,0,0,0,NPgN,Primary,NPg Best View,Total installed non-renewable generation capacity (MW)
HARTMOOR 66/20KV,0,0,0,0,0,0,0,0,0,0,0,0,0,0,0,0,0,0,0,0,0,0,0,0,0,0,0,0,0,NPgN,Primary,NPg Best View,Total installed non-renewable generation capacity (MW)
HAWTHORN PIT,0,0,0,0,0,0,0,0,0,0,0,0,0,0,0,0,0,0,0,0,0,0,0,0,0,0,0,0,0,NPgN,Primary,NPg Best View,Total installed non-renewable generation capacity (MW)
HAXBY ROAD T2 T3,0,0,0,0,0,0,0,0,0,0,0,0,0,0,0,0,0,0,0,0,0,0,0,0,0,0,0,0,0,NPgN,Primary,NPg Best View,Total installed non-renewable generation capacity (MW)
HEBBURN,0,0,0,0,0,0,0,0,0,0,0,0,0,0,0,0,0,0,0,0,0,0,0,0,0,0,0,0,0,NPgN,Primary,NPg Best View,Total installed non-renewable generation capacity (MW)
HEBBURN WEST,0,0,0,0,0,0,0,0,0,0,0,0,0,0,0,0,0,0,0,0,0,0,0,0,0,0,0,0,0,NPgN,Primary,NPg Best View,Total installed non-renewable generation capacity (MW)
HEDWORTH,0,0,0,0,0,0,0,0,0,0,0,0,0,0,0,0,0,0,0,0,0,0,0,0,0,0,0,0,0,NPgN,Primary,NPg Best View,Total installed non-renewable generation capacity (MW)
HEIGHINGTON,2.28,2.28,2.28,2.28,2.28,2.28,2.28,2.28,2.28,2.28,2.28,2.28,2.28,2.217,2.134,2.02,1.876,1.775,1.686,1.565,1.398,1.225,1.035,0.879,0.583,0.252,0,0,0,NPgN,Primary,NPg Best View,Total installed non-renewable generation capacity (MW)
HEXHAM,0,0,0,0,0,0,0,0,0,0,0,0,0,0,0,0,0,0,0,0,0,0,0,0,0,0,0,0,0,NPgN,Primary,NPg Best View,Total installed non-renewable generation capacity (MW)
HIGH BARMSTON,0,0,0,0,0,0,0,0,0,0,0,0,0,0,0,0,0,0,0,0,0,0,0,0,0,0,0,0,0,NPgN,Primary,NPg Best View,Total installed non-renewable generation capacity (MW)
HIGH FLATTS,0,0,0,0,0,0,0,0,0,0,0,0,0,0,0,0,0,0,0,0,0,0,0,0,0,0,0,0,0,NPgN,Primary,NPg Best View,Total installed non-renewable generation capacity (MW)
HOUGHTON,6.745,6.745,6.745,6.745,6.745,6.745,6.745,6.745,6.745,6.574,6.316,5.614,3.997,1.847,1.778,1.683,1.563,1.479,1.405,1.304,1.165,1.021,0.862,0.733,0.486,0.21,0,0,0,NPgN,Primary,NPg Best View,Total installed non-renewable generation capacity (MW)
HOWDON,11.7,11.7,11.7,11.7,11.7,11.7,11.7,11.7,11.7,11.185,10.409,9.434,7.972,5.542,5.334,5.05,4.689,4.438,4.216,3.912,3.496,3.063,2.587,2.198,1.458,0.63,0,0,0,NPgN,Primary,NPg Best View,Total installed non-renewable generation capacity (MW)
HUNTINGTON NEW LANE,0,0,0,0,0,0,0,0,0,0,0,0,0,0,0,0,0,0,0,0,0,0,0,0,0,0,0,0,0,NPgN,Primary,NPg Best View,Total installed non-renewable generation capacity (MW)
HUSTHWAITE 33/11KV,2,2,2,2,2,2,2,2,2,2,2,2,2,1.944,1.872,1.772,1.645,1.557,1.479,1.373,1.227,1.075,0.908,0.771,0.511,0.221,0,0,0,NPgN,Primary,NPg Best View,Total installed non-renewable generation capacity (MW)
JARROW,0,0,0,0,0,0,0,0,0,0,0,0,0,0,0,0,0,0,0,0,0,0,0,0,0,0,0,0,0,NPgN,Primary,NPg Best View,Total installed non-renewable generation capacity (MW)
KENTON,0.8,0.8,0.8,0.8,0.8,0.8,0.8,0.8,0.8,0.731,0.628,0.498,0.303,0,0,0,0,0,0,0,0,0,0,0,0,0,0,0,0,NPgN,Primary,NPg Best View,Total installed non-renewable generation capacity (MW)
KIELDER,0,0,0,0,0,0,0,0,0,0,0,0,0,0,0,0,0,0,0,0,0,0,0,0,0,0,0,0,0,NPgN,Primary,NPg Best View,Total installed non-renewable generation capacity (MW)
KILLINGWORTH,5.7,5.7,5.7,5.7,5.7,5.7,5.7,5.7,5.7,5.7,5.7,4.944,2.683,0,0,0,0,0,0,0,0,0,0,0,0,0,0,0,0,NPgN,Primary,NPg Best View,Total installed non-renewable generation capacity (MW)
KIRBYMOORSIDE,0,0,0,0,0,0,0,0,0,0,0,0,0,0,0,0,0,0,0,0,0,0,0,0,0,0,0,0,0,NPgN,Primary,NPg Best View,Total installed non-renewable generation capacity (MW)
LEAM CENTRAL,0,0,0,0,0,0,0,0,0,0,0,0,0,0,0,0,0,0,0,0,0,0,0,0,0,0,0,0,0,NPgN,Primary,NPg Best View,Total installed non-renewable generation capacity (MW)
LINTON 66/20KV,0,0,0,0,0,0,0,0,0,0,0,0,0,0,0,0,0,0,0,0,0,0,0,0,0,0,0,0,0,NPgN,Primary,NPg Best View,Total installed non-renewable generation capacity (MW)
LONGBENTON,1.549,1.549,1.549,1.549,1.549,1.549,1.549,1.549,1.549,1.416,1.216,0.964,0.587,0,0,0,0,0,0,0,0,0,0,0,0,0,0,0,0,NPgN,Primary,NPg Best View,Total installed non-renewable generation capacity (MW)
LOW SPENNYMOOR,0,0,0,0,0,0,0,0,0,0,0,0,0,0,0,0,0,0,0,0,0,0,0,0,0,0,0,0,0,NPgN,Primary,NPg Best View,Total installed non-renewable generation capacity (MW)
LYNEMOUTH,0,0,0,0,0,0,0,0,0,0,0,0,0,0,0,0,0,0,0,0,0,0,0,0,0,0,0,0,0,NPgN,Primary,NPg Best View,Total installed non-renewable generation capacity (MW)
MADDISON STREET,0,0,0,0,0,0,0,0,0,0,0,0,0,0,0,0,0,0,0,0,0,0,0,0,0,0,0,0,0,NPgN,Primary,NPg Best View,Total installed non-renewable generation capacity (MW)
MALLEABLE,0,0,0,0,0,0,0,0,0,0,0,0,0,0,0,0,0,0,0,0,0,0,0,0,0,0,0,0,0,NPgN,Primary,NPg Best View,Total installed non-renewable generation capacity (MW)
MALTON,0.23,0.23,0.23,0.23,0.23,0.23,0.23,0.23,0.23,0.215,0.191,0.155,0.092,0,0,0,0,0,0,0,0,0,0,0,0,0,0,0,0,NPgN,Primary,NPg Best View,Total installed non-renewable generation capacity (MW)
MEADOWFIELD,0,0,0,0,0,0,0,0,0,0,0,0,0,0,0,0,0,0,0,0,0,0,0,0,0,0,0,0,0,NPgN,Primary,NPg Best View,Total installed non-renewable generation capacity (MW)
MELROSEGATE 33/11KV,0,0,0,0,0,0,0,0,0,0,0,0,0,0,0,0,0,0,0,0,0,0,0,0,0,0,0,0,0,NPgN,Primary,NPg Best View,Total installed non-renewable generation capacity (MW)
MILLBANK LANE,0.03,0.03,0.03,0.03,0.03,0.03,0.03,0.03,0.03,0.03,0.03,0.026,0.014,0,0,0,0,0,0,0,0,0,0,0,0,0,0,0,0,NPgN,Primary,NPg Best View,Total installed non-renewable generation capacity (MW)
MONKSEATON,0,0,0,0,0,0,0,0,0,0,0,0,0,0,0,0,0,0,0,0,0,0,0,0,0,0,0,0,0,NPgN,Primary,NPg Best View,Total installed non-renewable generation capacity (MW)
MOOR MONKTON PUMPS,0,0,0,0,0,0,0,0,0,0,0,0,0,0,0,0,0,0,0,0,0,0,0,0,0,0,0,0,0,NPgN,Primary,NPg Best View,Total installed non-renewable generation capacity (MW)
MORPETH,0,0,0,0,0,0,0,0,0,0,0,0,0,0,0,0,0,0,0,0,0,0,0,0,0,0,0,0,0,NPgN,Primary,NPg Best View,Total installed non-renewable generation capacity (MW)
MOUNT ROAD,1.7,1.7,1.7,1.7,1.7,1.7,1.7,1.7,1.7,1.597,1.442,1.18,0.69,0,0,0,0,0,0,0,0,0,0,0,0,0,0,0,0,NPgN,Primary,NPg Best View,Total installed non-renewable generation capacity (MW)
NEWBURN HAUGH,0,0,0,0,0,0,0,0,0,0,0,0,0,0,0,0,0,0,0,0,0,0,0,0,0,0,0,0,0,NPgN,Primary,NPg Best View,Total installed non-renewable generation capacity (MW)
NEWBY,0,0,0,0,0,0,0,0,0,0,0,0,0,0,0,0,0,0,0,0,0,0,0,0,0,0,0,0,0,NPgN,Primary,NPg Best View,Total installed non-renewable generation capacity (MW)
NEWCASTLE AIRPORT,0,0,0,0,0,0,0,0,0,0,0,0,0,0,0,0,0,0,0,0,0,0,0,0,0,0,0,0,0,NPgN,Primary,NPg Best View,Total installed non-renewable generation capacity (MW)
NEWTON AYCLIFFE SOUTH,8.949,8.949,8.949,8.949,8.949,8.949,8.949,8.949,8.949,8.949,8.949,7.762,4.212,0,0,0,0,0,0,0,0,0,0,0,0,0,0,0,0,NPgN,Primary,NPg Best View,Total installed non-renewable generation capacity (MW)
NORTH STREET,0,0,0,0,0,0,0,0,0,0,0,0,0,0,0,0,0,0,0,0,0,0,0,0,0,0,0,0,0,NPgN,Primary,NPg Best View,Total installed non-renewable generation capacity (MW)
NORTH TEES T1 T2,0,0,0,0,0,0,0,0,0,0,0,0,0,0,0,0,0,0,0,0,0,0,0,0,0,0,0,0,0,NPgN,Primary,NPg Best View,Total installed non-renewable generation capacity (MW)
NORTH TEES T3 T4,8.185,8.185,8.185,8.185,8.185,8.185,8.185,8.185,8.185,8.185,8.185,7.389,5.009,2.124,2.045,1.936,1.797,1.701,1.616,1.5,1.34,1.174,0.992,0.842,0.559,0.242,0,0,0,NPgN,Primary,NPg Best View,Total installed non-renewable generation capacity (MW)
NORTHALLERTON,0.387,0.387,0.387,0.387,0.387,0.387,0.387,0.387,0.387,0.354,0.304,0.241,0.147,0,0,0,0,0,0,0,0,0,0,0,0,0,0,0,0,NPgN,Primary,NPg Best View,Total installed non-renewable generation capacity (MW)
NORTON 132/11KV,0.285,0.285,0.285,0.285,0.285,0.285,0.285,0.285,0.285,0.261,0.224,0.177,0.108,0,0,0,0,0,0,0,0,0,0,0,0,0,0,0,0,NPgN,Primary,NPg Best View,Total installed non-renewable generation capacity (MW)
OATLANDS,0,0,0,0,0,0,0,0,0,0,0,0,0,0,0,0,0,0,0,0,0,0,0,0,0,0,0,0,0,NPgN,Primary,NPg Best View,Total installed non-renewable generation capacity (MW)
OFFERTON 33/11KV,0,0,0,0,0,0,0,0,0,0,0,0,0,0,0,0,0,0,0,0,0,0,0,0,0,0,0,0,0,NPgN,Primary,NPg Best View,Total installed non-renewable generation capacity (MW)
PALLION TRADING,0,0,0,0,0,0,0,0,0,0,0,0,0,0,0,0,0,0,0,0,0,0,0,0,0,0,0,0,0,NPgN,Primary,NPg Best View,Total installed non-renewable generation capacity (MW)
PETERLEE INDUSTRIAL,35,35,35,35,35,35,35,35,35,35,35,30.358,16.475,0,0,0,0,0,0,0,0,0,0,0,0,0,0,0,0,NPgN,Primary,NPg Best View,Total installed non-renewable generation capacity (MW)
PETERLEE WEST,0.347,0.347,0.347,0.347,0.347,0.347,0.347,0.347,0.347,0.317,0.272,0.216,0.131,0,0,0,0,0,0,0,0,0,0,0,0,0,0,0,0,NPgN,Primary,NPg Best View,Total installed non-renewable generation capacity (MW)
PILGRIM,0,0,0,0,0,0,0,0,0,0,0,0,0,0,0,0,0,0,0,0,0,0,0,0,0,0,0,0,0,NPgN,Primary,NPg Best View,Total installed non-renewable generation capacity (MW)
POTTER HOUSE T1 T3,0,0,0,0,0,0,0,0,0,0,0,0,0,0,0,0,0,0,0,0,0,0,0,0,0,0,0,0,0,NPgN,Primary,NPg Best View,Total installed non-renewable generation capacity (MW)
POTTER HOUSE T4 T5,0,0,0,0,0,0,0,0,0,0,0,0,0,0,0,0,0,0,0,0,0,0,0,0,0,0,0,0,0,NPgN,Primary,NPg Best View,Total installed non-renewable generation capacity (MW)
PRISSICK,1,1,1,1,1,1,1,1,1,1,1,0.867,0.471,0,0,0,0,0,0,0,0,0,0,0,0,0,0,0,0,NPgN,Primary,NPg Best View,Total installed non-renewable generation capacity (MW)
RAVENSCAR,0,0,0,0,0,0,0,0,0,0,0,0,0,0,0,0,0,0,0,0,0,0,0,0,0,0,0,0,0,NPgN,Primary,NPg Best View,Total installed non-renewable generation capacity (MW)
RAWCLIFFE LANE,0,0,0,0,0,0,0,0,0,0,0,0,0,0,0,0,0,0,0,0,0,0,0,0,0,0,0,0,0,NPgN,Primary,NPg Best View,Total installed non-renewable generation capacity (MW)
REDCAR,0,0,0,0,0,0,0,0,0,0,0,0,0,0,0,0,0,0,0,0,0,0,0,0,0,0,0,0,0,NPgN,Primary,NPg Best View,Total installed non-renewable generation capacity (MW)
RESERVOIR,0,0,0,0,0,0,0,0,0,0,0,0,0,0,0,0,0,0,0,0,0,0,0,0,0,0,0,0,0,NPgN,Primary,NPg Best View,Total installed non-renewable generation capacity (MW)
RICHMOND T1,0,0,0,0,0,0,0,0,0,0,0,0,0,0,0,0,0,0,0,0,0,0,0,0,0,0,0,0,0,NPgN,Primary,NPg Best View,Total installed non-renewable generation capacity (MW)
RICHMOND T2,0.95,0.95,0.95,0.95,0.95,0.95,0.95,0.95,0.95,0.95,0.95,0.824,0.447,0,0,0,0,0,0,0,0,0,0,0,0,0,0,0,0,NPgN,Primary,NPg Best View,Total installed non-renewable generation capacity (MW)
RIPON,0,0,0,0,0,0,0,0,0,0,0,0,0,0,0,0,0,0,0,0,0,0,0,0,0,0,0,0,0,NPgN,Primary,NPg Best View,Total installed non-renewable generation capacity (MW)
RISE CARR,0,0,0,0,0,0,0,0,0,0,0,0,0,0,0,0,0,0,0,0,0,0,0,0,0,0,0,0,0,NPgN,Primary,NPg Best View,Total installed non-renewable generation capacity (MW)
ROMANBY,0,0,0,0,0,0,0,0,0,0,0,0,0,0,0,0,0,0,0,0,0,0,0,0,0,0,0,0,0,NPgN,Primary,NPg Best View,Total installed non-renewable generation capacity (MW)
RUDBY,0,0,0,0,0,0,0,0,0,0,0,0,0,0,0,0,0,0,0,0,0,0,0,0,0,0,0,0,0,NPgN,Primary,NPg Best View,Total installed non-renewable generation capacity (MW)
SCARBOROUGH 33/11KV,1.576,1.576,1.576,1.576,1.576,1.576,1.576,1.576,1.576,1.569,1.56,1.547,1.529,1.458,1.404,1.329,1.234,1.168,1.109,1.029,0.92,0.806,0.681,0.578,0.384,0.166,0,0,0,NPgN,Primary,NPg Best View,Total installed non-renewable generation capacity (MW)
SCARBOROUGH 66/11KV,0,0,0,0,0,0,0,0,0,0,0,0,0,0,0,0,0,0,0,0,0,0,0,0,0,0,0,0,0,NPgN,Primary,NPg Best View,Total installed non-renewable generation capacity (MW)
SEAHAM,0,0,0,0,0,0,0,0,0,0,0,0,0,0,0,0,0,0,0,0,0,0,0,0,0,0,0,0,0,NPgN,Primary,NPg Best View,Total installed non-renewable generation capacity (MW)
SEGHILL,3.865,3.865,3.865,3.865,3.865,3.865,3.865,3.865,3.865,3.865,3.865,3.865,3.865,3.758,3.617,3.424,3.18,3.009,2.859,2.652,2.371,2.077,1.754,1.49,0.988,0.427,0,0,0,NPgN,Primary,NPg Best View,Total installed non-renewable generation capacity (MW)
SESSAY BRIDGE_SOWERBY,0,0,0,0,0,0,0,0,0,0,0,0,0,0,0,0,0,0,0,0,0,0,0,0,0,0,0,0,0,NPgN,Primary,NPg Best View,Total installed non-renewable generation capacity (MW)
SEVERUS HILL,0,0,0,0,0,0,0,0,0,0,0,0,0,0,0,0,0,0,0,0,0,0,0,0,0,0,0,0,0,NPgN,Primary,NPg Best View,Total installed non-renewable generation capacity (MW)
SHERIFF HUTTON,0,0,0,0,0,0,0,0,0,0,0,0,0,0,0,0,0,0,0,0,0,0,0,0,0,0,0,0,0,NPgN,Primary,NPg Best View,Total installed non-renewable generation capacity (MW)
SHOTTON,0,0,0,0,0,0,0,0,0,0,0,0,0,0,0,0,0,0,0,0,0,0,0,0,0,0,0,0,0,NPgN,Primary,NPg Best View,Total installed non-renewable generation capacity (MW)
SIMONSIDE,0.152,0.152,0.152,0.152,0.152,0.152,0.152,0.152,0.152,0.152,0.152,0.132,0.072,0,0,0,0,0,0,0,0,0,0,0,0,0,0,0,0,NPgN,Primary,NPg Best View,Total installed non-renewable generation capacity (MW)
SKELDERGATE,0,0,0,0,0,0,0,0,0,0,0,0,0,0,0,0,0,0,0,0,0,0,0,0,0,0,0,0,0,NPgN,Primary,NPg Best View,Total installed non-renewable generation capacity (MW)
SKERNESIDE,1.663,1.663,1.663,1.663,1.663,1.663,1.663,1.663,1.663,1.663,1.663,1.442,0.783,0,0,0,0,0,0,0,0,0,0,0,0,0,0,0,0,NPgN,Primary,NPg Best View,Total installed non-renewable generation capacity (MW)
SPADEADAM 20KV,0,0,0,0,0,0,0,0,0,0,0,0,0,0,0,0,0,0,0,0,0,0,0,0,0,0,0,0,0,NPgN,Primary,NPg Best View,Total installed non-renewable generation capacity (MW)
SPENCERBECK,5.1,5.1,5.1,5.1,5.1,5.1,5.1,5.1,5.1,5.1,5.1,5.1,5.1,4.958,4.773,4.518,4.195,3.971,3.772,3.5,3.128,2.74,2.315,1.966,1.304,0.564,0,0,0,NPgN,Primary,NPg Best View,Total installed non-renewable generation capacity (MW)
SPENNYMOOR 66/20KV,0,0,0,0,0,0,0,0,0,0,0,0,0,0,0,0,0,0,0,0,0,0,0,0,0,0,0,0,0,NPgN,Primary,NPg Best View,Total installed non-renewable generation capacity (MW)
STARBECK,0.4,0.4,0.4,0.4,0.4,0.4,0.4,0.4,0.4,0.366,0.314,0.249,0.151,0,0,0,0,0,0,0,0,0,0,0,0,0,0,0,0,NPgN,Primary,NPg Best View,Total installed non-renewable generation capacity (MW)
STOBSWOOD COAL,0,0,0,0,0,0,0,0,0,0,0,0,0,0,0,0,0,0,0,0,0,0,0,0,0,0,0,0,0,NPgN,Primary,NPg Best View,Total installed non-renewable generation capacity (MW)
STOKESLEY,3.8,3.8,3.8,3.8,3.8,3.8,3.8,3.8,3.8,3.474,2.982,2.365,1.439,0,0,0,0,0,0,0,0,0,0,0,0,0,0,0,0,NPgN,Primary,NPg Best View,Total installed non-renewable generation capacity (MW)
STONEY CUT,0,0,0,0,0,0,0,0,0,0,0,0,0,0,0,0,0,0,0,0,0,0,0,0,0,0,0,0,0,NPgN,Primary,NPg Best View,Total installed non-renewable generation capacity (MW)
SUNDERLAND T1 T2,0,0,0,0,0,0,0,0,0,0,0,0,0,0,0,0,0,0,0,0,0,0,0,0,0,0,0,0,0,NPgN,Primary,NPg Best View,Total installed non-renewable generation capacity (MW)
SUNDERLAND T5 T6,0,0,0,0,0,0,0,0,0,0,0,0,0,0,0,0,0,0,0,0,0,0,0,0,0,0,0,0,0,NPgN,Primary,NPg Best View,Total installed non-renewable generation capacity (MW)
TANFIELD,0,0,0,0,0,0,0,0,0,0,0,0,0,0,0,0,0,0,0,0,0,0,0,0,0,0,0,0,0,NPgN,Primary,NPg Best View,Total installed non-renewable generation capacity (MW)
TEAM VALLEY,0,0,0,0,0,0,0,0,0,0,0,0,0,0,0,0,0,0,0,0,0,0,0,0,0,0,0,0,0,NPgN,Primary,NPg Best View,Total installed non-renewable generation capacity (MW)
TEES INDUSTRIAL T1 T2,0,0,0,0,0,0,0,0,0,0,0,0,0,0,0,0,0,0,0,0,0,0,0,0,0,0,0,0,0,NPgN,Primary,NPg Best View,Total installed non-renewable generation capacity (MW)
TEMPLE PARK,0,0,0,0,0,0,0,0,0,0,0,0,0,0,0,0,0,0,0,0,0,0,0,0,0,0,0,0,0,NPgN,Primary,NPg Best View,Total installed non-renewable generation capacity (MW)
THIRSK,0,0,0,0,0,0,0,0,0,0,0,0,0,0,0,0,0,0,0,0,0,0,0,0,0,0,0,0,0,NPgN,Primary,NPg Best View,Total installed non-renewable generation capacity (MW)
THORNTON DALE,0.501,0.501,0.501,0.501,0.501,0.501,0.501,0.501,0.501,0.501,0.501,0.435,0.236,0,0,0,0,0,0,0,0,0,0,0,0,0,0,0,0,NPgN,Primary,NPg Best View,Total installed non-renewable generation capacity (MW)
TORONTO 66/20KV,1.9,1.9,1.9,1.9,1.9,1.9,1.9,1.9,1.9,1.9,1.9,1.648,0.894,0,0,0,0,0,0,0,0,0,0,0,0,0,0,0,0,NPgN,Primary,NPg Best View,Total installed non-renewable generation capacity (MW)
TUNSTALL,0,0,0,0,0,0,0,0,0,0,0,0,0,0,0,0,0,0,0,0,0,0,0,0,0,0,0,0,0,NPgN,Primary,NPg Best View,Total installed non-renewable generation capacity (MW)
TYNEMOUTH CENTRAL,0,0,0,0,0,0,0,0,0,0,0,0,0,0,0,0,0,0,0,0,0,0,0,0,0,0,0,0,0,NPgN,Primary,NPg Best View,Total installed non-renewable generation capacity (MW)
UNIVERSITY,16.275,16.275,16.275,16.275,16.275,16.275,16.275,16.275,16.275,15.246,13.692,11.176,6.556,0,0,0,0,0,0,0,0,0,0,0,0,0,0,0,0,NPgN,Primary,NPg Best View,Total installed non-renewable generation capacity (MW)
URLAY NOOK,0,0,0,0,0,0,0,0,0,0,0,0,0,0,0,0,0,0,0,0,0,0,0,0,0,0,0,0,0,NPgN,Primary,NPg Best View,Total installed non-renewable generation capacity (MW)
USWORTH,0,0,0,0,0,0,0,0,0,0,0,0,0,0,0,0,0,0,0,0,0,0,0,0,0,0,0,0,0,NPgN,Primary,NPg Best View,Total installed non-renewable generation capacity (MW)
WALKER,0.6,0.6,0.6,0.6,0.6,0.6,0.6,0.6,0.6,0.6,0.6,0.52,0.282,0,0,0,0,0,0,0,0,0,0,0,0,0,0,0,0,NPgN,Primary,NPg Best View,Total installed non-renewable generation capacity (MW)
WANSBECK,0,0,0,0,0,0,0,0,0,0,0,0,0,0,0,0,0,0,0,0,0,0,0,0,0,0,0,0,0,NPgN,Primary,NPg Best View,Total installed non-renewable generation capacity (MW)
WARDLEY,0,0,0,0,0,0,0,0,0,0,0,0,0,0,0,0,0,0,0,0,0,0,0,0,0,0,0,0,0,NPgN,Primary,NPg Best View,Total installed non-renewable generation capacity (MW)
WARKWORTH,0,0,0,0,0,0,0,0,0,0,0,0,0,0,0,0,0,0,0,0,0,0,0,0,0,0,0,0,0,NPgN,Primary,NPg Best View,Total installed non-renewable generation capacity (MW)
WENSLEYDALE,0.2,0.2,0.2,0.2,0.2,0.2,0.2,0.2,0.2,0.2,0.2,0.173,0.094,0,0,0,0,0,0,0,0,0,0,0,0,0,0,0,0,NPgN,Primary,NPg Best View,Total installed non-renewable generation capacity (MW)
WEST HARTFORD,0,0,0,0,0,0,0,0,0,0,0,0,0,0,0,0,0,0,0,0,0,0,0,0,0,0,0,0,0,NPgN,Primary,NPg Best View,Total installed non-renewable generation capacity (MW)
WEST SOUTHWICK,0,0,0,0,0,0,0,0,0,0,0,0,0,0,0,0,0,0,0,0,0,0,0,0,0,0,0,0,0,NPgN,Primary,NPg Best View,Total installed non-renewable generation capacity (MW)
WEST WYLAM,0,0,0,0,0,0,0,0,0,0,0,0,0,0,0,0,0,0,0,0,0,0,0,0,0,0,0,0,0,NPgN,Primary,NPg Best View,Total installed non-renewable generation capacity (MW)
WESTERHOPE,0,0,0,0,0,0,0,0,0,0,0,0,0,0,0,0,0,0,0,0,0,0,0,0,0,0,0,0,0,NPgN,Primary,NPg Best View,Total installed non-renewable generation capacity (MW)
WESTOE,0,0,0,0,0,0,0,0,0,0,0,0,0,0,0,0,0,0,0,0,0,0,0,0,0,0,0,0,0,NPgN,Primary,NPg Best View,Total installed non-renewable generation capacity (MW)
WHITBY T1,0,0,0,0,0,0,0,0,0,0,0,0,0,0,0,0,0,0,0,0,0,0,0,0,0,0,0,0,0,NPgN,Primary,NPg Best View,Total installed non-renewable generation capacity (MW)
WHITBY T2,0,0,0,0,0,0,0,0,0,0,0,0,0,0,0,0,0,0,0,0,0,0,0,0,0,0,0,0,0,NPgN,Primary,NPg Best View,Total installed non-renewable generation capacity (MW)
WHITBY WEST T1,0,0,0,0,0,0,0,0,0,0,0,0,0,0,0,0,0,0,0,0,0,0,0,0,0,0,0,0,0,NPgN,Primary,NPg Best View,Total installed non-renewable generation capacity (MW)
WHITBY WEST T2,0,0,0,0,0,0,0,0,0,0,0,0,0,0,0,0,0,0,0,0,0,0,0,0,0,0,0,0,0,NPgN,Primary,NPg Best View,Total installed non-renewable generation capacity (MW)
WILLINGTON,0,0,0,0,0,0,0,0,0,0,0,0,0,0,0,0,0,0,0,0,0,0,0,0,0,0,0,0,0,NPgN,Primary,NPg Best View,Total installed non-renewable generation capacity (MW)
WORMALD GREEN 132/11KV,0,0,0,0,0,0,0,0,0,0,0,0,0,0,0,0,0,0,0,0,0,0,0,0,0,0,0,0,0,NPgN,Primary,NPg Best View,Total installed non-renewable generation capacity (MW)
WYNYARD,0,0,0,0,0,0,0,0,0,0,0,0,0,0,0,0,0,0,0,0,0,0,0,0,0,0,0,0,0,NPgN,Primary,NPg Best View,Total installed non-renewable generation capacity (MW)
YEDINGHAM,0,0,0,0,0,0,0,0,0,0,0,0,0,0,0,0,0,0,0,0,0,0,0,0,0,0,0,0,0,NPgN,Primary,NPg Best View,Total installed non-renewable generation capacity (MW)
YORK UNIVERSITY,3.12,3.12,3.12,3.12,3.12,3.12,3.12,3.12,3.12,2.852,2.449,1.942,1.181,0,0,0,0,0,0,0,0,0,0,0,0,0,0,0,0,NPgN,Primary,NPg Best View,Total installed non-renewable generation capacity (MW)
TOFTS ROAD STEAM,0,0,0,0,0,0,0,0,0,0,0,0,0,0,0,0,0,0,0,0,0,0,0,0,0,0,0,0,0,NPgN,Primary,NPg Best View,Total installed non-renewable generation capacity (MW)
ABBEY ROAD,0,0,0,0,0,0,0,0,0,0,0,0,0,0,0,0,0,0,0,0,0,0,0,0,0,0,0,0,0,NPgY,Primary,NPg Best View,Total installed non-renewable generation capacity (MW)
AIREDALE ROAD,0,0,0,0,0,0,0,0,0,0,0,0,0,0,0,0,0,0,0,0,0,0,0,0,0,0,0,0,0,NPgY,Primary,NPg Best View,Total installed non-renewable generation capacity (MW)
ALDHAM,0,0,0,0,0,0,0,0,0,0,0,0,0,0,0,0,0,0,0,0,0,0,0,0,0,0,0,0,0,NPgY,Primary,NPg Best View,Total installed non-renewable generation capacity (MW)
ALFRED GELDER STREET,0,0,0,0,0,0,0,0,0,0,0,0,0,0,0,0,0,0,0,0,0,0,0,0,0,0,0,0,0,NPgY,Primary,NPg Best View,Total installed non-renewable generation capacity (MW)
ALLERTON HILL T1,0,0,0,0,0,0,0,0,0,0,0,0,0,0,0,0,0,0,0,0,0,0,0,0,0,0,0,0,0,NPgY,Primary,NPg Best View,Total installed non-renewable generation capacity (MW)
ALLERTON HILL T2,0,0,0,0,0,0,0,0,0,0,0,0,0,0,0,0,0,0,0,0,0,0,0,0,0,0,0,0,0,NPgY,Primary,NPg Best View,Total installed non-renewable generation capacity (MW)
ALVERTHORPE ROAD,0,0,0,0,0,0,0,0,0,0,0,0,0,0,0,0,0,0,0,0,0,0,0,0,0,0,0,0,0,NPgY,Primary,NPg Best View,Total installed non-renewable generation capacity (MW)
ARMOURIES DRIVE,0,0,0,0,0,0,0,0,0,0,0,0,0,0,0,0,0,0,0,0,0,0,0,0,0,0,0,0,0,NPgY,Primary,NPg Best View,Total installed non-renewable generation capacity (MW)
ARMTHORPE,0,0,0,0,0,0,0,0,0,0,0,0,0,0,0,0,0,0,0,0,0,0,0,0,0,0,0,0,0,NPgY,Primary,NPg Best View,Total installed non-renewable generation capacity (MW)
ARUNDEL STREET,0,0,0,0,0,0,0,0,0,0,0,0,0,0,0,0,0,0,0,0,0,0,0,0,0,0,0,0,0,NPgY,Primary,NPg Best View,Total installed non-renewable generation capacity (MW)
ASKERN,0.171,0.171,0.171,0.171,0.171,0.171,0.171,0.171,0.171,0.156,0.134,0.106,0.065,0,0,0,0,0,0,0,0,0,0,0,0,0,0,0,0,NPgY,Primary,NPg Best View,Total installed non-renewable generation capacity (MW)
AUDBY LANE,0,0,0,0,0,0,0,0,0,0,0,0,0,0,0,0,0,0,0,0,0,0,0,0,0,0,0,0,0,NPgY,Primary,NPg Best View,Total installed non-renewable generation capacity (MW)
AUSTERFIELD,0,0,0,0,0,0,0,0,0,0,0,0,0,0,0,0,0,0,0,0,0,0,0,0,0,0,0,0,0,NPgY,Primary,NPg Best View,Total installed non-renewable generation capacity (MW)
BAILIFF BRIDGE,0,0,0,0,0,0,0,0,0,0,0,0,0,0,0,0,0,0,0,0,0,0,0,0,0,0,0,0,0,NPgY,Primary,NPg Best View,Total installed non-renewable generation capacity (MW)
BALBY,0,0,0,0,0,0,0,0,0,0,0,0,0,0,0,0,0,0,0,0,0,0,0,0,0,0,0,0,0,NPgY,Primary,NPg Best View,Total installed non-renewable generation capacity (MW)
BALME STREET,0,0,0,0,0,0,0,0,0,0,0,0,0,0,0,0,0,0,0,0,0,0,0,0,0,0,0,0,0,NPgY,Primary,NPg Best View,Total installed non-renewable generation capacity (MW)
BARNBURGH,0,0,0,0,0,0,0,0,0,0,0,0,0,0,0,0,0,0,0,0,0,0,0,0,0,0,0,0,0,NPgY,Primary,NPg Best View,Total installed non-renewable generation capacity (MW)
BARNOLDSWICK,0,0,0,0,0,0,0,0,0,0,0,0,0,0,0,0,0,0,0,0,0,0,0,0,0,0,0,0,0,NPgY,Primary,NPg Best View,Total installed non-renewable generation capacity (MW)
BARNSLEY,0,0,0,0,0,0,0,0,0,0,0,0,0,0,0,0,0,0,0,0,0,0,0,0,0,0,0,0,0,NPgY,Primary,NPg Best View,Total installed non-renewable generation capacity (MW)
BARNSLEY ROAD,0,0,0,0,0,0,0,0,0,0,0,0,0,0,0,0,0,0,0,0,0,0,0,0,0,0,0,0,0,NPgY,Primary,NPg Best View,Total installed non-renewable generation capacity (MW)
BARROW,0,0,0,0,0,0,0,0,0,0,0,0,0,0,0,0,0,0,0,0,0,0,0,0,0,0,0,0,0,NPgY,Primary,NPg Best View,Total installed non-renewable generation capacity (MW)
BARUGH 66/11KV,0,0,0,0,0,0,0,0,0,0,0,0,0,0,0,0,0,0,0,0,0,0,0,0,0,0,0,0,0,NPgY,Primary,NPg Best View,Total installed non-renewable generation capacity (MW)
BARWICK,0,0,0,0,0,0,0,0,0,0,0,0,0,0,0,0,0,0,0,0,0,0,0,0,0,0,0,0,0,NPgY,Primary,NPg Best View,Total installed non-renewable generation capacity (MW)
BASLOW ROAD,0,0,0,0,0,0,0,0,0,0,0,0,0,0,0,0,0,0,0,0,0,0,0,0,0,0,0,0,0,NPgY,Primary,NPg Best View,Total installed non-renewable generation capacity (MW)
BATLEY,0,0,0,0,0,0,0,0,0,0,0,0,0,0,0,0,0,0,0,0,0,0,0,0,0,0,0,0,0,NPgY,Primary,NPg Best View,Total installed non-renewable generation capacity (MW)
BEAL,7.257,7.257,7.257,7.257,7.257,7.257,7.257,7.257,7.257,7.235,7.202,6.232,3.392,0,0,0,0,0,0,0,0,0,0,0,0,0,0,0,0,NPgY,Primary,NPg Best View,Total installed non-renewable generation capacity (MW)
BEESTON ROYDS 33/11KV,0,0,0,0,0,0,0,0,0,0,0,0,0,0,0,0,0,0,0,0,0,0,0,0,0,0,0,0,0,NPgY,Primary,NPg Best View,Total installed non-renewable generation capacity (MW)
BEESTON ROYDS 6/7,2.12,2.12,2.12,2.12,2.12,2.12,2.12,2.12,2.12,2.12,2.12,1.839,0.998,0,0,0,0,0,0,0,0,0,0,0,0,0,0,0,0,NPgY,Primary,NPg Best View,Total installed non-renewable generation capacity (MW)
BEIGHTON,8,8,8,8,8,8,8,8,8,8,8,6.939,3.766,0,0,0,0,0,0,0,0,0,0,0,0,0,0,0,0,NPgY,Primary,NPg Best View,Total installed non-renewable generation capacity (MW)
BELLHOUSE ROAD,0.105,0.105,0.105,0.105,0.105,0.105,0.105,0.105,0.105,0.096,0.082,0.065,0.04,0,0,0,0,0,0,0,0,0,0,0,0,0,0,0,0,NPgY,Primary,NPg Best View,Total installed non-renewable generation capacity (MW)
BELMONT AVENUE,0,0,0,0,0,0,0,0,0,0,0,0,0,0,0,0,0,0,0,0,0,0,0,0,0,0,0,0,0,NPgY,Primary,NPg Best View,Total installed non-renewable generation capacity (MW)
BELMONT COVERT,0,0,0,0,0,0,0,0,0,0,0,0,0,0,0,0,0,0,0,0,0,0,0,0,0,0,0,0,0,NPgY,Primary,NPg Best View,Total installed non-renewable generation capacity (MW)
BELTHORPE LANE,0,0,0,0,0,0,0,0,0,0,0,0,0,0,0,0,0,0,0,0,0,0,0,0,0,0,0,0,0,NPgY,Primary,NPg Best View,Total installed non-renewable generation capacity (MW)
BENTLEY,0,0,0,0,0,0,0,0,0,0,0,0,0,0,0,0,0,0,0,0,0,0,0,0,0,0,0,0,0,NPgY,Primary,NPg Best View,Total installed non-renewable generation capacity (MW)
BILLET LANE,0.76,0.76,0.76,0.76,0.76,0.76,0.76,0.76,0.76,0.76,0.76,0.659,0.358,0,0,0,0,0,0,0,0,0,0,0,0,0,0,0,0,NPgY,Primary,NPg Best View,Total installed non-renewable generation capacity (MW)
BINBROOK,0.247,0.247,0.247,0.247,0.247,0.247,0.247,0.247,0.247,0.226,0.194,0.154,0.094,0,0,0,0,0,0,0,0,0,0,0,0,0,0,0,0,NPgY,Primary,NPg Best View,Total installed non-renewable generation capacity (MW)
BINGLEY 33/11KV,0.475,0.475,0.475,0.475,0.475,0.475,0.475,0.475,0.475,0.475,0.475,0.412,0.224,0,0,0,0,0,0,0,0,0,0,0,0,0,0,0,0,NPgY,Primary,NPg Best View,Total installed non-renewable generation capacity (MW)
BIRKBY,0,0,0,0,0,0,0,0,0,0,0,0,0,0,0,0,0,0,0,0,0,0,0,0,0,0,0,0,0,NPgY,Primary,NPg Best View,Total installed non-renewable generation capacity (MW)
BLACKBURN MEADOWS 33/11KV,0,0,0,0,0,0,0,0,0,0,0,0,0,0,0,0,0,0,0,0,0,0,0,0,0,0,0,0,0,NPgY,Primary,NPg Best View,Total installed non-renewable generation capacity (MW)
BLUE BOY STREET,0,0,0,0,0,0,0,0,0,0,0,0,0,0,0,0,0,0,0,0,0,0,0,0,0,0,0,0,0,NPgY,Primary,NPg Best View,Total installed non-renewable generation capacity (MW)
BOC BRINSWORTH,0,0,0,0,0,0,0,0,0,0,0,0,0,0,0,0,0,0,0,0,0,0,0,0,0,0,0,0,0,NPgY,Primary,NPg Best View,Total installed non-renewable generation capacity (MW)
BOLTON ROAD,0,0,0,0,0,0,0,0,0,0,0,0,0,0,0,0,0,0,0,0,0,0,0,0,0,0,0,0,0,NPgY,Primary,NPg Best View,Total installed non-renewable generation capacity (MW)
BOTTESFORD,0,0,0,0,0,0,0,0,0,0,0,0,0,0,0,0,0,0,0,0,0,0,0,0,0,0,0,0,0,NPgY,Primary,NPg Best View,Total installed non-renewable generation capacity (MW)
BRAMHOPE,0,0,0,0,0,0,0,0,0,0,0,0,0,0,0,0,0,0,0,0,0,0,0,0,0,0,0,0,0,NPgY,Primary,NPg Best View,Total installed non-renewable generation capacity (MW)
BRAMLEY,0,0,0,0,0,0,0,0,0,0,0,0,0,0,0,0,0,0,0,0,0,0,0,0,0,0,0,0,0,NPgY,Primary,NPg Best View,Total installed non-renewable generation capacity (MW)
BRETT STREET,0,0,0,0,0,0,0,0,0,0,0,0,0,0,0,0,0,0,0,0,0,0,0,0,0,0,0,0,0,NPgY,Primary,NPg Best View,Total installed non-renewable generation capacity (MW)
BRIDGES ROAD,0,0,0,0,0,0,0,0,0,0,0,0,0,0,0,0,0,0,0,0,0,0,0,0,0,0,0,0,0,NPgY,Primary,NPg Best View,Total installed non-renewable generation capacity (MW)
BRIGHOUSE 33/11KV,0,0,0,0,0,0,0,0,0,0,0,0,0,0,0,0,0,0,0,0,0,0,0,0,0,0,0,0,0,NPgY,Primary,NPg Best View,Total installed non-renewable generation capacity (MW)
BRODSWORTH,0,0,0,0,0,0,0,0,0,0,0,0,0,0,0,0,0,0,0,0,0,0,0,0,0,0,0,0,0,NPgY,Primary,NPg Best View,Total installed non-renewable generation capacity (MW)
BROOKFIELD STREET,0.105,0.105,0.105,0.105,0.105,0.105,0.105,0.105,0.105,0.105,0.105,0.091,0.049,0,0,0,0,0,0,0,0,0,0,0,0,0,0,0,0,NPgY,Primary,NPg Best View,Total installed non-renewable generation capacity (MW)
BTP,8.4,8.4,8.4,8.4,8.4,8.4,8.4,8.4,8.4,7.679,6.592,5.228,3.181,0,0,0,0,0,0,0,0,0,0,0,0,0,0,0,0,NPgY,Primary,NPg Best View,Total installed non-renewable generation capacity (MW)
BURLEY STREET,0,0,0,0,0,0,0,0,0,0,0,0,0,0,0,0,0,0,0,0,0,0,0,0,0,0,0,0,0,NPgY,Primary,NPg Best View,Total installed non-renewable generation capacity (MW)
BURMANTOFTS,4.275,4.275,4.275,4.275,4.275,4.275,4.275,4.275,4.275,3.908,3.355,2.661,1.619,0,0,0,0,0,0,0,0,0,0,0,0,0,0,0,0,NPgY,Primary,NPg Best View,Total installed non-renewable generation capacity (MW)
BURNLEYVILLE,0,0,0,0,0,0,0,0,0,0,0,0,0,0,0,0,0,0,0,0,0,0,0,0,0,0,0,0,0,NPgY,Primary,NPg Best View,Total installed non-renewable generation capacity (MW)
BURTON PIDSEA,0,0,0,0,0,0,0,0,0,0,0,0,0,0,0,0,0,0,0,0,0,0,0,0,0,0,0,0,0,NPgY,Primary,NPg Best View,Total installed non-renewable generation capacity (MW)
BURTON ROAD,0,0,0,0,0,0,0,0,0,0,0,0,0,0,0,0,0,0,0,0,0,0,0,0,0,0,0,0,0,NPgY,Primary,NPg Best View,Total installed non-renewable generation capacity (MW)
BUSLINGTHORPE GREEN,0,0,0,0,0,0,0,0,0,0,0,0,0,0,0,0,0,0,0,0,0,0,0,0,0,0,0,0,0,NPgY,Primary,NPg Best View,Total installed non-renewable generation capacity (MW)
BUTTERWICK,0.38,0.38,0.38,0.38,0.38,0.38,0.38,0.38,0.38,0.38,0.38,0.33,0.179,0,0,0,0,0,0,0,0,0,0,0,0,0,0,0,0,NPgY,Primary,NPg Best View,Total installed non-renewable generation capacity (MW)
CAISTOR,0,0,0,0,0,0,0,0,0,0,0,0,0,0,0,0,0,0,0,0,0,0,0,0,0,0,0,0,0,NPgY,Primary,NPg Best View,Total installed non-renewable generation capacity (MW)
CALDER WHARF,0,0,0,0,0,0,0,0,0,0,0,0,0,0,0,0,0,0,0,0,0,0,0,0,0,0,0,0,0,NPgY,Primary,NPg Best View,Total installed non-renewable generation capacity (MW)
CARLTON HILL,2,2,2,2,2,2,2,2,2,1.828,1.57,1.245,0.757,0,0,0,0,0,0,0,0,0,0,0,0,0,0,0,0,NPgY,Primary,NPg Best View,Total installed non-renewable generation capacity (MW)
CARR LANE,0,0,0,0,0,0,0,0,0,0,0,0,0,0,0,0,0,0,0,0,0,0,0,0,0,0,0,0,0,NPgY,Primary,NPg Best View,Total installed non-renewable generation capacity (MW)
CHELKER RESERVOIR,0,0,0,0,0,0,0,0,0,0,0,0,0,0,0,0,0,0,0,0,0,0,0,0,0,0,0,0,0,NPgY,Primary,NPg Best View,Total installed non-renewable generation capacity (MW)
CHEVIN END,0,0,0,0,0,0,0,0,0,0,0,0,0,0,0,0,0,0,0,0,0,0,0,0,0,0,0,0,0,NPgY,Primary,NPg Best View,Total installed non-renewable generation capacity (MW)
CLARENCE ROAD,0,0,0,0,0,0,0,0,0,0,0,0,0,0,0,0,0,0,0,0,0,0,0,0,0,0,0,0,0,NPgY,Primary,NPg Best View,Total installed non-renewable generation capacity (MW)
CLARENDON ROAD,0,0,0,0,0,0,0,0,0,0,0,0,0,0,0,0,0,0,0,0,0,0,0,0,0,0,0,0,0,NPgY,Primary,NPg Best View,Total installed non-renewable generation capacity (MW)
CLARENDON STREET,1.45,1.45,1.45,1.45,1.45,1.45,1.45,1.45,1.45,1.326,1.138,0.902,0.549,0,0,0,0,0,0,0,0,0,0,0,0,0,0,0,0,NPgY,Primary,NPg Best View,Total installed non-renewable generation capacity (MW)
CLAYWHEELS LANE,0,0,0,0,0,0,0,0,0,0,0,0,0,0,0,0,0,0,0,0,0,0,0,0,0,0,0,0,0,NPgY,Primary,NPg Best View,Total installed non-renewable generation capacity (MW)
CLOUGH LANE,0,0,0,0,0,0,0,0,0,0,0,0,0,0,0,0,0,0,0,0,0,0,0,0,0,0,0,0,0,NPgY,Primary,NPg Best View,Total installed non-renewable generation capacity (MW)
COMMONSIDE LANE,0,0,0,0,0,0,0,0,0,0,0,0,0,0,0,0,0,0,0,0,0,0,0,0,0,0,0,0,0,NPgY,Primary,NPg Best View,Total installed non-renewable generation capacity (MW)
CONVAMORE ROAD,0,0,0,0,0,0,0,0,0,0,0,0,0,0,0,0,0,0,0,0,0,0,0,0,0,0,0,0,0,NPgY,Primary,NPg Best View,Total installed non-renewable generation capacity (MW)
CONYARD ROAD,0,0,0,0,0,0,0,0,0,0,0,0,0,0,0,0,0,0,0,0,0,0,0,0,0,0,0,0,0,NPgY,Primary,NPg Best View,Total installed non-renewable generation capacity (MW)
CORNWALL STREET,0,0,0,0,0,0,0,0,0,0,0,0,0,0,0,0,0,0,0,0,0,0,0,0,0,0,0,0,0,NPgY,Primary,NPg Best View,Total installed non-renewable generation capacity (MW)
CORRINGHAM ROAD,3.97,3.97,3.97,3.97,3.97,3.97,3.97,3.97,3.97,3.766,3.459,2.862,1.65,0,0,0,0,0,0,0,0,0,0,0,0,0,0,0,0,NPgY,Primary,NPg Best View,Total installed non-renewable generation capacity (MW)
COSTHORPE,0,0,0,0,0,0,0,0,0,0,0,0,0,0,0,0,0,0,0,0,0,0,0,0,0,0,0,0,0,NPgY,Primary,NPg Best View,Total installed non-renewable generation capacity (MW)
COUNTY ROAD NORTH,0,0,0,0,0,0,0,0,0,0,0,0,0,0,0,0,0,0,0,0,0,0,0,0,0,0,0,0,0,NPgY,Primary,NPg Best View,Total installed non-renewable generation capacity (MW)
CRACOE,0,0,0,0,0,0,0,0,0,0,0,0,0,0,0,0,0,0,0,0,0,0,0,0,0,0,0,0,0,NPgY,Primary,NPg Best View,Total installed non-renewable generation capacity (MW)
CROOKESMOOR ROAD,0,0,0,0,0,0,0,0,0,0,0,0,0,0,0,0,0,0,0,0,0,0,0,0,0,0,0,0,0,NPgY,Primary,NPg Best View,Total installed non-renewable generation capacity (MW)
CROSSHILLS,1.19,1.19,1.19,1.19,1.19,1.19,1.19,1.19,1.19,1.088,0.934,0.741,0.451,0,0,0,0,0,0,0,0,0,0,0,0,0,0,0,0,NPgY,Primary,NPg Best View,Total installed non-renewable generation capacity (MW)
CROWLE,0,0,0,0,0,0,0,0,0,0,0,0,0,0,0,0,0,0,0,0,0,0,0,0,0,0,0,0,0,NPgY,Primary,NPg Best View,Total installed non-renewable generation capacity (MW)
CROWN STREET,0,0,0,0,0,0,0,0,0,0,0,0,0,0,0,0,0,0,0,0,0,0,0,0,0,0,0,0,0,NPgY,Primary,NPg Best View,Total installed non-renewable generation capacity (MW)
DALTON,0,0,0,0,0,0,0,0,0,0,0,0,0,0,0,0,0,0,0,0,0,0,0,0,0,0,0,0,0,NPgY,Primary,NPg Best View,Total installed non-renewable generation capacity (MW)
DARNALL,0.366,0.366,0.366,0.366,0.366,0.366,0.366,0.366,0.366,0.335,0.287,0.228,0.139,0,0,0,0,0,0,0,0,0,0,0,0,0,0,0,0,NPgY,Primary,NPg Best View,Total installed non-renewable generation capacity (MW)
DEARNE ROAD,0,0,0,0,0,0,0,0,0,0,0,0,0,0,0,0,0,0,0,0,0,0,0,0,0,0,0,0,0,NPgY,Primary,NPg Best View,Total installed non-renewable generation capacity (MW)
DEIGHTON,0,0,0,0,0,0,0,0,0,0,0,0,0,0,0,0,0,0,0,0,0,0,0,0,0,0,0,0,0,NPgY,Primary,NPg Best View,Total installed non-renewable generation capacity (MW)
DENBY DALE ROAD,0,0,0,0,0,0,0,0,0,0,0,0,0,0,0,0,0,0,0,0,0,0,0,0,0,0,0,0,0,NPgY,Primary,NPg Best View,Total installed non-renewable generation capacity (MW)
DENBY GRANGE,0,0,0,0,0,0,0,0,0,0,0,0,0,0,0,0,0,0,0,0,0,0,0,0,0,0,0,0,0,NPgY,Primary,NPg Best View,Total installed non-renewable generation capacity (MW)
DENHOLME,0,0,0,0,0,0,0,0,0,0,0,0,0,0,0,0,0,0,0,0,0,0,0,0,0,0,0,0,0,NPgY,Primary,NPg Best View,Total installed non-renewable generation capacity (MW)
DINNINGTON,8,8,8,8,8,8,8,8,8,8,8,6.939,3.766,0,0,0,0,0,0,0,0,0,0,0,0,0,0,0,0,NPgY,Primary,NPg Best View,Total installed non-renewable generation capacity (MW)
DOUGHTY ROAD,0,0,0,0,0,0,0,0,0,0,0,0,0,0,0,0,0,0,0,0,0,0,0,0,0,0,0,0,0,NPgY,Primary,NPg Best View,Total installed non-renewable generation capacity (MW)
DOWKER STREET,0,0,0,0,0,0,0,0,0,0,0,0,0,0,0,0,0,0,0,0,0,0,0,0,0,0,0,0,0,NPgY,Primary,NPg Best View,Total installed non-renewable generation capacity (MW)
DRAX PRIMARY,10.08,10.08,10.08,10.08,10.08,10.08,10.08,10.08,10.08,9.215,7.911,6.273,3.817,0,0,0,0,0,0,0,0,0,0,0,0,0,0,0,0,NPgY,Primary,NPg Best View,Total installed non-renewable generation capacity (MW)
DRIFFIELD,0.25,0.25,0.25,0.25,0.25,0.25,0.25,0.25,0.25,0.25,0.25,0.217,0.118,0,0,0,0,0,0,0,0,0,0,0,0,0,0,0,0,NPgY,Primary,NPg Best View,Total installed non-renewable generation capacity (MW)
DRONFIELD,0,0,0,0,0,0,0,0,0,0,0,0,0,0,0,0,0,0,0,0,0,0,0,0,0,0,0,0,0,NPgY,Primary,NPg Best View,Total installed non-renewable generation capacity (MW)
DUDLEY HILL,0,0,0,0,0,0,0,0,0,0,0,0,0,0,0,0,0,0,0,0,0,0,0,0,0,0,0,0,0,NPgY,Primary,NPg Best View,Total installed non-renewable generation capacity (MW)
DUNKESWICK,0,0,0,0,0,0,0,0,0,0,0,0,0,0,0,0,0,0,0,0,0,0,0,0,0,0,0,0,0,NPgY,Primary,NPg Best View,Total installed non-renewable generation capacity (MW)
DURKAR LOW LANE,0,0,0,0,0,0,0,0,0,0,0,0,0,0,0,0,0,0,0,0,0,0,0,0,0,0,0,0,0,NPgY,Primary,NPg Best View,Total installed non-renewable generation capacity (MW)
EASINGTON,0,0,0,0,0,0,0,0,0,0,0,0,0,0,0,0,0,0,0,0,0,0,0,0,0,0,0,0,0,NPgY,Primary,NPg Best View,Total installed non-renewable generation capacity (MW)
EASTFIELD ROAD,0,0,0,0,0,0,0,0,0,0,0,0,0,0,0,0,0,0,0,0,0,0,0,0,0,0,0,0,0,NPgY,Primary,NPg Best View,Total installed non-renewable generation capacity (MW)
ECCLESFIELD,7.92,7.92,7.92,7.92,7.92,7.92,7.92,7.92,7.92,7.92,7.92,6.87,3.728,0,0,0,0,0,0,0,0,0,0,0,0,0,0,0,0,NPgY,Primary,NPg Best View,Total installed non-renewable generation capacity (MW)
EDLINGTON,5.7,5.7,5.7,5.7,5.7,5.7,5.7,5.7,5.7,5.7,5.7,5.7,5.7,5.542,5.334,5.05,4.689,4.438,4.216,3.912,3.496,3.063,2.587,2.198,1.458,0.63,0,0,0,NPgY,Primary,NPg Best View,Total installed non-renewable generation capacity (MW)
EGGBOROUGH,0,0,0,0,0,0,0,0,0,0,0,0,0,0,0,0,0,0,0,0,0,0,0,0,0,0,0,0,0,NPgY,Primary,NPg Best View,Total installed non-renewable generation capacity (MW)
ELGAR ROAD,0,0,0,0,0,0,0,0,0,0,0,0,0,0,0,0,0,0,0,0,0,0,0,0,0,0,0,0,0,NPgY,Primary,NPg Best View,Total installed non-renewable generation capacity (MW)
ELLAND 33/11KV,0,0,0,0,0,0,0,0,0,0,0,0,0,0,0,0,0,0,0,0,0,0,0,0,0,0,0,0,0,NPgY,Primary,NPg Best View,Total installed non-renewable generation capacity (MW)
ELLIFOOT LANE,0,0,0,0,0,0,0,0,0,0,0,0,0,0,0,0,0,0,0,0,0,0,0,0,0,0,0,0,0,NPgY,Primary,NPg Best View,Total installed non-renewable generation capacity (MW)
ELLIN STREET 1/3,0,0,0,0,0,0,0,0,0,0,0,0,0,0,0,0,0,0,0,0,0,0,0,0,0,0,0,0,0,NPgY,Primary,NPg Best View,Total installed non-renewable generation capacity (MW)
ELLIN STREET 2,0,0,0,0,0,0,0,0,0,0,0,0,0,0,0,0,0,0,0,0,0,0,0,0,0,0,0,0,0,NPgY,Primary,NPg Best View,Total installed non-renewable generation capacity (MW)
ELMHIRST LANE 1,0,0,0,0,0,0,0,0,0,0,0,0,0,0,0,0,0,0,0,0,0,0,0,0,0,0,0,0,0,NPgY,Primary,NPg Best View,Total installed non-renewable generation capacity (MW)
ELMHIRST LANE 2,0,0,0,0,0,0,0,0,0,0,0,0,0,0,0,0,0,0,0,0,0,0,0,0,0,0,0,0,0,NPgY,Primary,NPg Best View,Total installed non-renewable generation capacity (MW)
ELSECAR,0,0,0,0,0,0,0,0,0,0,0,0,0,0,0,0,0,0,0,0,0,0,0,0,0,0,0,0,0,NPgY,Primary,NPg Best View,Total installed non-renewable generation capacity (MW)
ENDIKE LANE,6.5,6.5,6.5,6.5,6.5,6.5,6.5,6.5,6.5,6.5,6.5,5.638,3.06,0,0,0,0,0,0,0,0,0,0,0,0,0,0,0,0,NPgY,Primary,NPg Best View,Total installed non-renewable generation capacity (MW)
EPWORTH,0,0,0,0,0,0,0,0,0,0,0,0,0,0,0,0,0,0,0,0,0,0,0,0,0,0,0,0,0,NPgY,Primary,NPg Best View,Total installed non-renewable generation capacity (MW)
FARNLEY CRESCENT,0,0,0,0,0,0,0,0,0,0,0,0,0,0,0,0,0,0,0,0,0,0,0,0,0,0,0,0,0,NPgY,Primary,NPg Best View,Total installed non-renewable generation capacity (MW)
FENTON LANE,6.4,6.4,6.4,6.4,6.4,6.4,6.4,6.4,6.4,6.4,6.4,5.551,3.013,0,0,0,0,0,0,0,0,0,0,0,0,0,0,0,0,NPgY,Primary,NPg Best View,Total installed non-renewable generation capacity (MW)
FERRYBRIDGE A 11KV,0,0,0,0,0,0,0,0,0,0,0,0,0,0,0,0,0,0,0,0,0,0,0,0,0,0,0,0,0,NPgY,Primary,NPg Best View,Total installed non-renewable generation capacity (MW)
FIR TREE LANE,0,0,0,0,0,0,0,0,0,0,0,0,0,0,0,0,0,0,0,0,0,0,0,0,0,0,0,0,0,NPgY,Primary,NPg Best View,Total installed non-renewable generation capacity (MW)
FIRST AVENUE,0,0,0,0,0,0,0,0,0,0,0,0,0,0,0,0,0,0,0,0,0,0,0,0,0,0,0,0,0,NPgY,Primary,NPg Best View,Total installed non-renewable generation capacity (MW)
FIRTH BROWN,0,0,0,0,0,0,0,0,0,0,0,0,0,0,0,0,0,0,0,0,0,0,0,0,0,0,0,0,0,NPgY,Primary,NPg Best View,Total installed non-renewable generation capacity (MW)
FISH DAM LANE,0,0,0,0,0,0,0,0,0,0,0,0,0,0,0,0,0,0,0,0,0,0,0,0,0,0,0,0,0,NPgY,Primary,NPg Best View,Total installed non-renewable generation capacity (MW)
FLIXBOROUGH,0,0,0,0,0,0,0,0,0,0,0,0,0,0,0,0,0,0,0,0,0,0,0,0,0,0,0,0,0,NPgY,Primary,NPg Best View,Total installed non-renewable generation capacity (MW)
FOLLY HALL,0,0,0,0,0,0,0,0,0,0,0,0,0,0,0,0,0,0,0,0,0,0,0,0,0,0,0,0,0,NPgY,Primary,NPg Best View,Total installed non-renewable generation capacity (MW)
FOUR LANE ENDS,0,0,0,0,0,0,0,0,0,0,0,0,0,0,0,0,0,0,0,0,0,0,0,0,0,0,0,0,0,NPgY,Primary,NPg Best View,Total installed non-renewable generation capacity (MW)
FOXHILLS,0,0,0,0,0,0,0,0,0,0,0,0,0,0,0,0,0,0,0,0,0,0,0,0,0,0,0,0,0,NPgY,Primary,NPg Best View,Total installed non-renewable generation capacity (MW)
FULLERTON ROAD,0,0,0,0,0,0,0,0,0,0,0,0,0,0,0,0,0,0,0,0,0,0,0,0,0,0,0,0,0,NPgY,Primary,NPg Best View,Total installed non-renewable generation capacity (MW)
FURNESS AVENUE,0,0,0,0,0,0,0,0,0,0,0,0,0,0,0,0,0,0,0,0,0,0,0,0,0,0,0,0,0,NPgY,Primary,NPg Best View,Total installed non-renewable generation capacity (MW)
GAISBY LANE,0,0,0,0,0,0,0,0,0,0,0,0,0,0,0,0,0,0,0,0,0,0,0,0,0,0,0,0,0,NPgY,Primary,NPg Best View,Total installed non-renewable generation capacity (MW)
GIBRALTAR ROAD,0,0,0,0,0,0,0,0,0,0,0,0,0,0,0,0,0,0,0,0,0,0,0,0,0,0,0,0,0,NPgY,Primary,NPg Best View,Total installed non-renewable generation capacity (MW)
GIBSON LANE,0,0,0,0,0,0,0,0,0,0,0,0,0,0,0,0,0,0,0,0,0,0,0,0,0,0,0,0,0,NPgY,Primary,NPg Best View,Total installed non-renewable generation capacity (MW)
GILDERSOME,0,0,0,0,0,0,0,0,0,0,0,0,0,0,0,0,0,0,0,0,0,0,0,0,0,0,0,0,0,NPgY,Primary,NPg Best View,Total installed non-renewable generation capacity (MW)
GLEADLESS VALLEY,0.1,0.1,0.1,0.1,0.1,0.1,0.1,0.1,0.1,0.091,0.078,0.062,0.038,0,0,0,0,0,0,0,0,0,0,0,0,0,0,0,0,NPgY,Primary,NPg Best View,Total installed non-renewable generation capacity (MW)
GOOLE,0,0,0,0,0,0,0,0,0,0,0,0,0,0,0,0,0,0,0,0,0,0,0,0,0,0,0,0,0,NPgY,Primary,NPg Best View,Total installed non-renewable generation capacity (MW)
GRAINTHORPE,0,0,0,0,0,0,0,0,0,0,0,0,0,0,0,0,0,0,0,0,0,0,0,0,0,0,0,0,0,NPgY,Primary,NPg Best View,Total installed non-renewable generation capacity (MW)
GREAT COATES,7.98,7.98,7.98,7.98,7.98,7.98,7.98,7.98,7.98,7.295,6.263,4.966,3.022,0,0,0,0,0,0,0,0,0,0,0,0,0,0,0,0,NPgY,Primary,NPg Best View,Total installed non-renewable generation capacity (MW)
GREENHILL,0,0,0,0,0,0,0,0,0,0,0,0,0,0,0,0,0,0,0,0,0,0,0,0,0,0,0,0,0,NPgY,Primary,NPg Best View,Total installed non-renewable generation capacity (MW)
GREYFRIARS RD,0,0,0,0,0,0,0,0,0,0,0,0,0,0,0,0,0,0,0,0,0,0,0,0,0,0,0,0,0,NPgY,Primary,NPg Best View,Total installed non-renewable generation capacity (MW)
GREYFRIARS ROAD 3/4,0,0,0,0,0,0,0,0,0,0,0,0,0,0,0,0,0,0,0,0,0,0,0,0,0,0,0,0,0,NPgY,Primary,NPg Best View,Total installed non-renewable generation capacity (MW)
GRIMETHORPE,5.499,5.499,5.499,5.499,5.499,5.499,5.499,5.499,5.499,5.499,5.499,4.77,2.588,0,0,0,0,0,0,0,0,0,0,0,0,0,0,0,0,NPgY,Primary,NPg Best View,Total installed non-renewable generation capacity (MW)
GROVE STREET,0,0,0,0,0,0,0,0,0,0,0,0,0,0,0,0,0,0,0,0,0,0,0,0,0,0,0,0,0,NPgY,Primary,NPg Best View,Total installed non-renewable generation capacity (MW)
GUARDIAN GLASS,0,0,0,0,0,0,0,0,0,0,0,0,0,0,0,0,0,0,0,0,0,0,0,0,0,0,0,0,0,NPgY,Primary,NPg Best View,Total installed non-renewable generation capacity (MW)
HACKENTHORPE,0,0,0,0,0,0,0,0,0,0,0,0,0,0,0,0,0,0,0,0,0,0,0,0,0,0,0,0,0,NPgY,Primary,NPg Best View,Total installed non-renewable generation capacity (MW)
HALIFAX 33/11KV,0,0,0,0,0,0,0,0,0,0,0,0,0,0,0,0,0,0,0,0,0,0,0,0,0,0,0,0,0,NPgY,Primary,NPg Best View,Total installed non-renewable generation capacity (MW)
HALLAM STREET,4.56,4.56,4.56,4.56,4.56,4.56,4.56,4.56,4.56,4.169,3.579,2.838,1.727,0,0,0,0,0,0,0,0,0,0,0,0,0,0,0,0,NPgY,Primary,NPg Best View,Total installed non-renewable generation capacity (MW)
HARDEN,0.19,0.19,0.19,0.19,0.19,0.19,0.19,0.19,0.19,0.174,0.149,0.118,0.072,0,0,0,0,0,0,0,0,0,0,0,0,0,0,0,0,NPgY,Primary,NPg Best View,Total installed non-renewable generation capacity (MW)
HARPSWELL,0,0,0,0,0,0,0,0,0,0,0,0,0,0,0,0,0,0,0,0,0,0,0,0,0,0,0,0,0,NPgY,Primary,NPg Best View,Total installed non-renewable generation capacity (MW)
HARWORTH,0,0,0,0,0,0,0,0,0,0,0,0,0,0,0,0,0,0,0,0,0,0,0,0,0,0,0,0,0,NPgY,Primary,NPg Best View,Total installed non-renewable generation capacity (MW)
HAWORTH 1,0,0,0,0,0,0,0,0,0,0,0,0,0,0,0,0,0,0,0,0,0,0,0,0,0,0,0,0,0,NPgY,Primary,NPg Best View,Total installed non-renewable generation capacity (MW)
HAWORTH 2,0,0,0,0,0,0,0,0,0,0,0,0,0,0,0,0,0,0,0,0,0,0,0,0,0,0,0,0,0,NPgY,Primary,NPg Best View,Total installed non-renewable generation capacity (MW)
HAXEY,0,0,0,0,0,0,0,0,0,0,0,0,0,0,0,0,0,0,0,0,0,0,0,0,0,0,0,0,0,NPgY,Primary,NPg Best View,Total installed non-renewable generation capacity (MW)
HAYTON,0.5,0.5,0.5,0.5,0.5,0.5,0.5,0.5,0.5,0.5,0.5,0.434,0.235,0,0,0,0,0,0,0,0,0,0,0,0,0,0,0,0,NPgY,Primary,NPg Best View,Total installed non-renewable generation capacity (MW)
HAZLEHEAD,0,0,0,0,0,0,0,0,0,0,0,0,0,0,0,0,0,0,0,0,0,0,0,0,0,0,0,0,0,NPgY,Primary,NPg Best View,Total installed non-renewable generation capacity (MW)
HEBDEN BRIDGE,0,0,0,0,0,0,0,0,0,0,0,0,0,0,0,0,0,0,0,0,0,0,0,0,0,0,0,0,0,NPgY,Primary,NPg Best View,Total installed non-renewable generation capacity (MW)
HEDLEY CHASE,0,0,0,0,0,0,0,0,0,0,0,0,0,0,0,0,0,0,0,0,0,0,0,0,0,0,0,0,0,NPgY,Primary,NPg Best View,Total installed non-renewable generation capacity (MW)
HEDON ROAD,2,2,2,2,2,2,2,2,2,1.828,1.57,1.245,0.757,0,0,0,0,0,0,0,0,0,0,0,0,0,0,0,0,NPgY,Primary,NPg Best View,Total installed non-renewable generation capacity (MW)
HEMSWORTH,0.998,0.998,0.998,0.998,0.998,0.998,0.998,0.998,0.998,0.912,0.783,0.621,0.378,0,0,0,0,0,0,0,0,0,0,0,0,0,0,0,0,NPgY,Primary,NPg Best View,Total installed non-renewable generation capacity (MW)
HESSLE ROAD 1,0,0,0,0,0,0,0,0,0,0,0,0,0,0,0,0,0,0,0,0,0,0,0,0,0,0,0,0,0,NPgY,Primary,NPg Best View,Total installed non-renewable generation capacity (MW)
HESSLE ROAD 2,0,0,0,0,0,0,0,0,0,0,0,0,0,0,0,0,0,0,0,0,0,0,0,0,0,0,0,0,0,NPgY,Primary,NPg Best View,Total installed non-renewable generation capacity (MW)
HIBALDSTOW,0,0,0,0,0,0,0,0,0,0,0,0,0,0,0,0,0,0,0,0,0,0,0,0,0,0,0,0,0,NPgY,Primary,NPg Best View,Total installed non-renewable generation capacity (MW)
HICKLETON,0,0,0,0,0,0,0,0,0,0,0,0,0,0,0,0,0,0,0,0,0,0,0,0,0,0,0,0,0,NPgY,Primary,NPg Best View,Total installed non-renewable generation capacity (MW)
HILLCREST,0.34,0.34,0.34,0.34,0.34,0.34,0.34,0.34,0.34,0.311,0.267,0.212,0.129,0,0,0,0,0,0,0,0,0,0,0,0,0,0,0,0,NPgY,Primary,NPg Best View,Total installed non-renewable generation capacity (MW)
HOLBECK,0,0,0,0,0,0,0,0,0,0,0,0,0,0,0,0,0,0,0,0,0,0,0,0,0,0,0,0,0,NPgY,Primary,NPg Best View,Total installed non-renewable generation capacity (MW)
HOLDERNESS,0,0,0,0,0,0,0,0,0,0,0,0,0,0,0,0,0,0,0,0,0,0,0,0,0,0,0,0,0,NPgY,Primary,NPg Best View,Total installed non-renewable generation capacity (MW)
HOLME UPON SPALDING MOOR,0,0,0,0,0,0,0,0,0,0,0,0,0,0,0,0,0,0,0,0,0,0,0,0,0,0,0,0,0,NPgY,Primary,NPg Best View,Total installed non-renewable generation capacity (MW)
HONLEY,0,0,0,0,0,0,0,0,0,0,0,0,0,0,0,0,0,0,0,0,0,0,0,0,0,0,0,0,0,NPgY,Primary,NPg Best View,Total installed non-renewable generation capacity (MW)
HOPE,0,0,0,0,0,0,0,0,0,0,0,0,0,0,0,0,0,0,0,0,0,0,0,0,0,0,0,0,0,NPgY,Primary,NPg Best View,Total installed non-renewable generation capacity (MW)
HORBURY,0,0,0,0,0,0,0,0,0,0,0,0,0,0,0,0,0,0,0,0,0,0,0,0,0,0,0,0,0,NPgY,Primary,NPg Best View,Total installed non-renewable generation capacity (MW)
HOUGHTON MAIN,0,0,0,0,0,0,0,0,0,0,0,0,0,0,0,0,0,0,0,0,0,0,0,0,0,0,0,0,0,NPgY,Primary,NPg Best View,Total installed non-renewable generation capacity (MW)
HULL EAST 33/11KV,0,0,0,0,0,0,0,0,0,0,0,0,0,0,0,0,0,0,0,0,0,0,0,0,0,0,0,0,0,NPgY,Primary,NPg Best View,Total installed non-renewable generation capacity (MW)
HUMBER ROAD,0,0,0,0,0,0,0,0,0,0,0,0,0,0,0,0,0,0,0,0,0,0,0,0,0,0,0,0,0,NPgY,Primary,NPg Best View,Total installed non-renewable generation capacity (MW)
HUNMANBY,0,0,0,0,0,0,0,0,0,0,0,0,0,0,0,0,0,0,0,0,0,0,0,0,0,0,0,0,0,NPgY,Primary,NPg Best View,Total installed non-renewable generation capacity (MW)
ICI FIBRES,5.4,5.4,5.4,5.4,5.4,5.4,5.4,5.4,5.4,5.4,5.4,4.684,2.542,0,0,0,0,0,0,0,0,0,0,0,0,0,0,0,0,NPgY,Primary,NPg Best View,Total installed non-renewable generation capacity (MW)
IDLE,0,0,0,0,0,0,0,0,0,0,0,0,0,0,0,0,0,0,0,0,0,0,0,0,0,0,0,0,0,NPgY,Primary,NPg Best View,Total installed non-renewable generation capacity (MW)
ILKLEY,0,0,0,0,0,0,0,0,0,0,0,0,0,0,0,0,0,0,0,0,0,0,0,0,0,0,0,0,0,NPgY,Primary,NPg Best View,Total installed non-renewable generation capacity (MW)
INGS LANE,0,0,0,0,0,0,0,0,0,0,0,0,0,0,0,0,0,0,0,0,0,0,0,0,0,0,0,0,0,NPgY,Primary,NPg Best View,Total installed non-renewable generation capacity (MW)
IVESON HOUSE,0.063,0.063,0.063,0.063,0.063,0.063,0.063,0.063,0.063,0.058,0.049,0.039,0.024,0,0,0,0,0,0,0,0,0,0,0,0,0,0,0,0,NPgY,Primary,NPg Best View,Total installed non-renewable generation capacity (MW)
JARRATT STREET,0,0,0,0,0,0,0,0,0,0,0,0,0,0,0,0,0,0,0,0,0,0,0,0,0,0,0,0,0,NPgY,Primary,NPg Best View,Total installed non-renewable generation capacity (MW)
KEDDINGTON ROAD,0,0,0,0,0,0,0,0,0,0,0,0,0,0,0,0,0,0,0,0,0,0,0,0,0,0,0,0,0,NPgY,Primary,NPg Best View,Total installed non-renewable generation capacity (MW)
KEIGHLEY,0,0,0,0,0,0,0,0,0,0,0,0,0,0,0,0,0,0,0,0,0,0,0,0,0,0,0,0,0,NPgY,Primary,NPg Best View,Total installed non-renewable generation capacity (MW)
KENMORE ROAD,0,0,0,0,0,0,0,0,0,0,0,0,0,0,0,0,0,0,0,0,0,0,0,0,0,0,0,0,0,NPgY,Primary,NPg Best View,Total installed non-renewable generation capacity (MW)
KILLINGHALL ROAD,0,0,0,0,0,0,0,0,0,0,0,0,0,0,0,0,0,0,0,0,0,0,0,0,0,0,0,0,0,NPgY,Primary,NPg Best View,Total installed non-renewable generation capacity (MW)
KILNHURST,0,0,0,0,0,0,0,0,0,0,0,0,0,0,0,0,0,0,0,0,0,0,0,0,0,0,0,0,0,NPgY,Primary,NPg Best View,Total installed non-renewable generation capacity (MW)
KING GEORGE DOCK,0,0,0,0,0,0,0,0,0,0,0,0,0,0,0,0,0,0,0,0,0,0,0,0,0,0,0,0,0,NPgY,Primary,NPg Best View,Total installed non-renewable generation capacity (MW)
KIRK DRIVE,2.058,2.058,2.058,2.058,2.058,2.058,2.058,2.058,2.058,1.881,1.615,1.281,0.779,0,0,0,0,0,0,0,0,0,0,0,0,0,0,0,0,NPgY,Primary,NPg Best View,Total installed non-renewable generation capacity (MW)
KIRK SANDALL,0,0,0,0,0,0,0,0,0,0,0,0,0,0,0,0,0,0,0,0,0,0,0,0,0,0,0,0,0,NPgY,Primary,NPg Best View,Total installed non-renewable generation capacity (MW)
KIRKBURN,0,0,0,0,0,0,0,0,0,0,0,0,0,0,0,0,0,0,0,0,0,0,0,0,0,0,0,0,0,NPgY,Primary,NPg Best View,Total installed non-renewable generation capacity (MW)
KIVETON PARK,0,0,0,0,0,0,0,0,0,0,0,0,0,0,0,0,0,0,0,0,0,0,0,0,0,0,0,0,0,NPgY,Primary,NPg Best View,Total installed non-renewable generation capacity (MW)
WETHERBY,0,0,0,0,0,0,0,0,0,0,0,0,0,0,0,0,0,0,0,0,0,0,0,0,0,0,0,0,0,NPgY,Primary,NPg Best View,Total installed non-renewable generation capacity (MW)
LEA ROAD,0,0,0,0,0,0,0,0,0,0,0,0,0,0,0,0,0,0,0,0,0,0,0,0,0,0,0,0,0,NPgY,Primary,NPg Best View,Total installed non-renewable generation capacity (MW)
LEASOWE ROAD,0,0,0,0,0,0,0,0,0,0,0,0,0,0,0,0,0,0,0,0,0,0,0,0,0,0,0,0,0,NPgY,Primary,NPg Best View,Total installed non-renewable generation capacity (MW)
LEDSTON,0,0,0,0,0,0,0,0,0,0,0,0,0,0,0,0,0,0,0,0,0,0,0,0,0,0,0,0,0,NPgY,Primary,NPg Best View,Total installed non-renewable generation capacity (MW)
LEEDS ROAD,0,0,0,0,0,0,0,0,0,0,0,0,0,0,0,0,0,0,0,0,0,0,0,0,0,0,0,0,0,NPgY,Primary,NPg Best View,Total installed non-renewable generation capacity (MW)
LEGRAMS MILL LANE,0,0,0,0,0,0,0,0,0,0,0,0,0,0,0,0,0,0,0,0,0,0,0,0,0,0,0,0,0,NPgY,Primary,NPg Best View,Total installed non-renewable generation capacity (MW)
LEYLANDS ROAD,0,0,0,0,0,0,0,0,0,0,0,0,0,0,0,0,0,0,0,0,0,0,0,0,0,0,0,0,0,NPgY,Primary,NPg Best View,Total installed non-renewable generation capacity (MW)
LIVERSEDGE,0,0,0,0,0,0,0,0,0,0,0,0,0,0,0,0,0,0,0,0,0,0,0,0,0,0,0,0,0,NPgY,Primary,NPg Best View,Total installed non-renewable generation capacity (MW)
LOUTH,0,0,0,0,0,0,0,0,0,0,0,0,0,0,0,0,0,0,0,0,0,0,0,0,0,0,0,0,0,NPgY,Primary,NPg Best View,Total installed non-renewable generation capacity (MW)
LOW MOOR,9.5,9.5,9.5,9.5,9.5,9.5,9.5,9.5,9.5,8.685,7.456,5.912,3.597,0,0,0,0,0,0,0,0,0,0,0,0,0,0,0,0,NPgY,Primary,NPg Best View,Total installed non-renewable generation capacity (MW)
LOWFIELDS,0,0,0,0,0,0,0,0,0,0,0,0,0,0,0,0,0,0,0,0,0,0,0,0,0,0,0,0,0,NPgY,Primary,NPg Best View,Total installed non-renewable generation capacity (MW)
LOXLEY ROAD,0,0,0,0,0,0,0,0,0,0,0,0,0,0,0,0,0,0,0,0,0,0,0,0,0,0,0,0,0,NPgY,Primary,NPg Best View,Total installed non-renewable generation capacity (MW)
MANCHESTER ROAD,0,0,0,0,0,0,0,0,0,0,0,0,0,0,0,0,0,0,0,0,0,0,0,0,0,0,0,0,0,NPgY,Primary,NPg Best View,Total installed non-renewable generation capacity (MW)
MANSFIELD ROAD 1,0,0,0,0,0,0,0,0,0,0,0,0,0,0,0,0,0,0,0,0,0,0,0,0,0,0,0,0,0,NPgY,Primary,NPg Best View,Total installed non-renewable generation capacity (MW)
MANSFIELD ROAD 2,0,0,0,0,0,0,0,0,0,0,0,0,0,0,0,0,0,0,0,0,0,0,0,0,0,0,0,0,0,NPgY,Primary,NPg Best View,Total installed non-renewable generation capacity (MW)
MARKHAM GATES,0,0,0,0,0,0,0,0,0,0,0,0,0,0,0,0,0,0,0,0,0,0,0,0,0,0,0,0,0,NPgY,Primary,NPg Best View,Total installed non-renewable generation capacity (MW)
MARMION ROAD,0,0,0,0,0,0,0,0,0,0,0,0,0,0,0,0,0,0,0,0,0,0,0,0,0,0,0,0,0,NPgY,Primary,NPg Best View,Total installed non-renewable generation capacity (MW)
MARSDEN ROAD,0,4,4,4,4,4,4,4,4,4,4,3.469,1.883,0,0,0,0,0,0,0,0,0,0,0,0,0,0,0,0,NPgY,Primary,NPg Best View,Total installed non-renewable generation capacity (MW)
MARTONGATE,0,0,0,0,0,0,0,0,0,0,0,0,0,0,0,0,0,0,0,0,0,0,0,0,0,0,0,0,0,NPgY,Primary,NPg Best View,Total installed non-renewable generation capacity (MW)
MELTHAM,0,0,0,0,0,0,0,0,0,0,0,0,0,0,0,0,0,0,0,0,0,0,0,0,0,0,0,0,0,NPgY,Primary,NPg Best View,Total installed non-renewable generation capacity (MW)
MEXBOROUGH 1_2,0,0,0,0,0,0,0,0,0,0,0,0,0,0,0,0,0,0,0,0,0,0,0,0,0,0,0,0,0,NPgY,Primary,NPg Best View,Total installed non-renewable generation capacity (MW)
MIDDLETON TOWN STREET,1,1,1,1,1,1,1,1,1,1,1,0.867,0.471,0,0,0,0,0,0,0,0,0,0,0,0,0,0,0,0,NPgY,Primary,NPg Best View,Total installed non-renewable generation capacity (MW)
MILLHOUSES,0,0,0,0,0,0,0,0,0,0,0,0,0,0,0,0,0,0,0,0,0,0,0,0,0,0,0,0,0,NPgY,Primary,NPg Best View,Total installed non-renewable generation capacity (MW)
MILLROYD STREET,0,0,0,0,0,0,0,0,0,0,0,0,0,0,0,0,0,0,0,0,0,0,0,0,0,0,0,0,0,NPgY,Primary,NPg Best View,Total installed non-renewable generation capacity (MW)
MILTON PLACE,1.726,1.726,1.726,1.726,1.726,1.726,1.726,1.726,1.726,1.726,1.726,1.497,0.812,0,0,0,0,0,0,0,0,0,0,0,0,0,0,0,0,NPgY,Primary,NPg Best View,Total installed non-renewable generation capacity (MW)
MIRFIELD,1.5,1.5,1.5,1.5,1.5,1.5,1.5,1.5,1.5,1.371,1.177,0.934,0.568,0,0,0,0,0,0,0,0,0,0,0,0,0,0,0,0,NPgY,Primary,NPg Best View,Total installed non-renewable generation capacity (MW)
MONCKTON,9.5,9.5,9.5,9.5,9.5,9.5,9.5,9.5,9.5,8.685,7.456,5.912,3.597,0,0,0,0,0,0,0,0,0,0,0,0,0,0,0,0,NPgY,Primary,NPg Best View,Total installed non-renewable generation capacity (MW)
MOOR ROAD,0.24,0.24,0.24,0.24,0.24,0.24,0.24,0.24,0.24,0.24,0.24,0.208,0.113,0,0,0,0,0,0,0,0,0,0,0,0,0,0,0,0,NPgY,Primary,NPg Best View,Total installed non-renewable generation capacity (MW)
MOORSIDE ROAD,0,0,0,0,0,0,0,0,0,0,0,0,0,0,0,0,0,0,0,0,0,0,0,0,0,0,0,0,0,NPgY,Primary,NPg Best View,Total installed non-renewable generation capacity (MW)
MORLEY,1.48,1.48,1.48,1.48,1.48,1.48,1.48,1.48,1.48,1.48,1.48,1.284,0.697,0,0,0,0,0,0,0,0,0,0,0,0,0,0,0,0,NPgY,Primary,NPg Best View,Total installed non-renewable generation capacity (MW)
MOUNT STREET,0,0,0,0,0,0,0,0,0,0,0,0,0,0,0,0,0,0,0,0,0,0,0,0,0,0,0,0,0,NPgY,Primary,NPg Best View,Total installed non-renewable generation capacity (MW)
MYTHOLMROYD,0,0,0,0,0,0,0,0,0,0,0,0,0,0,0,0,0,0,0,0,0,0,0,0,0,0,0,0,0,NPgY,Primary,NPg Best View,Total installed non-renewable generation capacity (MW)
NAB LANE,0.4,0.4,0.4,0.4,0.4,0.4,0.4,0.4,0.4,0.4,0.4,0.347,0.188,0,0,0,0,0,0,0,0,0,0,0,0,0,0,0,0,NPgY,Primary,NPg Best View,Total installed non-renewable generation capacity (MW)
NABWOOD,0,0,0,0,0,0,0,0,0,0,0,0,0,0,0,0,0,0,0,0,0,0,0,0,0,0,0,0,0,NPgY,Primary,NPg Best View,Total installed non-renewable generation capacity (MW)
NATIONAL AVENUE,0,0,0,0,0,0,0,0,0,0,0,0,0,0,0,0,0,0,0,0,0,0,0,0,0,0,0,0,0,NPgY,Primary,NPg Best View,Total installed non-renewable generation capacity (MW)
NEW DROPPINGWELL ROAD,0,0,0,0,0,0,0,0,0,0,0,0,0,0,0,0,0,0,0,0,0,0,0,0,0,0,0,0,0,NPgY,Primary,NPg Best View,Total installed non-renewable generation capacity (MW)
NEW ORCHARD LANE,0,0,0,0,0,0,0,0,0,0,0,0,0,0,0,0,0,0,0,0,0,0,0,0,0,0,0,0,0,NPgY,Primary,NPg Best View,Total installed non-renewable generation capacity (MW)
NEWHALL ROAD,0,0,0,0,0,0,0,0,0,0,0,0,0,0,0,0,0,0,0,0,0,0,0,0,0,0,0,0,0,NPgY,Primary,NPg Best View,Total installed non-renewable generation capacity (MW)
NEWPORT 1,0,0,0,0,0,0,0,0,0,0,0,0,0,0,0,0,0,0,0,0,0,0,0,0,0,0,0,0,0,NPgY,Primary,NPg Best View,Total installed non-renewable generation capacity (MW)
NEWPORT 2,0,0,0,0,0,0,0,0,0,0,0,0,0,0,0,0,0,0,0,0,0,0,0,0,0,0,0,0,0,NPgY,Primary,NPg Best View,Total installed non-renewable generation capacity (MW)
NINELANDS LANE,0,0,0,0,0,0,0,0,0,0,0,0,0,0,0,0,0,0,0,0,0,0,0,0,0,0,0,0,0,NPgY,Primary,NPg Best View,Total installed non-renewable generation capacity (MW)
NORFOLK PARK,0.136,0.136,0.136,0.136,0.136,0.136,0.136,0.136,0.136,0.124,0.107,0.085,0.051,0,0,0,0,0,0,0,0,0,0,0,0,0,0,0,0,NPgY,Primary,NPg Best View,Total installed non-renewable generation capacity (MW)
NORMANBY,0,0,0,0,0,0,0,0,0,0,0,0,0,0,0,0,0,0,0,0,0,0,0,0,0,0,0,0,0,NPgY,Primary,NPg Best View,Total installed non-renewable generation capacity (MW)
NORMANTON,0,0,0,0,0,0,0,0,0,0,0,0,0,0,0,0,0,0,0,0,0,0,0,0,0,0,0,0,0,NPgY,Primary,NPg Best View,Total installed non-renewable generation capacity (MW)
NORTH AVENUE,0,0,0,0,0,0,0,0,0,0,0,0,0,0,0,0,0,0,0,0,0,0,0,0,0,0,0,0,0,NPgY,Primary,NPg Best View,Total installed non-renewable generation capacity (MW)
NORTH THORESBY,0,0,0,0,0,0,0,0,0,0,0,0,0,0,0,0,0,0,0,0,0,0,0,0,0,0,0,0,0,NPgY,Primary,NPg Best View,Total installed non-renewable generation capacity (MW)
NORWOOD,0,0,0,0,0,0,0,0,0,0,0,0,0,0,0,0,0,0,0,0,0,0,0,0,0,0,0,0,0,NPgY,Primary,NPg Best View,Total installed non-renewable generation capacity (MW)
OAKES ROAD,0,0,0,0,0,0,0,0,0,0,0,0,0,0,0,0,0,0,0,0,0,0,0,0,0,0,0,0,0,NPgY,Primary,NPg Best View,Total installed non-renewable generation capacity (MW)
OAKWOOD LANE,0,0,0,0,0,0,0,0,0,0,0,0,0,0,0,0,0,0,0,0,0,0,0,0,0,0,0,0,0,NPgY,Primary,NPg Best View,Total installed non-renewable generation capacity (MW)
ODSAL,0,0,0,0,0,0,0,0,0,0,0,0,0,0,0,0,0,0,0,0,0,0,0,0,0,0,0,0,0,NPgY,Primary,NPg Best View,Total installed non-renewable generation capacity (MW)
OLYMPIA MILLS,3.566,3.566,3.566,3.566,3.566,3.566,3.566,3.566,3.566,3.264,2.809,2.232,1.355,0,0,0,0,0,0,0,0,0,0,0,0,0,0,0,0,NPgY,Primary,NPg Best View,Total installed non-renewable generation capacity (MW)
ORGREAVE,0.238,0.238,0.238,0.238,0.238,0.238,0.238,0.238,0.238,0.238,0.238,0.206,0.112,0,0,0,0,0,0,0,0,0,0,0,0,0,0,0,0,NPgY,Primary,NPg Best View,Total installed non-renewable generation capacity (MW)
OUTWOOD,0,0,0,0,0,0,0,0,0,0,0,0,0,0,0,0,0,0,0,0,0,0,0,0,0,0,0,0,0,NPgY,Primary,NPg Best View,Total installed non-renewable generation capacity (MW)
PARK HILL,0,0,0,0,0,0,0,0,0,0,0,0,0,0,0,0,0,0,0,0,0,0,0,0,0,0,0,0,0,NPgY,Primary,NPg Best View,Total installed non-renewable generation capacity (MW)
PARK ROAD,0,0,0,0,0,0,0,0,0,0,0,0,0,0,0,0,0,0,0,0,0,0,0,0,0,0,0,0,0,NPgY,Primary,NPg Best View,Total installed non-renewable generation capacity (MW)
PARK STREET,0,0,0,0,0,0,0,0,0,0,0,0,0,0,0,0,0,0,0,0,0,0,0,0,0,0,0,0,0,NPgY,Primary,NPg Best View,Total installed non-renewable generation capacity (MW)
PASTURE ROAD SOUTH,0.32,0.32,0.32,0.32,0.32,0.32,0.32,0.32,0.32,0.293,0.251,0.199,0.121,0,0,0,0,0,0,0,0,0,0,0,0,0,0,0,0,NPgY,Primary,NPg Best View,Total installed non-renewable generation capacity (MW)
PATRINGTON ROAD,0.189,0.189,0.189,0.189,0.189,0.189,0.189,0.189,0.189,0.173,0.148,0.118,0.072,0,0,0,0,0,0,0,0,0,0,0,0,0,0,0,0,NPgY,Primary,NPg Best View,Total installed non-renewable generation capacity (MW)
PENISTONE,0,0,0,0,0,0,0,0,0,0,0,0,0,0,0,0,0,0,0,0,0,0,0,0,0,0,0,0,0,NPgY,Primary,NPg Best View,Total installed non-renewable generation capacity (MW)
PENISTONE ROAD,0,0,0,0,0,0,0,0,0,0,0,0,0,0,0,0,0,0,0,0,0,0,0,0,0,0,0,0,0,NPgY,Primary,NPg Best View,Total installed non-renewable generation capacity (MW)
PLANGEO,0,0,0,0,0,0,0,0,0,0,0,0,0,0,0,0,0,0,0,0,0,0,0,0,0,0,0,0,0,NPgY,Primary,NPg Best View,Total installed non-renewable generation capacity (MW)
POLLINGTON,0.18,0.18,0.18,0.18,0.18,0.18,0.18,0.18,0.18,0.18,0.18,0.156,0.085,0,0,0,0,0,0,0,0,0,0,0,0,0,0,0,0,NPgY,Primary,NPg Best View,Total installed non-renewable generation capacity (MW)
PONTEFRACT LANE 1/2,0,0,0,0,0,0,0,0,0,0,0,0,0,0,0,0,0,0,0,0,0,0,0,0,0,0,0,0,0,NPgY,Primary,NPg Best View,Total installed non-renewable generation capacity (MW)
POOL,0,0,0,0,0,0,0,0,0,0,0,0,0,0,0,0,0,0,0,0,0,0,0,0,0,0,0,0,0,NPgY,Primary,NPg Best View,Total installed non-renewable generation capacity (MW)
PRINCE OF WALES,0,0,0,0,0,0,0,0,0,0,0,0,0,0,0,0,0,0,0,0,0,0,0,0,0,0,0,0,0,NPgY,Primary,NPg Best View,Total installed non-renewable generation capacity (MW)
PROSPECT ROAD,0,0,0,0,0,0,0,0,0,0,0,0,0,0,0,0,0,0,0,0,0,0,0,0,0,0,0,0,0,NPgY,Primary,NPg Best View,Total installed non-renewable generation capacity (MW)
QUEENS ROAD,2.375,2.375,2.375,2.375,2.375,2.375,2.375,2.375,2.375,2.171,1.864,1.478,0.899,0,0,0,0,0,0,0,0,0,0,0,0,0,0,0,0,NPgY,Primary,NPg Best View,Total installed non-renewable generation capacity (MW)
QUEENSBURY,0,0,0,0,0,0,0,0,0,0,0,0,0,0,0,0,0,0,0,0,0,0,0,0,0,0,0,0,0,NPgY,Primary,NPg Best View,Total installed non-renewable generation capacity (MW)
RAWCLIFFE,0,0,0,0,0,0,0,0,0,0,0,0,0,0,0,0,0,0,0,0,0,0,0,0,0,0,0,0,0,NPgY,Primary,NPg Best View,Total installed non-renewable generation capacity (MW)
RAWDON,0,0,0,0,0,0,0,0,0,0,0,0,0,0,0,0,0,0,0,0,0,0,0,0,0,0,0,0,0,NPgY,Primary,NPg Best View,Total installed non-renewable generation capacity (MW)
RAWMARSH ROAD 1_2,0,0,0,0,0,0,0,0,0,0,0,0,0,0,0,0,0,0,0,0,0,0,0,0,0,0,0,0,0,NPgY,Primary,NPg Best View,Total installed non-renewable generation capacity (MW)
RAWMARSH ROAD 3_4,0,0,0,0,0,0,0,0,0,0,0,0,0,0,0,0,0,0,0,0,0,0,0,0,0,0,0,0,0,NPgY,Primary,NPg Best View,Total installed non-renewable generation capacity (MW)
RAWSON ROAD,0.382,0.382,0.382,0.382,0.382,0.382,0.382,0.382,0.382,0.349,0.3,0.238,0.145,0,0,0,0,0,0,0,0,0,0,0,0,0,0,0,0,NPgY,Primary,NPg Best View,Total installed non-renewable generation capacity (MW)
RAWSON SPRING ROAD,0,0,0,0,0,0,0,0,0,0,0,0,0,0,0,0,0,0,0,0,0,0,0,0,0,0,0,0,0,NPgY,Primary,NPg Best View,Total installed non-renewable generation capacity (MW)
REVILL LANE,0,0,0,0,0,0,0,0,0,0,0,0,0,0,0,0,0,0,0,0,0,0,0,0,0,0,0,0,0,NPgY,Primary,NPg Best View,Total installed non-renewable generation capacity (MW)
ROCKWARE,0,0,0,0,0,0,0,0,0,0,0,0,0,0,0,0,0,0,0,0,0,0,0,0,0,0,0,0,0,NPgY,Primary,NPg Best View,Total installed non-renewable generation capacity (MW)
RODLEY LANE,0,0,0,0,0,0,0,0,0,0,0,0,0,0,0,0,0,0,0,0,0,0,0,0,0,0,0,0,0,NPgY,Primary,NPg Best View,Total installed non-renewable generation capacity (MW)
ROMAN AVENUE,0,0,0,0,0,0,0,0,0,0,0,0,0,0,0,0,0,0,0,0,0,0,0,0,0,0,0,0,0,NPgY,Primary,NPg Best View,Total installed non-renewable generation capacity (MW)
ROYDS LANE,0,0,0,0,0,0,0,0,0,0,0,0,0,0,0,0,0,0,0,0,0,0,0,0,0,0,0,0,0,NPgY,Primary,NPg Best View,Total installed non-renewable generation capacity (MW)
SAINT ANDREWS ROAD 33/11KV,0,0,0,0,0,0,0,0,0,0,0,0,0,0,0,0,0,0,0,0,0,0,0,0,0,0,0,0,0,NPgY,Primary,NPg Best View,Total installed non-renewable generation capacity (MW)
SAINT STREET,0,0,0,0,0,0,0,0,0,0,0,0,0,0,0,0,0,0,0,0,0,0,0,0,0,0,0,0,0,NPgY,Primary,NPg Best View,Total installed non-renewable generation capacity (MW)
SALTERFORTH,0,0,0,0,0,0,0,0,0,0,0,0,0,0,0,0,0,0,0,0,0,0,0,0,0,0,0,0,0,NPgY,Primary,NPg Best View,Total installed non-renewable generation capacity (MW)
SALTERHEBBLE,0,0,0,0,0,0,0,0,0,0,0,0,0,0,0,0,0,0,0,0,0,0,0,0,0,0,0,0,0,NPgY,Primary,NPg Best View,Total installed non-renewable generation capacity (MW)
SALTSHOUSE ROAD,0,0,0,0,0,0,0,0,0,0,0,0,0,0,0,0,0,0,0,0,0,0,0,0,0,0,0,0,0,NPgY,Primary,NPg Best View,Total installed non-renewable generation capacity (MW)
SANDHILL LANE,0,0,0,0,0,0,0,0,0,0,0,0,0,0,0,0,0,0,0,0,0,0,0,0,0,0,0,0,0,NPgY,Primary,NPg Best View,Total installed non-renewable generation capacity (MW)
SAXON ROAD,0,0,0,0,0,0,0,0,0,0,0,0,0,0,0,0,0,0,0,0,0,0,0,0,0,0,0,0,0,NPgY,Primary,NPg Best View,Total installed non-renewable generation capacity (MW)
SCARTHO,0,0,0,0,0,0,0,0,0,0,0,0,0,0,0,0,0,0,0,0,0,0,0,0,0,0,0,0,0,NPgY,Primary,NPg Best View,Total installed non-renewable generation capacity (MW)
SCHOLES,0,0,0,0,0,0,0,0,0,0,0,0,0,0,0,0,0,0,0,0,0,0,0,0,0,0,0,0,0,NPgY,Primary,NPg Best View,Total installed non-renewable generation capacity (MW)
SCISSETT,0,0,0,0,0,0,0,0,0,0,0,0,0,0,0,0,0,0,0,0,0,0,0,0,0,0,0,0,0,NPgY,Primary,NPg Best View,Total installed non-renewable generation capacity (MW)
SCULCOATES A,0,0,0,0,0,0,0,0,0,0,0,0,0,0,0,0,0,0,0,0,0,0,0,0,0,0,0,0,0,NPgY,Primary,NPg Best View,Total installed non-renewable generation capacity (MW)
SEACROFT,0,0,0,0,0,0,0,0,0,0,0,0,0,0,0,0,0,0,0,0,0,0,0,0,0,0,0,0,0,NPgY,Primary,NPg Best View,Total installed non-renewable generation capacity (MW)
SEATON,0.181,0.181,0.181,0.181,0.181,0.181,0.181,0.181,0.181,0.181,0.181,0.157,0.085,0,0,0,0,0,0,0,0,0,0,0,0,0,0,0,0,NPgY,Primary,NPg Best View,Total installed non-renewable generation capacity (MW)
SELBY,4.75,4.75,4.75,4.75,4.75,4.75,4.75,4.75,4.75,4.343,3.728,2.956,1.799,0,0,0,0,0,0,0,0,0,0,0,0,0,0,0,0,NPgY,Primary,NPg Best View,Total installed non-renewable generation capacity (MW)
SELBY ROAD,0,0,0,0,0,0,0,0,0,0,0,0,0,0,0,0,0,0,0,0,0,0,0,0,0,0,0,0,0,NPgY,Primary,NPg Best View,Total installed non-renewable generation capacity (MW)
SHARLSTON,0,0,0,0,0,0,0,0,0,0,0,0,0,0,0,0,0,0,0,0,0,0,0,0,0,0,0,0,0,NPgY,Primary,NPg Best View,Total installed non-renewable generation capacity (MW)
SHEPCOTE TINSLEY,0,0,0,0,0,0,0,0,0,0,0,0,0,0,0,0,0,0,0,0,0,0,0,0,0,0,0,0,0,NPgY,Primary,NPg Best View,Total installed non-renewable generation capacity (MW)
SHERBURN,0,0,0,0,0,0,0,0,0,0,0,0,0,0,0,0,0,0,0,0,0,0,0,0,0,0,0,0,0,NPgY,Primary,NPg Best View,Total installed non-renewable generation capacity (MW)
SHIPLEY,0,0,0,0,0,0,0,0,0,0,0,0,0,0,0,0,0,0,0,0,0,0,0,0,0,0,0,0,0,NPgY,Primary,NPg Best View,Total installed non-renewable generation capacity (MW)
SHIRLAND LANE,0,0,0,0,0,0,0,0,0,0,0,0,0,0,0,0,0,0,0,0,0,0,0,0,0,0,0,0,0,NPgY,Primary,NPg Best View,Total installed non-renewable generation capacity (MW)
SILVER STREET,0,0,0,0,0,0,0,0,0,0,0,0,0,0,0,0,0,0,0,0,0,0,0,0,0,0,0,0,0,NPgY,Primary,NPg Best View,Total installed non-renewable generation capacity (MW)
SILVERWOOD,0,0,0,0,0,0,0,0,0,0,0,0,0,0,0,0,0,0,0,0,0,0,0,0,0,0,0,0,0,NPgY,Primary,NPg Best View,Total installed non-renewable generation capacity (MW)
SKILLINGS LANE,0.05,0.05,0.05,0.05,0.05,0.05,0.05,0.05,0.05,0.05,0.05,0.043,0.024,0,0,0,0,0,0,0,0,0,0,0,0,0,0,0,0,NPgY,Primary,NPg Best View,Total installed non-renewable generation capacity (MW)
SKIPTON,0.109,0.109,0.109,0.109,0.109,0.109,0.109,0.109,0.109,0.1,0.086,0.068,0.041,0,0,0,0,0,0,0,0,0,0,0,0,0,0,0,0,NPgY,Primary,NPg Best View,Total installed non-renewable generation capacity (MW)
SLAITHWAITE,0,0,0,0,0,0,0,0,0,0,0,0,0,0,0,0,0,0,0,0,0,0,0,0,0,0,0,0,0,NPgY,Primary,NPg Best View,Total installed non-renewable generation capacity (MW)
SLEDMERE GARTH,0,0,0,0,0,0,0,0,0,0,0,0,0,0,0,0,0,0,0,0,0,0,0,0,0,0,0,0,0,NPgY,Primary,NPg Best View,Total installed non-renewable generation capacity (MW)
SMITH STREET,0,0,0,0,0,0,0,0,0,0,0,0,0,0,0,0,0,0,0,0,0,0,0,0,0,0,0,0,0,NPgY,Primary,NPg Best View,Total installed non-renewable generation capacity (MW)
SMITHY GREEN,0,0,0,0,0,0,0,0,0,0,0,0,0,0,0,0,0,0,0,0,0,0,0,0,0,0,0,0,0,NPgY,Primary,NPg Best View,Total installed non-renewable generation capacity (MW)
SNAITHING PARK ROAD,0,0,0,0,0,0,0,0,0,0,0,0,0,0,0,0,0,0,0,0,0,0,0,0,0,0,0,0,0,NPgY,Primary,NPg Best View,Total installed non-renewable generation capacity (MW)
SNELSINS LANE,0,0,0,0,0,0,0,0,0,0,0,0,0,0,0,0,0,0,0,0,0,0,0,0,0,0,0,0,0,NPgY,Primary,NPg Best View,Total installed non-renewable generation capacity (MW)
SOUTH ELMSALL,0,0,0,0,0,0,0,0,0,0,0,0,0,0,0,0,0,0,0,0,0,0,0,0,0,0,0,0,0,NPgY,Primary,NPg Best View,Total installed non-renewable generation capacity (MW)
SOUTH FERRIBY,0,0,0,0,0,0,0,0,0,0,0,0,0,0,0,0,0,0,0,0,0,0,0,0,0,0,0,0,0,NPgY,Primary,NPg Best View,Total installed non-renewable generation capacity (MW)
SOUTH KIRKBY,0,0,0,0,0,0,0,0,0,0,0,0,0,0,0,0,0,0,0,0,0,0,0,0,0,0,0,0,0,NPgY,Primary,NPg Best View,Total installed non-renewable generation capacity (MW)
SOUTH RESTON,0,0,0,0,0,0,0,0,0,0,0,0,0,0,0,0,0,0,0,0,0,0,0,0,0,0,0,0,0,NPgY,Primary,NPg Best View,Total installed non-renewable generation capacity (MW)
SOUTH STREET,0,0,0,0,0,0,0,0,0,0,0,0,0,0,0,0,0,0,0,0,0,0,0,0,0,0,0,0,0,NPgY,Primary,NPg Best View,Total installed non-renewable generation capacity (MW)
SOUTHGATE,0,0,0,0,0,0,0,0,0,0,0,0,0,0,0,0,0,0,0,0,0,0,0,0,0,0,0,0,0,NPgY,Primary,NPg Best View,Total installed non-renewable generation capacity (MW)
SOUTHWOOD ROAD,1.52,1.52,1.52,1.52,1.52,1.52,1.52,1.52,1.52,1.39,1.193,0.946,0.576,0,0,0,0,0,0,0,0,0,0,0,0,0,0,0,0,NPgY,Primary,NPg Best View,Total installed non-renewable generation capacity (MW)
SOWERBY BRIDGE 33/11KV,0,0,0,0,0,0,0,0,0,0,0,0,0,0,0,0,0,0,0,0,0,0,0,0,0,0,0,0,0,NPgY,Primary,NPg Best View,Total installed non-renewable generation capacity (MW)
SPARK MILL LANE,0.55,0.55,0.55,0.55,0.55,0.55,0.55,0.55,0.55,0.503,0.432,0.342,0.208,0,0,0,0,0,0,0,0,0,0,0,0,0,0,0,0,NPgY,Primary,NPg Best View,Total installed non-renewable generation capacity (MW)
SPENBOROUGH,0,0,0,0,0,0,0,0,0,0,0,0,0,0,0,0,0,0,0,0,0,0,0,0,0,0,0,0,0,NPgY,Primary,NPg Best View,Total installed non-renewable generation capacity (MW)
SPRING MILL STREET,0.7,0.7,0.7,0.7,0.7,0.7,0.7,0.7,0.7,0.7,0.7,0.607,0.329,0,0,0,0,0,0,0,0,0,0,0,0,0,0,0,0,NPgY,Primary,NPg Best View,Total installed non-renewable generation capacity (MW)
STAINFORTH,0.238,0.238,0.238,0.238,0.238,0.238,0.238,0.238,0.238,0.238,0.238,0.206,0.112,0,0,0,0,0,0,0,0,0,0,0,0,0,0,0,0,NPgY,Primary,NPg Best View,Total installed non-renewable generation capacity (MW)
STAIRFOOT,0,0,0,0,0,0,0,0,0,0,0,0,0,0,0,0,0,0,0,0,0,0,0,0,0,0,0,0,0,NPgY,Primary,NPg Best View,Total installed non-renewable generation capacity (MW)
STANLEY STREET,0,0,0,0,0,0,0,0,0,0,0,0,0,0,0,0,0,0,0,0,0,0,0,0,0,0,0,0,0,NPgY,Primary,NPg Best View,Total installed non-renewable generation capacity (MW)
STANNINGTON ROAD,0,0,0,0,0,0,0,0,0,0,0,0,0,0,0,0,0,0,0,0,0,0,0,0,0,0,0,0,0,NPgY,Primary,NPg Best View,Total installed non-renewable generation capacity (MW)
STATION ROAD,0,0,0,0,0,0,0,0,0,0,0,0,0,0,0,0,0,0,0,0,0,0,0,0,0,0,0,0,0,NPgY,Primary,NPg Best View,Total installed non-renewable generation capacity (MW)
STEVENSON ROAD,0,0,0,0,0,0,0,0,0,0,0,0,0,0,0,0,0,0,0,0,0,0,0,0,0,0,0,0,0,NPgY,Primary,NPg Best View,Total installed non-renewable generation capacity (MW)
STOKE STREET,0,0,0,0,0,0,0,0,0,0,0,0,0,0,0,0,0,0,0,0,0,0,0,0,0,0,0,0,0,NPgY,Primary,NPg Best View,Total installed non-renewable generation capacity (MW)
STOURTON 132/11KV,0,0,0,0,0,0,0,0,0,0,0,0,0,0,0,0,0,0,0,0,0,0,0,0,0,0,0,0,0,NPgY,Primary,NPg Best View,Total installed non-renewable generation capacity (MW)
STOURTON 33/11KV,0,0,0,0,0,0,0,0,0,0,0,0,0,0,0,0,0,0,0,0,0,0,0,0,0,0,0,0,0,NPgY,Primary,NPg Best View,Total installed non-renewable generation capacity (MW)
STOW,0.8,0.8,0.8,0.8,0.8,0.8,0.8,0.8,0.8,0.731,0.628,0.498,0.303,0,0,0,0,0,0,0,0,0,0,0,0,0,0,0,0,NPgY,Primary,NPg Best View,Total installed non-renewable generation capacity (MW)
SWAN BANK LANE,0,0,0,0,0,0,0,0,0,0,0,0,0,0,0,0,0,0,0,0,0,0,0,0,0,0,0,0,0,NPgY,Primary,NPg Best View,Total installed non-renewable generation capacity (MW)
SWEET STREET,0,0,0,0,0,0,0,0,0,0,0,0,0,0,0,0,0,0,0,0,0,0,0,0,0,0,0,0,0,NPgY,Primary,NPg Best View,Total installed non-renewable generation capacity (MW)
SWINNOW MOOR,0,0,0,0,0,0,0,0,0,0,0,0,0,0,0,0,0,0,0,0,0,0,0,0,0,0,0,0,0,NPgY,Primary,NPg Best View,Total installed non-renewable generation capacity (MW)
TADCASTER,0,0,0,0,0,0,0,0,0,0,0,0,0,0,0,0,0,0,0,0,0,0,0,0,0,0,0,0,0,NPgY,Primary,NPg Best View,Total installed non-renewable generation capacity (MW)
TANKERSLEY PARK,0,0,0,0,0,0,0,0,0,0,0,0,0,0,0,0,0,0,0,0,0,0,0,0,0,0,0,0,0,NPgY,Primary,NPg Best View,Total installed non-renewable generation capacity (MW)
TEMPLEBOROUGH 33/11KV,0,0,0,0,0,0,0,0,0,0,0,0,0,0,0,0,0,0,0,0,0,0,0,0,0,0,0,0,0,NPgY,Primary,NPg Best View,Total installed non-renewable generation capacity (MW)
THORNBURY,0,0,0,0,0,0,0,0,0,0,0,0,0,0,0,0,0,0,0,0,0,0,0,0,0,0,0,0,0,NPgY,Primary,NPg Best View,Total installed non-renewable generation capacity (MW)
THORNE,0,0,0,0,0,0,0,0,0,0,0,0,0,0,0,0,0,0,0,0,0,0,0,0,0,0,0,0,0,NPgY,Primary,NPg Best View,Total installed non-renewable generation capacity (MW)
THORNTON,0,0,0,0,0,0,0,0,0,0,0,0,0,0,0,0,0,0,0,0,0,0,0,0,0,0,0,0,0,NPgY,Primary,NPg Best View,Total installed non-renewable generation capacity (MW)
THORPE ROAD,0,0,0,0,0,0,0,0,0,0,0,0,0,0,0,0,0,0,0,0,0,0,0,0,0,0,0,0,0,NPgY,Primary,NPg Best View,Total installed non-renewable generation capacity (MW)
TICKHILL ROAD,0,0,0,0,0,0,0,0,0,0,0,0,0,0,0,0,0,0,0,0,0,0,0,0,0,0,0,0,0,NPgY,Primary,NPg Best View,Total installed non-renewable generation capacity (MW)
TINGLEY,0,0,0,0,0,0,0,0,0,0,0,0,0,0,0,0,0,0,0,0,0,0,0,0,0,0,0,0,0,NPgY,Primary,NPg Best View,Total installed non-renewable generation capacity (MW)
TINSLEY PARK ROAD,0,0,0,0,0,0,0,0,0,0,0,0,0,0,0,0,0,0,0,0,0,0,0,0,0,0,0,0,0,NPgY,Primary,NPg Best View,Total installed non-renewable generation capacity (MW)
TINSLEY WIRE INDUSTRIES,0,0,0,0,0,0,0,0,0,0,0,0,0,0,0,0,0,0,0,0,0,0,0,0,0,0,0,0,0,NPgY,Primary,NPg Best View,Total installed non-renewable generation capacity (MW)
TIVERTON ROAD,0,0,0,0,0,0,0,0,0,0,0,0,0,0,0,0,0,0,0,0,0,0,0,0,0,0,0,0,0,NPgY,Primary,NPg Best View,Total installed non-renewable generation capacity (MW)
TODMORDEN,0,0,0,0,0,0,0,0,0,0,0,0,0,0,0,0,0,0,0,0,0,0,0,0,0,0,0,0,0,NPgY,Primary,NPg Best View,Total installed non-renewable generation capacity (MW)
TOLLER LANE,0,0,0,0,0,0,0,0,0,0,0,0,0,0,0,0,0,0,0,0,0,0,0,0,0,0,0,0,0,NPgY,Primary,NPg Best View,Total installed non-renewable generation capacity (MW)
TONG STREET,0,0,0,0,0,0,0,0,0,0,0,0,0,0,0,0,0,0,0,0,0,0,0,0,0,0,0,0,0,NPgY,Primary,NPg Best View,Total installed non-renewable generation capacity (MW)
UPPER BASINGHALL STREET,0,0,0,0,0,0,0,0,0,0,0,0,0,0,0,0,0,0,0,0,0,0,0,0,0,0,0,0,0,NPgY,Primary,NPg Best View,Total installed non-renewable generation capacity (MW)
VARLEY STREET,0,0,0,0,0,0,0,0,0,0,0,0,0,0,0,0,0,0,0,0,0,0,0,0,0,0,0,0,0,NPgY,Primary,NPg Best View,Total installed non-renewable generation capacity (MW)
VICTORIA STREET,0,0,0,0,0,0,0,0,0,0,0,0,0,0,0,0,0,0,0,0,0,0,0,0,0,0,0,0,0,NPgY,Primary,NPg Best View,Total installed non-renewable generation capacity (MW)
WALESBY,0.18,0.18,0.18,0.18,0.18,0.18,0.18,0.18,0.18,0.165,0.141,0.112,0.068,0,0,0,0,0,0,0,0,0,0,0,0,0,0,0,0,NPgY,Primary,NPg Best View,Total installed non-renewable generation capacity (MW)
WARREN LANE,0,0,0,0,0,0,0,0,0,0,0,0,0,0,0,0,0,0,0,0,0,0,0,0,0,0,0,0,0,NPgY,Primary,NPg Best View,Total installed non-renewable generation capacity (MW)
WATH UPON DEARNE,8,8,8,8,8,8,8,8,8,8,8,6.939,3.766,0,0,0,0,0,0,0,0,0,0,0,0,0,0,0,0,NPgY,Primary,NPg Best View,Total installed non-renewable generation capacity (MW)
WAVERLEY BUSINESS PARK,0,0,0,0,0,0,0,0,0,0,0,0,0,0,0,0,0,0,0,0,0,0,0,0,0,0,0,0,0,NPgY,Primary,NPg Best View,Total installed non-renewable generation capacity (MW)
WAWNE ROAD,0,0,0,0,0,0,0,0,0,0,0,0,0,0,0,0,0,0,0,0,0,0,0,0,0,0,0,0,0,NPgY,Primary,NPg Best View,Total installed non-renewable generation capacity (MW)
WEELAND ROAD,1.52,1.52,1.52,1.52,1.52,1.52,1.52,1.52,1.52,1.39,1.193,0.946,0.576,0,0,0,0,0,0,0,0,0,0,0,0,0,0,0,0,NPgY,Primary,NPg Best View,Total installed non-renewable generation capacity (MW)
WELLINGTON STREET,0,0,0,0,0,0,0,0,0,0,0,0,0,0,0,0,0,0,0,0,0,0,0,0,0,0,0,0,0,NPgY,Primary,NPg Best View,Total installed non-renewable generation capacity (MW)
WESLEY CRESCENT,0.95,0.95,0.95,0.95,0.95,0.95,0.95,0.95,0.95,0.869,0.746,0.591,0.36,0,0,0,0,0,0,0,0,0,0,0,0,0,0,0,0,NPgY,Primary,NPg Best View,Total installed non-renewable generation capacity (MW)
WEST DOCKS,0,0,0,0,0,0,0,0,0,0,0,0,0,0,0,0,0,0,0,0,0,0,0,0,0,0,0,0,0,NPgY,Primary,NPg Best View,Total installed non-renewable generation capacity (MW)
WEST END LANE,0,0,0,0,0,0,0,0,0,0,0,0,0,0,0,0,0,0,0,0,0,0,0,0,0,0,0,0,0,NPgY,Primary,NPg Best View,Total installed non-renewable generation capacity (MW)
WEST MOOR PARK,0,0,0,0,0,0,0,0,0,0,0,0,0,0,0,0,0,0,0,0,0,0,0,0,0,0,0,0,0,NPgY,Primary,NPg Best View,Total installed non-renewable generation capacity (MW)
WEST PARK,0,0,0,0,0,0,0,0,0,0,0,0,0,0,0,0,0,0,0,0,0,0,0,0,0,0,0,0,0,NPgY,Primary,NPg Best View,Total installed non-renewable generation capacity (MW)
WESTCOTT STREET,0.11,0.11,0.11,0.11,0.11,0.11,0.11,0.11,0.11,0.101,0.086,0.068,0.042,0,0,0,0,0,0,0,0,0,0,0,0,0,0,0,0,NPgY,Primary,NPg Best View,Total installed non-renewable generation capacity (MW)
WHEATACRE ROAD,1.348,1.348,1.348,1.348,1.348,1.348,1.348,1.348,1.348,1.348,1.348,1.169,0.635,0,0,0,0,0,0,0,0,0,0,0,0,0,0,0,0,NPgY,Primary,NPg Best View,Total installed non-renewable generation capacity (MW)
WHEATLEY PARK,0,0,0,0,0,0,0,0,0,0,0,0,0,0,0,0,0,0,0,0,0,0,0,0,0,0,0,0,0,NPgY,Primary,NPg Best View,Total installed non-renewable generation capacity (MW)
WHINGATE,0.713,0.713,0.713,0.713,0.713,0.713,0.713,0.713,0.713,0.713,0.713,0.618,0.336,0,0,0,0,0,0,0,0,0,0,0,0,0,0,0,0,NPgY,Primary,NPg Best View,Total installed non-renewable generation capacity (MW)
WHITE LEE,0,0,0,0,0,0,0,0,0,0,0,0,0,0,0,0,0,0,0,0,0,0,0,0,0,0,0,0,0,NPgY,Primary,NPg Best View,Total installed non-renewable generation capacity (MW)
WHITEHALL ROAD 2/3,0,0,0,0,0,0,0,0,0,0,0,0,0,0,0,0,0,0,0,0,0,0,0,0,0,0,0,0,0,NPgY,Primary,NPg Best View,Total installed non-renewable generation capacity (MW)
WHITEHALL ROAD 4/5,0,0,0,0,0,0,0,0,0,0,0,0,0,0,0,0,0,0,0,0,0,0,0,0,0,0,0,0,0,NPgY,Primary,NPg Best View,Total installed non-renewable generation capacity (MW)
WIBSEY,0,0,0,0,0,0,0,0,0,0,0,0,0,0,0,0,0,0,0,0,0,0,0,0,0,0,0,0,0,NPgY,Primary,NPg Best View,Total installed non-renewable generation capacity (MW)
WITHERNSEA,0,0,0,0,0,0,0,0,0,0,0,0,0,0,0,0,0,0,0,0,0,0,0,0,0,0,0,0,0,NPgY,Primary,NPg Best View,Total installed non-renewable generation capacity (MW)
WOODCOCK STREET,0.415,0.415,0.415,0.415,0.415,0.415,0.415,0.415,0.415,0.379,0.326,0.258,0.157,0,0,0,0,0,0,0,0,0,0,0,0,0,0,0,0,NPgY,Primary,NPg Best View,Total installed non-renewable generation capacity (MW)
WOODSEATS,0,0,0,0,0,0,0,0,0,0,0,0,0,0,0,0,0,0,0,0,0,0,0,0,0,0,0,0,0,NPgY,Primary,NPg Best View,Total installed non-renewable generation capacity (MW)
WOOLLEY,0,0,0,0,0,0,0,0,0,0,0,0,0,0,0,0,0,0,0,0,0,0,0,0,0,0,0,0,0,NPgY,Primary,NPg Best View,Total installed non-renewable generation capacity (MW)
WORSBROUGH PARK,0,0,0,0,0,0,0,0,0,0,0,0,0,0,0,0,0,0,0,0,0,0,0,0,0,0,0,0,0,NPgY,Primary,NPg Best View,Total installed non-renewable generation capacity (MW)
WRAWBY,2.8,2.8,2.8,2.8,2.8,2.8,2.8,2.8,2.8,2.8,2.8,2.8,2.8,2.722,2.62,2.481,2.303,2.18,2.071,1.922,1.717,1.504,1.271,1.079,0.716,0.31,0,0,0,NPgY,Primary,NPg Best View,Total installed non-renewable generation capacity (MW)
YARBOROUGH ROAD 33/11KV,0,0,0,0,0,0,0,0,0,0,0,0,0,0,0,0,0,0,0,0,0,0,0,0,0,0,0,0,0,NPgY,Primary,NPg Best View,Total installed non-renewable generation capacity (MW)
YEW GREEN ROAD,0,0,0,0,0,0,0,0,0,0,0,0,0,0,0,0,0,0,0,0,0,0,0,0,0,0,0,0,0,NPgY,Primary,NPg Best View,Total installed non-renewable generation capacity (MW)
YORK ROAD,0,0,0,0,0,0,0,0,0,0,0,0,0,0,0,0,0,0,0,0,0,0,0,0,0,0,0,0,0,NPgY,Primary,NPg Best View,Total installed non-renewable generation capacity (MW)
YORK STREET,0,0,0,0,0,0,0,0,0,0,0,0,0,0,0,0,0,0,0,0,0,0,0,0,0,0,0,0,0,NPgY,Primary,NPg Best View,Total installed non-renewable generation capacity (MW)
Barnsley Direct to Supply Points,0,1.236,2.472,3.706,2.897,3.415,3.836,4.265,4.056,3.29,1.323,0.164,0.009,0,0,0,0,0,0,0,0,0,0,0,0,0,0,0,0,0,0,0,
Bradford Direct to Supply Points,11.744,12.245,12.745,13.246,12.917,13.127,13.298,13.472,13.387,13.077,12.281,10.252,5.532,0,0,0,0,0,0,0,0,0,0,0,0,0,0,0,0,0,0,0,
Calderdale Direct to Supply Points,0,0.405,0.81,1.215,0.949,1.118,1.257,1.397,1.33,1.078,0.434,0.053,0.003,0,0,0,0,0,0,0,0,0,0,0,0,0,0,0,0,0,0,0,
County Durham Direct to Supply Points,0,2.341,4.681,7.022,10.955,13.386,15.19,17.03,16.131,13.067,4.877,2.689,2.427,2.187,1.893,1.49,0.979,0.625,0.31,0,0,0,0,0,0,0,0,0,0,0,0,0,
Darlington Direct to Supply Points,0,0.506,1.013,1.518,2.369,2.895,3.285,3.683,3.489,2.826,1.054,0.582,0.524,0.473,0.409,0.322,0.211,0.135,0.067,0,0,0,0,0,0,0,0,0,0,0,0,0,
Doncaster Direct to Supply Points,24,26.164,28.327,30.491,29.071,29.98,30.718,31.468,31.103,29.762,26.316,21.102,11.313,0,0,0,0,0,0,0,0,0,0,0,0,0,0,0,0,0,0,0,
East Riding of Yorkshire Direct to Supply Points,5.4,11.452,17.505,23.557,19.588,22.126,24.19,26.291,25.27,21.055,10.718,4.158,2.09,0,0,0,0,0,0,0,0,0,0,0,0,0,0,0,0,0,0,0,
Gateshead Direct to Supply Points,0,0.938,1.876,2.816,4.392,5.367,6.09,6.827,6.468,5.238,1.955,1.079,0.972,0.877,0.759,0.598,0.392,0.25,0.124,0,0,0,0,0,0,0,0,0,0,0,0,0,
Hambleton Direct to Supply Points,27,29.108,31.215,33.323,36.865,39.053,40.677,42.333,41.525,38.765,31.391,25.841,14.895,1.969,1.704,1.341,0.882,0.562,0.278,0,0,0,0,0,0,0,0,0,0,0,0,0,
Harrogate Direct to Supply Points,23.7,24.149,24.599,25.048,25.803,26.269,26.615,26.968,26.796,26.207,24.636,24.216,24.166,23.461,22.543,21.282,19.684,18.573,17.588,16.265,14.536,12.734,10.756,9.137,6.061,2.621,0,0,0,0,0,0,
Hartlepool Direct to Supply Points,0,0,0,0,0,0,0,0,0,0,0,0,0,0,0,0,0,0,0,0,0,0,0,0,0,0,0,0,0,0,0,0,
"Kingston upon Hull, City of Direct to Supply Points",36,36.252,36.504,36.757,36.591,36.697,36.783,36.87,36.828,35.385,33.042,27.584,15.567,0,0,0,0,0,0,0,0,0,0,0,0,0,0,0,0,0,0,0,
Kirklees Direct to Supply Points,85.65,86.112,86.575,87.038,86.735,86.929,87.087,87.248,87.169,80.444,69.994,57.368,39.023,10.305,9.92,9.391,8.72,8.253,7.84,7.274,6.501,5.696,4.811,4.087,2.711,1.172,0,0,0,0,0,0,
Leeds Direct to Supply Points,15,18.043,21.087,24.13,22.133,23.409,24.447,25.503,24.99,21.817,15.03,9.734,5.703,0,0,0,0,0,0,0,0,0,0,0,0,0,0,0,0,0,0,0,
Newcastle upon Tyne Direct to Supply Points,0,0.075,0.151,0.226,0.354,0.432,0.491,0.55,0.521,0.422,0.157,0.087,0.078,0.071,0.061,0.048,0.032,0.02,0.01,0,0,0,0,0,0,0,0,0,0,0,0,0,
North East Lincolnshire Direct to Supply Points,99.5,106.465,113.427,120.392,115.824,118.745,121.12,123.538,122.363,113.627,95.873,74.602,42.147,0,0,0,0,0,0,0,0,0,0,0,0,0,0,0,0,0,0,0,
North Lincolnshire Direct to Supply Points,20,22.144,24.288,26.432,25.025,25.924,26.656,27.399,27.038,25.71,22.295,17.63,9.43,0,0,0,0,0,0,0,0,0,0,0,0,0,0,0,0,0,0,0,
North Tyneside Direct to Supply Points,0,0.029,0.058,0.087,0.135,0.164,0.187,0.21,0.198,0.161,0.06,0.033,0.029,0.027,0.023,0.019,0.012,0.008,0.004,0,0,0,0,0,0,0,0,0,0,0,0,0,
Northumberland Direct to Supply Points,0,1.129,2.257,3.386,5.283,6.455,7.325,8.212,7.779,6.301,2.352,1.297,1.17,1.055,0.913,0.719,0.472,0.301,0.149,0,0,0,0,0,0,0,0,0,0,0,0,0,
Redcar and Cleveland Direct to Supply Points,0,0,0,0,0,0,0,0,0,0,0,0,0,0,0,0,0,0,0,0,0,0,0,0,0,0,0,0,0,0,0,0,
Rotherham Direct to Supply Points,0,1.122,2.244,3.366,2.63,3.101,3.483,3.873,3.683,2.988,1.201,0.148,0.008,0,0,0,0,0,0,0,0,0,0,0,0,0,0,0,0,0,0,0,
Ryedale Direct to Supply Points,0,2.225,4.45,6.675,10.414,12.725,14.439,16.187,15.335,12.421,4.635,2.557,2.307,2.079,1.8,1.416,0.931,0.593,0.294,0,0,0,0,0,0,0,0,0,0,0,0,0,
Scarborough Direct to Supply Points,0,0.512,1.024,1.536,2.397,2.928,3.323,3.725,3.529,2.858,1.067,0.588,0.531,0.478,0.414,0.326,0.214,0.136,0.068,0,0,0,0,0,0,0,0,0,0,0,0,0,
Selby Direct to Supply Points,69,69.757,70.514,71.272,70.775,71.092,71.351,71.614,71.486,71.016,69.811,59.949,32.485,0,0,0,0,0,0,0,0,0,0,0,0,0,0,0,0,0,0,0,
Sheffield Direct to Supply Points,19.3,19.407,19.512,19.619,19.55,19.595,19.631,19.667,19.649,19.584,19.414,19.314,19.301,18.763,18.062,17.098,15.877,15.027,14.274,13.245,11.837,10.37,8.759,7.441,4.935,2.134,0,0,0,0,0,0,
South Tyneside Direct to Supply Points,0,0,0,0,0,0,0,0,0,0,0,0,0,0,0,0,0,0,0,0,0,0,0,0,0,0,0,0,0,0,0,0,
Stockton-on-Tees Direct to Supply Points,158.155,158.834,159.512,160.191,161.331,162.036,162.559,163.091,162.831,157.869,149.347,134.51,103.461,60.667,58.338,55.137,51.082,48.26,45.76,42.377,37.874,33.179,28.024,23.806,15.791,6.828,0,0,0,0,0,0,
Sunderland Direct to Supply Points,0,0,0,0,0,0,0,0,0,0,0,0,0,0,0,0,0,0,0,0,0,0,0,0,0,0,0,0,0,0,0,0,
Wakefield Direct to Supply Points,0,1.816,3.632,5.448,4.258,5.019,5.639,6.269,5.964,4.837,1.945,0.24,0.013,0,0,0,0,0,0,0,0,0,0,0,0,0,0,0,0,0,0,0,
West Lindsey Direct to Supply Points,0,3.446,6.892,10.338,8.078,9.523,10.699,11.894,11.313,9.177,3.69,0.454,0.025,0,0,0,0,0,0,0,0,0,0,0,0,0,0,0,0,0,0,0,
York Direct to Supply Points,8.55,9.026,9.502,9.978,10.777,11.272,11.638,12.012,11.83,11.207,9.541,7.963,4.518,0.445,0.385,0.303,0.199,0.127,0.063,0,0,0,0,0,0,0,0,0,0,0,0,0,
