Primary,2021,2022,2023,2024,2025,2026,2027,2028,2029,2030,2031,2032,2033,2034,2035,2036,2037,2038,2039,2040,2041,2042,2043,2044,2045,2046,2047,2048,2049,2050,Licence area,Voltage level,Scenario name,Output parameter
ACKLAM,0,0,0,0,0,0,0,0,0,0,0,0,0,0,0,0,0,0,0,0,0,0,0,0,0,0,0,0,0,0,NPgN,Primary,NPg Planning Scenario,Number of electric HGVs
AMBERTON ROAD,0,0,1,1,1,3,5,8,11,16,22,27,34,40,47,54,60,65,70,74,77,80,82,83,83,83,84,84,84,84,NPgN,Primary,NPg Planning Scenario,Number of electric HGVs
ANNFIELD 66/20KV,0,0,1,1,2,3,6,10,14,20,27,35,43,51,60,68,75,82,88,93,97,100,103,104,105,105,106,106,106,106,NPgN,Primary,NPg Planning Scenario,Number of electric HGVs
ASHINGTON,0,0,0,0,0,0,1,1,2,2,3,4,5,6,7,8,9,10,11,11,12,12,13,13,13,13,13,13,13,13,NPgN,Primary,NPg Planning Scenario,Number of electric HGVs
AYCLIFFE FORREST,0,0,0,0,0,0,0,0,0,0,0,0,0,0,0,0,0,0,0,0,0,0,0,0,0,0,0,0,0,0,NPgN,Primary,NPg Planning Scenario,Number of electric HGVs
AYCLIFFE INDUSTRIAL,0,0,0,1,1,2,4,7,11,15,20,25,31,37,44,50,55,60,64,68,71,74,75,76,77,77,77,77,78,78,NPgN,Primary,NPg Planning Scenario,Number of electric HGVs
BARDEN FRIAR,0,0,0,0,0,0,0,0,0,0,0,0,0,0,0,0,0,0,0,0,0,0,0,0,0,0,0,0,0,0,NPgN,Primary,NPg Planning Scenario,Number of electric HGVs
BEDALE,0,1,1,2,3,6,10,17,25,35,47,60,74,89,104,119,131,143,153,163,170,175,179,182,183,184,184,185,185,186,NPgN,Primary,NPg Planning Scenario,Number of electric HGVs
BELMONT,0,0,0,1,1,2,3,5,8,11,14,18,22,27,31,36,40,43,46,49,51,53,54,55,55,55,55,56,56,56,NPgN,Primary,NPg Planning Scenario,Number of electric HGVs
BENSHAM,0,0,1,1,1,3,5,8,12,17,22,28,35,42,49,56,62,67,72,76,79,82,84,85,86,86,86,87,87,87,NPgN,Primary,NPg Planning Scenario,Number of electric HGVs
BENTON SQUARE,0,1,1,2,3,5,10,17,25,35,47,60,74,88,104,118,131,142,152,161,168,174,178,181,182,182,183,183,184,184,NPgN,Primary,NPg Planning Scenario,Number of electric HGVs
BENWELL,0,1,1,2,2,5,9,14,21,30,40,51,63,75,88,100,111,121,130,138,144,148,152,154,155,155,156,156,157,157,NPgN,Primary,NPg Planning Scenario,Number of electric HGVs
BILLINGHAM MARSH HOUSE,1,2,3,5,7,15,27,44,66,93,125,160,196,235,276,313,347,378,406,430,448,463,474,481,484,485,487,488,489,491,NPgN,Primary,NPg Planning Scenario,Number of electric HGVs
BILLY MILL,0,0,1,1,2,4,8,13,19,27,36,46,57,68,80,91,101,110,118,125,130,135,138,140,141,141,142,142,142,143,NPgN,Primary,NPg Planning Scenario,Number of electric HGVs
BIRTLEY GROVE 66/11KV,1,2,4,7,10,20,36,60,90,126,170,216,266,318,373,424,471,512,549,582,607,627,642,651,655,657,659,661,663,665,NPgN,Primary,NPg Planning Scenario,Number of electric HGVs
BIRTLEY GROVE 66/20KV,0,0,1,1,2,3,6,9,14,20,27,34,42,50,59,67,74,81,87,92,96,99,102,103,104,104,104,105,105,105,NPgN,Primary,NPg Planning Scenario,Number of electric HGVs
BLAYDON BURN,0,1,2,3,4,8,16,26,39,54,73,93,114,137,160,182,202,220,236,250,261,270,276,280,282,282,283,284,285,286,NPgN,Primary,NPg Planning Scenario,Number of electric HGVs
BLUCHER 33/11KV,0,0,1,1,2,4,7,12,18,26,35,44,54,65,77,87,96,105,113,119,125,129,132,134,134,135,135,136,136,136,NPgN,Primary,NPg Planning Scenario,Number of electric HGVs
BOLDON DOWNHILL,0,0,1,1,1,3,5,9,13,18,25,31,38,46,54,61,68,74,79,84,88,91,93,94,95,95,95,96,96,96,NPgN,Primary,NPg Planning Scenario,Number of electric HGVs
BOROUGHBRIDGE/ROECLIFFE INDUSTRIAL,1,2,3,5,8,15,28,47,70,99,133,169,208,249,292,332,369,401,430,456,476,491,503,510,513,515,516,518,519,521,NPgN,Primary,NPg Planning Scenario,Number of electric HGVs
BOWESFIELD 33/11KV,1,1,3,4,6,12,22,37,55,77,104,133,163,195,229,260,289,314,337,357,372,385,394,400,402,403,404,405,407,408,NPgN,Primary,NPg Planning Scenario,Number of electric HGVs
BOWESFIELD 66/11KV,0,0,0,1,1,2,4,7,10,15,20,25,31,37,43,49,54,59,63,67,70,72,74,75,76,76,76,76,76,77,NPgN,Primary,NPg Planning Scenario,Number of electric HGVs
BRANCEPETH,0,0,0,0,1,1,2,4,6,8,11,14,18,21,25,28,31,34,36,39,40,42,43,43,44,44,44,44,44,44,NPgN,Primary,NPg Planning Scenario,Number of electric HGVs
BREAMISH STREET,0,0,0,0,0,0,1,1,2,2,3,4,5,6,7,8,9,10,11,11,12,12,13,13,13,13,13,13,13,13,NPgN,Primary,NPg Planning Scenario,Number of electric HGVs
BRENDA TRADING,1,2,3,5,8,15,28,47,70,99,133,169,207,248,292,331,368,400,429,455,474,490,502,509,512,513,515,516,518,519,NPgN,Primary,NPg Planning Scenario,Number of electric HGVs
CAMPLESHON ROAD,0,0,0,0,0,0,0,0,0,0,0,0,0,0,0,0,0,0,0,0,0,0,0,0,0,0,0,0,0,0,NPgN,Primary,NPg Planning Scenario,Number of electric HGVs
CARLEY HILL,0,0,1,1,2,3,6,10,15,21,28,36,44,53,62,70,78,85,91,97,101,104,107,108,109,109,109,110,110,110,NPgN,Primary,NPg Planning Scenario,Number of electric HGVs
CARLIN HOW T3 T4,0,0,0,0,0,1,1,2,4,5,7,8,10,12,15,17,18,20,21,23,24,25,25,25,26,26,26,26,26,26,NPgN,Primary,NPg Planning Scenario,Number of electric HGVs
CARR HILL,0,1,1,2,3,6,11,19,28,39,53,67,82,99,116,132,146,159,171,181,189,195,199,202,204,204,205,205,206,206,NPgN,Primary,NPg Planning Scenario,Number of electric HGVs
CATTERICK CAMP,0,0,0,1,1,2,4,6,9,12,17,21,26,31,36,41,46,50,54,57,59,61,63,64,64,64,64,65,65,65,NPgN,Primary,NPg Planning Scenario,Number of electric HGVs
CLOSE,0,0,0,0,1,1,3,4,6,9,12,16,19,23,27,31,34,37,40,42,44,45,46,47,47,47,48,48,48,48,NPgN,Primary,NPg Planning Scenario,Number of electric HGVs
CONEYTHORPE,0,0,1,1,1,3,5,8,12,17,23,29,35,42,50,56,62,68,73,77,81,83,85,87,87,87,88,88,88,88,NPgN,Primary,NPg Planning Scenario,Number of electric HGVs
CONSETT,0,1,2,3,4,8,15,25,37,52,70,89,110,132,155,176,195,212,227,241,251,260,266,270,271,272,273,274,274,275,NPgN,Primary,NPg Planning Scenario,Number of electric HGVs
CORPORATION STREET,0,0,0,0,0,0,0,0,0,0,0,0,0,0,0,0,0,0,0,0,0,0,0,0,0,0,0,0,0,0,NPgN,Primary,NPg Planning Scenario,Number of electric HGVs
COWTON,0,0,0,0,0,0,0,0,0,0,0,0,0,0,0,0,0,0,0,0,0,0,0,0,0,0,0,0,0,0,NPgN,Primary,NPg Planning Scenario,Number of electric HGVs
CRAMLINGTON T1 T3,0,0,1,1,2,3,6,10,15,21,28,35,44,52,61,70,77,84,90,95,100,103,105,107,108,108,108,108,109,109,NPgN,Primary,NPg Planning Scenario,Number of electric HGVs
CRAMLINGTON T2 T4,0,1,1,2,3,6,12,19,29,40,54,69,85,101,119,135,150,163,175,185,193,200,204,207,209,209,210,210,211,212,NPgN,Primary,NPg Planning Scenario,Number of electric HGVs
DARLEY,0,0,0,0,0,0,0,0,0,0,0,0,0,0,0,0,0,0,0,0,0,0,0,0,0,0,0,0,0,0,NPgN,Primary,NPg Planning Scenario,Number of electric HGVs
DARLINGTON 132/6KV,0,0,0,0,0,1,2,3,4,5,7,9,11,14,16,18,20,22,24,25,26,27,28,28,28,28,28,28,28,29,NPgN,Primary,NPg Planning Scenario,Number of electric HGVs
DARLINGTON 33/11KV,0,0,0,0,1,1,3,4,6,9,12,16,19,23,27,31,34,37,40,42,44,45,46,47,47,47,48,48,48,48,NPgN,Primary,NPg Planning Scenario,Number of electric HGVs
DARLINGTON CENTRAL 33/11KV,0,0,0,0,0,0,0,0,0,0,0,0,0,0,0,0,0,0,0,0,0,0,0,0,0,0,0,0,0,0,NPgN,Primary,NPg Planning Scenario,Number of electric HGVs
DARLINGTON EAST,1,2,3,5,7,13,25,41,61,86,116,147,181,217,255,289,321,349,374,397,414,428,438,444,447,448,449,451,452,453,NPgN,Primary,NPg Planning Scenario,Number of electric HGVs
DARLINGTON WEST,1,2,4,6,9,19,35,57,86,121,163,208,255,306,359,408,452,492,528,559,584,603,617,626,630,632,633,635,637,639,NPgN,Primary,NPg Planning Scenario,Number of electric HGVs
DENWICK,0,0,1,1,2,3,6,10,15,21,28,36,44,53,62,70,78,85,91,97,101,104,107,108,109,109,109,110,110,110,NPgN,Primary,NPg Planning Scenario,Number of electric HGVs
DUNSTON 66/11KV,0,0,1,1,2,3,6,10,15,21,28,35,44,52,61,70,77,84,90,95,100,103,105,107,108,108,108,108,109,109,NPgN,Primary,NPg Planning Scenario,Number of electric HGVs
DUNSTON 66/20KV,0,0,0,0,0,1,2,3,4,6,8,10,12,15,18,20,22,24,26,27,28,29,30,31,31,31,31,31,31,31,NPgN,Primary,NPg Planning Scenario,Number of electric HGVs
DURHAM EAST,0,0,0,0,0,0,0,0,0,0,0,0,0,0,0,0,0,0,0,0,0,0,0,0,0,0,0,0,0,0,NPgN,Primary,NPg Planning Scenario,Number of electric HGVs
EASTFIELD,0,1,1,2,3,6,11,17,26,37,50,63,78,93,109,124,138,150,161,170,178,184,188,191,192,193,193,194,194,195,NPgN,Primary,NPg Planning Scenario,Number of electric HGVs
EASTGATE CEMENT,0,0,0,0,0,0,0,0,0,0,0,0,0,0,0,0,0,0,0,0,0,0,0,0,0,0,0,0,0,0,NPgN,Primary,NPg Planning Scenario,Number of electric HGVs
EDUCATIONAL PRECINCT,0,0,0,0,0,0,0,0,0,0,0,0,0,0,0,0,0,0,0,0,0,0,0,0,0,0,0,0,0,0,NPgN,Primary,NPg Planning Scenario,Number of electric HGVs
ELVINGTON,0,0,1,1,2,4,8,13,20,28,38,48,59,71,83,94,105,114,122,130,135,140,143,145,146,146,147,147,148,148,NPgN,Primary,NPg Planning Scenario,Number of electric HGVs
FARADAY STREET,0,0,0,0,0,0,0,0,0,0,0,0,0,0,0,0,0,0,0,0,0,0,0,0,0,0,0,0,0,0,NPgN,Primary,NPg Planning Scenario,Number of electric HGVs
FAWDON T1 & SEATON BURN T1,0,1,1,2,3,7,12,20,30,42,57,73,89,107,125,143,158,172,185,195,204,211,216,219,220,221,221,222,223,223,NPgN,Primary,NPg Planning Scenario,Number of electric HGVs
FISHBURN,0,1,1,2,4,7,13,22,32,46,61,78,96,115,135,153,170,185,198,210,219,227,232,235,237,237,238,239,240,240,NPgN,Primary,NPg Planning Scenario,Number of electric HGVs
FLATWORTH CENTRAL,0,1,1,2,3,6,10,17,26,36,49,62,76,91,107,122,135,147,158,167,174,180,184,187,188,189,189,190,190,191,NPgN,Primary,NPg Planning Scenario,Number of electric HGVs
FOSS ISLANDS,0,1,1,2,2,5,9,14,21,30,40,51,62,75,88,99,110,120,129,136,142,147,151,153,154,154,154,155,155,156,NPgN,Primary,NPg Planning Scenario,Number of electric HGVs
FOSSWAY 33/11KV,0,1,1,2,3,6,11,17,26,37,50,63,78,93,109,124,138,150,161,170,178,184,188,191,192,193,193,194,194,195,NPgN,Primary,NPg Planning Scenario,Number of electric HGVs
FOURSTONES 20KV,0,0,0,0,0,1,1,2,4,5,7,8,10,12,15,17,18,20,21,23,24,25,25,25,26,26,26,26,26,26,NPgN,Primary,NPg Planning Scenario,Number of electric HGVs
FYLANDS BRIDGE,0,0,1,1,2,4,7,11,17,24,32,41,51,61,71,81,90,98,105,111,116,120,123,125,125,126,126,127,127,127,NPgN,Primary,NPg Planning Scenario,Number of electric HGVs
GALE LANE,0,0,0,0,0,0,0,0,0,0,0,0,0,0,0,0,0,0,0,0,0,0,0,0,0,0,0,0,0,0,NPgN,Primary,NPg Planning Scenario,Number of electric HGVs
GARWOOD STREET,0,0,1,1,1,3,5,9,13,19,25,32,39,47,55,63,70,76,82,86,90,93,95,97,97,98,98,98,98,99,NPgN,Primary,NPg Planning Scenario,Number of electric HGVs
GATESHEAD CENTRAL,0,1,1,2,2,5,9,15,22,32,42,54,66,79,93,106,118,128,137,145,152,157,161,163,164,164,165,165,166,166,NPgN,Primary,NPg Planning Scenario,Number of electric HGVs
GATESHEAD EAST,0,1,2,3,5,10,18,30,45,63,85,108,133,159,187,212,235,256,275,291,304,314,321,326,328,329,330,331,331,332,NPgN,Primary,NPg Planning Scenario,Number of electric HGVs
GOSFORTH 33/11KV,0,0,0,0,0,0,0,0,0,0,0,0,0,0,0,0,0,0,0,0,0,0,0,0,0,0,0,0,0,0,NPgN,Primary,NPg Planning Scenario,Number of electric HGVs
GRANGETOWN,2,4,8,12,18,36,67,110,165,233,313,399,490,587,689,783,868,945,1014,1074,1121,1158,1185,1202,1210,1213,1217,1220,1224,1227,NPgN,Primary,NPg Planning Scenario,Number of electric HGVs
GREATHAM,0,0,0,0,0,0,0,0,0,0,0,0,0,0,0,0,0,0,0,0,0,0,0,0,0,0,0,0,0,0,NPgN,Primary,NPg Planning Scenario,Number of electric HGVs
GUISBOROUGH T1 T2,0,0,0,0,0,1,2,3,5,6,9,11,13,16,19,22,24,26,28,30,31,32,33,33,33,33,33,34,34,34,NPgN,Primary,NPg Planning Scenario,Number of electric HGVs
GUISBOROUGH T3,0,0,0,0,0,0,0,0,0,0,0,0,0,0,0,0,0,0,0,0,0,0,0,0,0,0,0,0,0,0,NPgN,Primary,NPg Planning Scenario,Number of electric HGVs
HARLOW GREEN,0,0,0,0,0,0,0,0,0,0,0,0,0,0,0,0,0,0,0,0,0,0,0,0,0,0,0,0,0,0,NPgN,Primary,NPg Planning Scenario,Number of electric HGVs
HARMIRE BRIDGE,0,1,1,2,3,6,12,20,29,41,56,71,87,104,123,139,154,168,180,191,199,206,211,214,215,216,216,217,218,218,NPgN,Primary,NPg Planning Scenario,Number of electric HGVs
HARRATON,0,1,1,2,2,5,8,14,21,29,39,50,62,74,87,99,109,119,128,135,141,146,149,151,152,153,153,154,154,155,NPgN,Primary,NPg Planning Scenario,Number of electric HGVs
HARROGATE 132/11KV,0,0,1,1,2,4,8,13,20,28,38,48,59,71,83,94,105,114,122,130,135,140,143,145,146,146,147,147,148,148,NPgN,Primary,NPg Planning Scenario,Number of electric HGVs
HARROGATE WEST,0,0,0,0,0,0,0,0,0,0,0,0,0,0,0,0,0,0,0,0,0,0,0,0,0,0,0,0,0,0,NPgN,Primary,NPg Planning Scenario,Number of electric HGVs
HARTMOOR 66/20KV,0,0,0,1,1,2,4,6,9,12,17,21,26,31,36,41,46,50,54,57,59,61,63,64,64,64,64,65,65,65,NPgN,Primary,NPg Planning Scenario,Number of electric HGVs
HAWTHORN PIT,0,1,2,3,4,9,16,27,40,57,77,97,120,143,168,191,212,231,248,263,274,283,290,294,296,297,297,298,299,300,NPgN,Primary,NPg Planning Scenario,Number of electric HGVs
HAXBY ROAD T2 T3,0,0,0,1,1,2,4,6,9,13,18,23,28,34,39,45,50,54,58,61,64,66,68,69,69,69,70,70,70,70,NPgN,Primary,NPg Planning Scenario,Number of electric HGVs
HEBBURN,0,1,1,2,3,6,10,17,25,35,47,60,74,89,104,119,131,143,153,163,170,175,179,182,183,184,184,185,185,186,NPgN,Primary,NPg Planning Scenario,Number of electric HGVs
HEBBURN WEST,0,0,0,0,0,0,0,0,0,0,0,0,0,0,0,0,0,0,0,0,0,0,0,0,0,0,0,0,0,0,NPgN,Primary,NPg Planning Scenario,Number of electric HGVs
HEDWORTH,0,0,0,1,1,2,4,6,10,14,18,23,29,34,40,46,51,55,59,63,65,67,69,70,70,71,71,71,71,71,NPgN,Primary,NPg Planning Scenario,Number of electric HGVs
HEIGHINGTON,0,0,0,0,0,0,0,0,0,0,0,0,0,0,0,0,0,0,0,0,0,0,0,0,0,0,0,0,0,0,NPgN,Primary,NPg Planning Scenario,Number of electric HGVs
HEXHAM,0,0,0,1,1,2,4,7,10,14,19,24,29,35,41,46,51,56,60,64,66,69,70,71,72,72,72,72,73,73,NPgN,Primary,NPg Planning Scenario,Number of electric HGVs
HIGH BARMSTON,1,3,5,9,13,26,47,78,117,164,221,281,346,414,486,553,613,667,716,758,791,817,837,849,854,856,859,861,864,866,NPgN,Primary,NPg Planning Scenario,Number of electric HGVs
HIGH FLATTS,0,0,0,0,1,1,2,3,5,7,10,13,16,19,22,25,28,30,32,34,36,37,38,38,38,39,39,39,39,39,NPgN,Primary,NPg Planning Scenario,Number of electric HGVs
HOUGHTON,0,1,1,2,3,6,11,18,26,37,50,64,78,94,110,125,139,151,162,172,179,185,189,192,193,194,194,195,196,196,NPgN,Primary,NPg Planning Scenario,Number of electric HGVs
HOWDON,0,0,1,1,2,4,7,11,17,24,32,41,50,60,71,80,89,97,104,110,115,119,122,123,124,125,125,125,126,126,NPgN,Primary,NPg Planning Scenario,Number of electric HGVs
HUNTINGTON NEW LANE,0,0,1,1,1,3,5,9,13,18,25,32,39,47,55,62,69,75,80,85,89,92,94,95,96,96,97,97,97,97,NPgN,Primary,NPg Planning Scenario,Number of electric HGVs
HUSTHWAITE 33/11KV,0,0,1,1,2,4,7,11,17,24,32,41,50,60,70,80,88,96,103,109,114,118,120,122,123,123,124,124,124,125,NPgN,Primary,NPg Planning Scenario,Number of electric HGVs
JARROW,0,0,0,1,1,2,3,5,8,12,16,20,24,29,34,39,43,47,50,53,56,58,59,60,60,60,61,61,61,61,NPgN,Primary,NPg Planning Scenario,Number of electric HGVs
KENTON,0,0,0,0,0,0,0,0,0,0,0,0,0,0,0,0,0,0,0,0,0,0,0,0,0,0,0,0,0,0,NPgN,Primary,NPg Planning Scenario,Number of electric HGVs
KIELDER,0,0,0,0,0,0,0,0,0,0,0,0,0,0,0,0,0,0,0,0,0,0,0,0,0,0,0,0,0,0,NPgN,Primary,NPg Planning Scenario,Number of electric HGVs
KILLINGWORTH,0,0,1,1,2,4,8,12,19,26,35,45,55,66,77,88,97,106,114,120,126,130,133,135,136,136,136,137,137,138,NPgN,Primary,NPg Planning Scenario,Number of electric HGVs
KIRBYMOORSIDE,0,0,0,0,0,0,0,0,0,0,0,0,0,0,0,0,0,0,0,0,0,0,0,0,0,0,0,0,0,0,NPgN,Primary,NPg Planning Scenario,Number of electric HGVs
LEAM CENTRAL,0,0,0,0,0,0,0,0,0,0,0,0,0,0,0,0,0,0,0,0,0,0,0,0,0,0,0,0,0,0,NPgN,Primary,NPg Planning Scenario,Number of electric HGVs
LINTON 66/20KV,0,0,0,1,1,2,4,6,9,13,17,22,26,32,37,42,47,51,55,58,60,63,64,65,65,65,66,66,66,66,NPgN,Primary,NPg Planning Scenario,Number of electric HGVs
LONGBENTON,0,0,0,0,0,0,0,0,0,0,0,0,0,0,0,0,0,0,0,0,0,0,0,0,0,0,0,0,0,0,NPgN,Primary,NPg Planning Scenario,Number of electric HGVs
LOW SPENNYMOOR,0,0,1,1,2,4,7,11,16,23,31,39,48,58,68,77,85,93,100,106,110,114,117,118,119,119,120,120,120,121,NPgN,Primary,NPg Planning Scenario,Number of electric HGVs
LYNEMOUTH,0,0,0,0,0,0,0,0,0,0,0,0,0,0,0,0,0,0,0,0,0,0,0,0,0,0,0,0,0,0,NPgN,Primary,NPg Planning Scenario,Number of electric HGVs
MADDISON STREET,0,0,0,0,0,0,1,1,2,2,3,4,5,6,7,8,9,10,11,11,12,12,13,13,13,13,13,13,13,13,NPgN,Primary,NPg Planning Scenario,Number of electric HGVs
MALLEABLE,0,1,2,3,4,8,15,24,36,51,68,87,106,127,150,170,188,205,220,233,243,251,257,261,262,263,264,265,265,266,NPgN,Primary,NPg Planning Scenario,Number of electric HGVs
MALTON,0,1,1,2,3,6,10,17,26,36,48,62,76,91,106,121,134,146,157,166,173,179,183,186,187,187,188,189,189,190,NPgN,Primary,NPg Planning Scenario,Number of electric HGVs
MEADOWFIELD,0,0,0,1,1,2,4,7,11,15,20,25,31,37,44,50,55,60,64,68,71,74,75,76,77,77,77,77,78,78,NPgN,Primary,NPg Planning Scenario,Number of electric HGVs
MELROSEGATE 33/11KV,0,0,0,0,0,1,1,2,4,5,7,8,10,12,15,17,18,20,21,23,24,25,25,25,26,26,26,26,26,26,NPgN,Primary,NPg Planning Scenario,Number of electric HGVs
MILLBANK LANE,0,0,1,1,2,4,7,12,18,25,34,43,53,63,74,85,94,102,109,116,121,125,128,130,131,131,131,132,132,132,NPgN,Primary,NPg Planning Scenario,Number of electric HGVs
MONKSEATON,0,0,0,0,0,0,1,1,2,2,3,4,5,6,7,8,9,10,11,11,12,12,13,13,13,13,13,13,13,13,NPgN,Primary,NPg Planning Scenario,Number of electric HGVs
MOOR MONKTON PUMPS,0,0,0,1,1,2,3,5,8,11,15,19,23,28,33,37,41,45,48,51,53,55,56,57,58,58,58,58,58,58,NPgN,Primary,NPg Planning Scenario,Number of electric HGVs
MORPETH,0,0,1,1,2,4,6,11,16,22,30,38,47,57,66,75,84,91,98,103,108,112,114,116,116,117,117,117,118,118,NPgN,Primary,NPg Planning Scenario,Number of electric HGVs
MOUNT ROAD,0,0,0,0,0,0,0,0,0,0,0,0,0,0,0,0,0,0,0,0,0,0,0,0,0,0,0,0,0,0,NPgN,Primary,NPg Planning Scenario,Number of electric HGVs
NEWBURN HAUGH,0,0,1,1,1,3,5,9,13,18,24,31,38,45,53,60,67,73,78,83,87,89,92,93,93,94,94,94,95,95,NPgN,Primary,NPg Planning Scenario,Number of electric HGVs
NEWBY,0,0,0,0,0,1,1,2,4,5,7,8,10,12,15,17,18,20,21,23,24,25,25,25,26,26,26,26,26,26,NPgN,Primary,NPg Planning Scenario,Number of electric HGVs
NEWCASTLE AIRPORT,0,0,0,0,0,0,0,0,0,0,0,0,0,0,0,0,0,0,0,0,0,0,0,0,0,0,0,0,0,0,NPgN,Primary,NPg Planning Scenario,Number of electric HGVs
NEWTON AYCLIFFE SOUTH,0,0,0,0,1,1,2,3,5,7,9,12,15,17,20,23,26,28,30,32,33,34,35,36,36,36,36,36,36,36,NPgN,Primary,NPg Planning Scenario,Number of electric HGVs
NORTH STREET,0,0,0,0,1,1,2,4,6,9,12,15,18,22,26,29,32,35,38,40,42,43,44,45,45,45,45,45,45,45,NPgN,Primary,NPg Planning Scenario,Number of electric HGVs
NORTH TEES T1 T2,1,3,5,8,11,23,42,69,104,147,197,252,309,370,435,494,548,596,639,677,707,730,748,758,763,765,767,770,772,774,NPgN,Primary,NPg Planning Scenario,Number of electric HGVs
NORTH TEES T3 T4,0,0,0,0,0,0,0,0,0,0,0,0,0,0,0,0,0,0,0,0,0,0,0,0,0,0,0,0,0,0,NPgN,Primary,NPg Planning Scenario,Number of electric HGVs
NORTHALLERTON,0,0,1,1,1,3,5,9,13,18,25,32,39,47,55,62,69,75,80,85,89,92,94,95,96,96,97,97,97,97,NPgN,Primary,NPg Planning Scenario,Number of electric HGVs
NORTON 132/11KV,0,0,0,0,0,1,2,3,4,5,7,9,11,14,16,18,20,22,24,25,26,27,28,28,28,28,28,28,28,29,NPgN,Primary,NPg Planning Scenario,Number of electric HGVs
OATLANDS,0,0,0,0,0,0,0,0,0,0,0,0,0,0,0,0,0,0,0,0,0,0,0,0,0,0,0,0,0,0,NPgN,Primary,NPg Planning Scenario,Number of electric HGVs
OFFERTON 33/11KV,0,0,0,1,1,2,4,7,11,15,20,26,32,38,44,51,56,61,65,69,72,75,77,78,78,78,79,79,79,79,NPgN,Primary,NPg Planning Scenario,Number of electric HGVs
PALLION TRADING,0,0,0,0,0,1,1,2,4,5,7,8,10,12,15,17,18,20,21,23,24,25,25,25,26,26,26,26,26,26,NPgN,Primary,NPg Planning Scenario,Number of electric HGVs
PETERLEE INDUSTRIAL,0,0,0,0,0,0,0,0,0,0,0,0,0,0,0,0,0,0,0,0,0,0,0,0,0,0,0,0,0,0,NPgN,Primary,NPg Planning Scenario,Number of electric HGVs
PETERLEE WEST,0,0,0,0,0,0,0,0,0,0,0,0,0,0,0,0,0,0,0,0,0,0,0,0,0,0,0,0,0,0,NPgN,Primary,NPg Planning Scenario,Number of electric HGVs
PILGRIM,0,0,0,0,0,0,0,0,0,0,0,0,0,0,0,0,0,0,0,0,0,0,0,0,0,0,0,0,0,0,NPgN,Primary,NPg Planning Scenario,Number of electric HGVs
POTTER HOUSE T1 T3,0,0,0,1,1,2,4,7,11,15,20,25,31,37,44,50,55,60,64,68,71,74,75,76,77,77,77,77,78,78,NPgN,Primary,NPg Planning Scenario,Number of electric HGVs
POTTER HOUSE T4 T5,0,0,0,0,0,0,0,0,0,0,0,0,0,0,0,0,0,0,0,0,0,0,0,0,0,0,0,0,0,0,NPgN,Primary,NPg Planning Scenario,Number of electric HGVs
PRISSICK,0,0,0,0,0,0,0,0,0,0,0,0,0,0,0,0,0,0,0,0,0,0,0,0,0,0,0,0,0,0,NPgN,Primary,NPg Planning Scenario,Number of electric HGVs
RAVENSCAR,0,0,0,0,0,0,0,0,0,0,0,0,0,0,0,0,0,0,0,0,0,0,0,0,0,0,0,0,0,0,NPgN,Primary,NPg Planning Scenario,Number of electric HGVs
RAWCLIFFE LANE,0,0,0,0,1,1,3,4,6,9,12,15,19,22,26,30,33,36,39,41,43,44,45,46,46,46,46,46,47,47,NPgN,Primary,NPg Planning Scenario,Number of electric HGVs
REDCAR,1,2,4,6,9,18,33,55,82,115,155,198,243,291,341,388,430,468,502,532,555,574,587,595,599,601,603,604,606,608,NPgN,Primary,NPg Planning Scenario,Number of electric HGVs
RESERVOIR,0,1,2,3,5,10,18,29,44,62,83,106,130,155,182,207,230,250,268,284,297,306,314,318,320,321,322,323,324,325,NPgN,Primary,NPg Planning Scenario,Number of electric HGVs
RICHMOND T1,0,1,1,2,3,6,10,17,26,36,49,62,76,91,107,122,135,147,158,167,174,180,184,187,188,189,189,190,190,191,NPgN,Primary,NPg Planning Scenario,Number of electric HGVs
RICHMOND T2,0,0,0,0,0,1,1,2,3,4,5,6,8,9,11,12,14,15,16,17,18,18,19,19,19,19,19,19,19,19,NPgN,Primary,NPg Planning Scenario,Number of electric HGVs
RIPON,1,1,2,4,6,12,22,35,53,75,101,128,158,189,222,252,279,304,326,345,361,373,381,387,389,390,391,392,394,395,NPgN,Primary,NPg Planning Scenario,Number of electric HGVs
RISE CARR,0,0,0,0,1,1,2,4,6,8,11,14,18,21,25,28,31,34,36,39,40,42,43,43,44,44,44,44,44,44,NPgN,Primary,NPg Planning Scenario,Number of electric HGVs
ROMANBY,0,0,0,0,0,0,0,0,0,0,0,0,0,0,0,0,0,0,0,0,0,0,0,0,0,0,0,0,0,0,NPgN,Primary,NPg Planning Scenario,Number of electric HGVs
RUDBY,0,0,1,1,2,3,6,10,15,21,29,37,45,54,63,72,80,87,93,99,103,107,109,111,111,112,112,112,113,113,NPgN,Primary,NPg Planning Scenario,Number of electric HGVs
SCARBOROUGH 33/11KV,0,0,0,0,0,0,0,0,0,0,0,0,0,0,0,0,0,0,0,0,0,0,0,0,0,0,0,0,0,0,NPgN,Primary,NPg Planning Scenario,Number of electric HGVs
SCARBOROUGH 66/11KV,0,0,0,0,0,0,0,0,0,0,0,0,0,0,0,0,0,0,0,0,0,0,0,0,0,0,0,0,0,0,NPgN,Primary,NPg Planning Scenario,Number of electric HGVs
SEGHILL,0,0,0,0,0,1,2,3,4,6,8,10,12,15,18,20,22,24,26,27,28,29,30,31,31,31,31,31,31,31,NPgN,Primary,NPg Planning Scenario,Number of electric HGVs
SESSAY BRIDGE_SOWERBY,0,0,1,1,1,3,5,9,13,18,25,32,39,47,55,62,69,75,80,85,89,92,94,95,96,96,97,97,97,97,NPgN,Primary,NPg Planning Scenario,Number of electric HGVs
SEVERUS HILL,0,1,1,2,2,5,9,15,23,32,43,55,67,81,95,108,119,130,139,148,154,159,163,165,166,167,167,168,168,169,NPgN,Primary,NPg Planning Scenario,Number of electric HGVs
SHERIFF HUTTON,0,0,1,1,2,4,7,11,17,24,32,41,50,60,70,80,88,96,103,109,114,118,120,122,123,123,124,124,124,125,NPgN,Primary,NPg Planning Scenario,Number of electric HGVs
SHOTTON,0,0,1,1,1,2,4,7,11,16,21,27,33,39,46,52,58,63,68,72,75,77,79,80,81,81,81,81,82,82,NPgN,Primary,NPg Planning Scenario,Number of electric HGVs
SIMONSIDE,0,1,1,2,3,5,10,16,24,33,45,57,70,84,98,112,124,135,145,153,160,165,169,172,173,173,174,174,175,175,NPgN,Primary,NPg Planning Scenario,Number of electric HGVs
SKELDERGATE,0,0,0,0,1,1,2,3,5,7,10,13,16,19,22,25,28,30,32,34,36,37,38,38,38,39,39,39,39,39,NPgN,Primary,NPg Planning Scenario,Number of electric HGVs
SKERNESIDE,1,2,3,5,7,15,27,44,67,94,126,160,197,236,277,315,349,380,408,432,451,466,477,484,486,488,489,491,492,493,NPgN,Primary,NPg Planning Scenario,Number of electric HGVs
SPADEADAM 20KV,0,0,0,0,1,1,2,3,5,7,10,13,16,19,22,25,28,30,32,34,36,37,38,38,38,39,39,39,39,39,NPgN,Primary,NPg Planning Scenario,Number of electric HGVs
SPENCERBECK,0,1,2,3,4,8,15,24,36,51,68,87,106,127,150,170,188,205,220,233,243,251,257,261,262,263,264,265,265,266,NPgN,Primary,NPg Planning Scenario,Number of electric HGVs
SPENNYMOOR 66/20KV,0,1,2,3,4,9,17,27,41,57,77,98,121,145,170,193,214,233,250,265,276,286,292,296,298,299,300,301,302,303,NPgN,Primary,NPg Planning Scenario,Number of electric HGVs
STARBECK,0,0,0,0,0,1,1,2,4,5,7,8,10,12,15,17,18,20,21,23,24,25,25,25,26,26,26,26,26,26,NPgN,Primary,NPg Planning Scenario,Number of electric HGVs
STOBSWOOD COAL,0,0,0,0,0,0,0,0,0,0,0,0,0,0,0,0,0,0,0,0,0,0,0,0,0,0,0,0,0,0,NPgN,Primary,NPg Planning Scenario,Number of electric HGVs
STOKESLEY,0,0,1,1,2,3,6,10,15,21,29,37,45,54,63,72,80,87,93,99,103,107,109,111,111,112,112,112,113,113,NPgN,Primary,NPg Planning Scenario,Number of electric HGVs
STONEY CUT,0,0,1,1,2,3,6,9,14,20,27,34,41,50,58,66,74,80,86,91,95,98,100,102,102,103,103,103,104,104,NPgN,Primary,NPg Planning Scenario,Number of electric HGVs
SUNDERLAND T1 T2,0,0,1,1,2,4,6,11,16,22,30,38,47,57,66,75,84,91,98,103,108,112,114,116,116,117,117,117,118,118,NPgN,Primary,NPg Planning Scenario,Number of electric HGVs
SUNDERLAND T5 T6,0,0,0,0,0,0,0,0,0,0,0,0,0,0,0,0,0,0,0,0,0,0,0,0,0,0,0,0,0,0,NPgN,Primary,NPg Planning Scenario,Number of electric HGVs
TANFIELD,0,0,0,0,0,1,1,2,3,4,5,6,8,9,11,12,14,15,16,17,18,18,19,19,19,19,19,19,19,19,NPgN,Primary,NPg Planning Scenario,Number of electric HGVs
TEAM VALLEY,1,2,4,7,10,21,39,64,96,135,181,230,283,339,398,452,502,546,586,620,648,669,685,695,699,701,703,705,707,709,NPgN,Primary,NPg Planning Scenario,Number of electric HGVs
TEES INDUSTRIAL T1 T2,0,0,0,0,0,0,0,0,0,0,0,0,0,0,0,0,0,0,0,0,0,0,0,0,0,0,0,0,0,0,NPgN,Primary,NPg Planning Scenario,Number of electric HGVs
TEMPLE PARK,0,0,0,0,0,0,0,0,0,0,0,0,0,0,0,0,0,0,0,0,0,0,0,0,0,0,0,0,0,0,NPgN,Primary,NPg Planning Scenario,Number of electric HGVs
THIRSK,0,1,2,3,4,8,15,24,36,51,69,88,108,129,152,172,191,208,223,236,247,255,261,265,266,267,268,269,269,270,NPgN,Primary,NPg Planning Scenario,Number of electric HGVs
THORNTON DALE,0,0,0,0,0,0,1,1,2,2,3,4,5,6,7,8,9,10,11,11,12,12,13,13,13,13,13,13,13,13,NPgN,Primary,NPg Planning Scenario,Number of electric HGVs
TORONTO 66/20KV,0,0,1,1,2,4,8,12,19,26,35,45,55,66,77,88,97,106,114,120,126,130,133,135,136,136,136,137,137,138,NPgN,Primary,NPg Planning Scenario,Number of electric HGVs
TUNSTALL,0,0,1,1,2,3,6,10,15,21,28,36,44,53,62,70,78,85,91,97,101,104,107,108,109,109,109,110,110,110,NPgN,Primary,NPg Planning Scenario,Number of electric HGVs
TYNEMOUTH CENTRAL,0,0,0,0,0,0,0,0,0,0,0,0,0,0,0,0,0,0,0,0,0,0,0,0,0,0,0,0,0,0,NPgN,Primary,NPg Planning Scenario,Number of electric HGVs
UNIVERSITY,0,0,0,0,0,0,0,0,0,0,0,0,0,0,0,0,0,0,0,0,0,0,0,0,0,0,0,0,0,0,NPgN,Primary,NPg Planning Scenario,Number of electric HGVs
URLAY NOOK,0,0,1,1,1,3,5,8,11,16,22,27,34,40,47,54,60,65,70,74,77,80,82,83,83,83,84,84,84,84,NPgN,Primary,NPg Planning Scenario,Number of electric HGVs
USWORTH,0,1,1,2,3,6,11,18,26,37,50,64,78,94,110,125,139,151,162,172,179,185,189,192,193,194,194,195,196,196,NPgN,Primary,NPg Planning Scenario,Number of electric HGVs
WALKER,0,0,0,0,1,1,2,3,5,7,10,13,16,19,22,25,28,30,32,34,36,37,38,38,38,39,39,39,39,39,NPgN,Primary,NPg Planning Scenario,Number of electric HGVs
WANSBECK,0,0,0,0,0,0,0,0,0,0,0,0,0,0,0,0,0,0,0,0,0,0,0,0,0,0,0,0,0,0,NPgN,Primary,NPg Planning Scenario,Number of electric HGVs
WARDLEY,0,0,0,0,0,0,0,0,0,0,0,0,0,0,0,0,0,0,0,0,0,0,0,0,0,0,0,0,0,0,NPgN,Primary,NPg Planning Scenario,Number of electric HGVs
WARKWORTH,0,0,0,1,1,2,4,6,9,13,18,23,28,34,39,45,50,54,58,61,64,66,68,69,69,69,70,70,70,70,NPgN,Primary,NPg Planning Scenario,Number of electric HGVs
WENSLEYDALE,0,1,1,2,3,7,13,21,31,44,59,75,92,111,130,148,164,178,191,202,211,218,223,226,228,229,229,230,230,231,NPgN,Primary,NPg Planning Scenario,Number of electric HGVs
WEST HARTFORD,0,0,0,0,0,0,0,0,0,0,0,0,0,0,0,0,0,0,0,0,0,0,0,0,0,0,0,0,0,0,NPgN,Primary,NPg Planning Scenario,Number of electric HGVs
WEST SOUTHWICK,0,0,0,0,0,0,1,1,2,3,4,5,6,7,9,10,11,12,13,14,14,15,15,15,15,15,15,15,16,16,NPgN,Primary,NPg Planning Scenario,Number of electric HGVs
WEST WYLAM,0,1,2,3,4,8,14,23,34,48,65,83,102,122,143,162,180,196,210,223,232,240,246,249,251,252,252,253,254,254,NPgN,Primary,NPg Planning Scenario,Number of electric HGVs
WESTERHOPE,0,0,0,0,0,1,2,3,4,6,8,11,13,16,18,21,23,25,27,28,30,31,31,32,32,32,32,32,32,32,NPgN,Primary,NPg Planning Scenario,Number of electric HGVs
WESTOE,0,0,0,0,0,0,0,0,0,0,0,0,0,0,0,0,0,0,0,0,0,0,0,0,0,0,0,0,0,0,NPgN,Primary,NPg Planning Scenario,Number of electric HGVs
WHITBY T1,0,0,0,0,0,1,1,2,3,4,6,8,9,11,13,15,17,18,19,20,21,22,23,23,23,23,23,23,23,23,NPgN,Primary,NPg Planning Scenario,Number of electric HGVs
WHITBY T2,0,0,1,1,1,3,5,8,12,16,22,28,34,41,48,55,61,66,71,75,78,81,83,84,84,85,85,85,85,86,NPgN,Primary,NPg Planning Scenario,Number of electric HGVs
WHITBY WEST T1,0,0,0,0,0,0,1,1,2,2,3,4,5,6,7,8,9,10,11,11,12,12,13,13,13,13,13,13,13,13,NPgN,Primary,NPg Planning Scenario,Number of electric HGVs
WHITBY WEST T2,0,0,0,0,0,0,0,0,0,0,0,0,0,0,0,0,0,0,0,0,0,0,0,0,0,0,0,0,0,0,NPgN,Primary,NPg Planning Scenario,Number of electric HGVs
WILLINGTON,0,0,0,0,0,0,0,0,0,0,0,0,0,0,0,0,0,0,0,0,0,0,0,0,0,0,0,0,0,0,NPgN,Primary,NPg Planning Scenario,Number of electric HGVs
WORMALD GREEN 132/11KV,0,0,1,1,1,2,5,7,11,16,21,27,33,40,47,53,59,64,69,73,76,78,80,81,82,82,82,83,83,83,NPgN,Primary,NPg Planning Scenario,Number of electric HGVs
WYNYARD,0,0,0,0,1,1,2,3,5,7,10,13,16,19,22,25,28,30,32,34,36,37,38,38,38,39,39,39,39,39,NPgN,Primary,NPg Planning Scenario,Number of electric HGVs
YEDINGHAM,0,0,0,0,0,0,0,0,0,0,0,0,0,0,0,0,0,0,0,0,0,0,0,0,0,0,0,0,0,0,NPgN,Primary,NPg Planning Scenario,Number of electric HGVs
YORK UNIVERSITY,0,0,0,0,0,0,1,1,2,2,3,4,5,6,7,8,9,10,11,11,12,12,13,13,13,13,13,13,13,13,NPgN,Primary,NPg Planning Scenario,Number of electric HGVs
ABBEY ROAD,0,0,0,0,0,0,0,0,0,0,0,0,0,0,0,0,0,0,0,0,0,0,0,0,0,0,0,0,0,0,NPgY,Primary,NPg Planning Scenario,Number of electric HGVs
AIREDALE ROAD,0,1,2,4,6,11,21,34,51,71,96,122,150,179,211,239,266,289,310,328,343,354,362,368,370,371,372,373,374,375,NPgY,Primary,NPg Planning Scenario,Number of electric HGVs
ALDHAM,0,0,1,1,1,3,5,8,12,17,22,29,35,42,49,56,62,68,73,77,80,83,85,86,87,87,87,87,88,88,NPgY,Primary,NPg Planning Scenario,Number of electric HGVs
ALFRED GELDER STREET,0,0,1,1,2,4,8,13,19,27,36,46,56,68,79,90,100,109,117,124,129,133,136,138,139,140,140,140,141,141,NPgY,Primary,NPg Planning Scenario,Number of electric HGVs
ALLERTON HILL T1,0,0,0,0,0,0,0,0,0,0,0,0,0,0,0,0,0,0,0,0,0,0,0,0,0,0,0,0,0,0,NPgY,Primary,NPg Planning Scenario,Number of electric HGVs
ALLERTON HILL T2,0,0,0,0,0,0,0,0,0,0,0,0,0,0,0,0,0,0,0,0,0,0,0,0,0,0,0,0,0,0,NPgY,Primary,NPg Planning Scenario,Number of electric HGVs
ALVERTHORPE ROAD,0,0,0,1,1,2,3,5,8,11,14,18,22,27,31,36,39,43,46,49,51,53,54,55,55,55,55,55,56,56,NPgY,Primary,NPg Planning Scenario,Number of electric HGVs
ARMOURIES DRIVE,0,0,0,0,0,0,0,0,0,0,0,0,0,0,0,0,0,0,0,0,0,0,0,0,0,0,0,0,0,0,NPgY,Primary,NPg Planning Scenario,Number of electric HGVs
ARMTHORPE,0,0,1,1,1,3,5,9,13,19,25,32,40,47,56,63,70,76,82,87,91,93,96,97,98,98,98,99,99,99,NPgY,Primary,NPg Planning Scenario,Number of electric HGVs
ARUNDEL STREET,0,0,0,0,0,0,0,0,0,0,0,0,0,0,0,0,0,0,0,0,0,0,0,0,0,0,0,0,0,0,NPgY,Primary,NPg Planning Scenario,Number of electric HGVs
ASKERN,0,0,0,1,1,2,3,6,8,12,16,20,25,30,35,40,44,48,51,54,57,58,60,61,61,61,61,62,62,62,NPgY,Primary,NPg Planning Scenario,Number of electric HGVs
AUDBY LANE,0,1,2,3,5,10,19,30,46,64,87,110,136,162,191,217,240,261,280,297,310,320,328,332,334,335,336,337,338,339,NPgY,Primary,NPg Planning Scenario,Number of electric HGVs
AUSTERFIELD,0,0,0,0,0,1,1,2,3,4,6,7,9,11,13,14,16,17,18,20,20,21,22,22,22,22,22,22,22,22,NPgY,Primary,NPg Planning Scenario,Number of electric HGVs
BAILIFF BRIDGE,0,0,0,0,0,0,0,0,0,0,0,0,0,0,0,0,0,0,0,0,0,0,0,0,0,0,0,0,0,0,NPgY,Primary,NPg Planning Scenario,Number of electric HGVs
BALBY,0,0,0,0,0,0,0,0,0,0,0,0,0,0,0,0,0,0,0,0,0,0,0,0,0,0,0,0,0,0,NPgY,Primary,NPg Planning Scenario,Number of electric HGVs
BALME STREET,0,0,1,1,1,3,5,8,13,18,24,30,37,44,52,59,66,72,77,81,85,88,90,91,92,92,92,92,93,93,NPgY,Primary,NPg Planning Scenario,Number of electric HGVs
BARNBURGH,0,1,1,2,3,7,13,21,32,45,61,77,95,114,134,152,168,183,196,208,217,224,230,233,234,235,236,236,237,238,NPgY,Primary,NPg Planning Scenario,Number of electric HGVs
BARNOLDSWICK,0,0,1,1,1,3,5,9,13,18,25,31,39,46,54,62,68,74,80,85,88,91,93,95,95,95,96,96,96,97,NPgY,Primary,NPg Planning Scenario,Number of electric HGVs
BARNSLEY,0,0,0,0,0,0,1,1,2,2,3,4,5,6,7,8,9,10,10,11,11,12,12,12,12,12,12,12,12,12,NPgY,Primary,NPg Planning Scenario,Number of electric HGVs
BARNSLEY ROAD,0,0,0,0,0,0,1,1,2,2,3,4,5,6,7,8,9,10,10,11,11,12,12,12,12,12,12,12,12,12,NPgY,Primary,NPg Planning Scenario,Number of electric HGVs
BARROW,0,0,0,0,0,1,1,2,3,5,6,8,10,12,14,16,18,19,20,22,23,23,24,24,24,24,25,25,25,25,NPgY,Primary,NPg Planning Scenario,Number of electric HGVs
BARUGH 66/11KV,0,1,2,3,5,9,17,28,42,59,79,101,124,148,174,198,219,239,256,271,283,292,299,303,305,306,307,308,309,310,NPgY,Primary,NPg Planning Scenario,Number of electric HGVs
BARWICK,0,0,1,1,2,3,6,9,14,20,27,34,42,50,59,67,74,81,87,92,96,99,102,103,104,104,104,105,105,105,NPgY,Primary,NPg Planning Scenario,Number of electric HGVs
BASLOW ROAD,0,0,0,0,0,0,0,0,0,0,0,0,0,0,0,0,0,0,0,0,0,0,0,0,0,0,0,0,0,0,NPgY,Primary,NPg Planning Scenario,Number of electric HGVs
BATLEY,0,1,2,3,4,9,16,26,39,55,75,95,117,140,164,187,207,225,241,256,267,276,282,286,288,289,290,291,291,292,NPgY,Primary,NPg Planning Scenario,Number of electric HGVs
BEAL,0,1,1,2,3,6,11,19,28,40,53,68,84,100,118,134,148,161,173,183,191,198,202,205,206,207,207,208,209,209,NPgY,Primary,NPg Planning Scenario,Number of electric HGVs
BEESTON ROYDS 33/11KV,0,0,0,1,1,2,3,5,8,11,15,19,24,28,33,38,42,46,49,52,54,56,57,58,59,59,59,59,59,59,NPgY,Primary,NPg Planning Scenario,Number of electric HGVs
BEESTON ROYDS 6/7,0,1,2,4,5,11,20,32,49,68,92,117,144,172,202,230,255,278,298,315,329,340,348,353,355,356,357,358,359,360,NPgY,Primary,NPg Planning Scenario,Number of electric HGVs
BEIGHTON,0,1,2,4,6,11,21,34,51,71,96,122,150,180,211,240,266,290,311,329,344,355,364,369,371,372,373,374,375,376,NPgY,Primary,NPg Planning Scenario,Number of electric HGVs
BELLHOUSE ROAD,0,0,0,0,0,1,2,3,4,6,8,10,12,14,17,19,21,23,25,26,27,28,29,29,29,29,29,30,30,30,NPgY,Primary,NPg Planning Scenario,Number of electric HGVs
BELMONT AVENUE,1,1,2,4,6,11,21,34,52,73,98,125,153,184,216,245,272,296,317,336,351,362,371,376,378,380,381,382,383,384,NPgY,Primary,NPg Planning Scenario,Number of electric HGVs
BELMONT COVERT,0,0,0,0,0,0,0,0,0,0,0,0,0,0,0,0,0,0,0,0,0,0,0,0,0,0,0,0,0,0,NPgY,Primary,NPg Planning Scenario,Number of electric HGVs
BELTHORPE LANE,0,0,0,0,1,1,2,4,6,8,11,14,17,21,24,28,31,33,36,38,40,41,42,42,43,43,43,43,43,43,NPgY,Primary,NPg Planning Scenario,Number of electric HGVs
BENTLEY,0,0,0,1,1,2,4,6,10,13,18,23,28,34,40,45,50,54,58,62,64,67,68,69,70,70,70,70,70,71,NPgY,Primary,NPg Planning Scenario,Number of electric HGVs
BILLET LANE,0,0,0,0,0,0,0,0,0,0,0,0,0,0,0,0,0,0,0,0,0,0,0,0,0,0,0,0,0,0,NPgY,Primary,NPg Planning Scenario,Number of electric HGVs
BINBROOK,0,0,0,0,0,0,0,0,0,0,0,0,0,0,0,0,0,0,0,0,0,0,0,0,0,0,0,0,0,0,NPgY,Primary,NPg Planning Scenario,Number of electric HGVs
BINGLEY 33/11KV,0,0,0,0,0,1,1,2,2,3,4,6,7,8,10,11,12,13,14,15,16,16,17,17,17,17,17,17,17,17,NPgY,Primary,NPg Planning Scenario,Number of electric HGVs
BIRKBY,0,1,1,2,2,5,9,15,23,32,43,54,67,80,94,107,118,129,138,146,153,158,161,164,165,165,166,166,167,167,NPgY,Primary,NPg Planning Scenario,Number of electric HGVs
BLACKBURN MEADOWS 33/11KV,0,0,1,1,1,3,5,8,12,16,22,28,34,41,48,55,60,66,71,75,78,81,83,84,84,84,85,85,85,85,NPgY,Primary,NPg Planning Scenario,Number of electric HGVs
BLUE BOY STREET,0,0,0,0,0,0,0,0,0,0,0,0,0,0,0,0,0,0,0,0,0,0,0,0,0,0,0,0,0,0,NPgY,Primary,NPg Planning Scenario,Number of electric HGVs
BOC BRINSWORTH,0,1,1,2,3,6,10,17,25,36,48,61,75,90,106,120,133,145,156,165,172,178,182,184,186,186,187,187,188,188,NPgY,Primary,NPg Planning Scenario,Number of electric HGVs
BOLTON ROAD,0,0,0,0,0,1,1,2,2,3,4,6,7,8,10,11,12,13,14,15,16,16,17,17,17,17,17,17,17,17,NPgY,Primary,NPg Planning Scenario,Number of electric HGVs
BOTTESFORD,0,0,0,0,0,0,0,0,0,0,0,0,0,0,0,0,0,0,0,0,0,0,0,0,0,0,0,0,0,0,NPgY,Primary,NPg Planning Scenario,Number of electric HGVs
BRAMHOPE,0,0,0,0,0,0,0,0,0,0,0,0,0,0,0,0,0,0,0,0,0,0,0,0,0,0,0,0,0,0,NPgY,Primary,NPg Planning Scenario,Number of electric HGVs
BRAMLEY,0,0,0,0,1,1,2,3,5,7,9,12,15,18,21,24,26,29,31,33,34,35,36,36,37,37,37,37,37,37,NPgY,Primary,NPg Planning Scenario,Number of electric HGVs
BRETT STREET,0,1,1,2,2,5,9,15,23,32,43,54,67,80,94,107,118,129,138,146,153,158,161,164,165,165,166,166,167,167,NPgY,Primary,NPg Planning Scenario,Number of electric HGVs
BRIDGES ROAD,0,1,1,2,2,4,8,14,20,29,39,49,60,72,85,96,107,116,125,132,138,143,146,148,149,149,150,150,151,151,NPgY,Primary,NPg Planning Scenario,Number of electric HGVs
BRIGHOUSE 33/11KV,0,0,0,0,1,1,2,4,6,8,11,14,17,21,24,28,31,33,36,38,40,41,42,42,43,43,43,43,43,43,NPgY,Primary,NPg Planning Scenario,Number of electric HGVs
BRODSWORTH,1,3,5,8,12,25,46,76,114,160,215,274,337,403,474,538,597,650,697,738,770,796,815,826,831,834,836,839,841,843,NPgY,Primary,NPg Planning Scenario,Number of electric HGVs
BROOKFIELD STREET,0,0,0,1,1,2,3,5,8,11,14,18,22,27,31,36,39,43,46,49,51,53,54,55,55,55,55,55,56,56,NPgY,Primary,NPg Planning Scenario,Number of electric HGVs
BTP,0,0,0,0,0,0,0,0,0,0,0,0,0,0,0,0,0,0,0,0,0,0,0,0,0,0,0,0,0,0,NPgY,Primary,NPg Planning Scenario,Number of electric HGVs
BURLEY STREET,0,0,0,0,0,1,2,3,4,6,8,10,12,15,17,20,22,24,26,27,28,29,30,30,31,31,31,31,31,31,NPgY,Primary,NPg Planning Scenario,Number of electric HGVs
BURMANTOFTS,0,0,0,0,0,0,0,0,0,0,0,0,0,0,0,0,0,0,0,0,0,0,0,0,0,0,0,0,0,0,NPgY,Primary,NPg Planning Scenario,Number of electric HGVs
BURNLEYVILLE,1,2,3,5,8,16,29,47,70,99,133,170,209,250,294,334,370,403,432,457,477,493,505,512,515,517,518,520,521,523,NPgY,Primary,NPg Planning Scenario,Number of electric HGVs
BURTON PIDSEA,0,0,0,0,0,0,0,0,0,0,0,0,0,0,0,0,0,0,0,0,0,0,0,0,0,0,0,0,0,0,NPgY,Primary,NPg Planning Scenario,Number of electric HGVs
BURTON ROAD,0,0,0,0,0,0,0,0,0,0,0,0,0,0,0,0,0,0,0,0,0,0,0,0,0,0,0,0,0,0,NPgY,Primary,NPg Planning Scenario,Number of electric HGVs
BUSLINGTHORPE GREEN,0,0,1,1,1,2,5,8,11,16,21,27,34,40,47,54,60,65,70,74,77,79,81,83,83,83,83,84,84,84,NPgY,Primary,NPg Planning Scenario,Number of electric HGVs
BUTTERWICK,0,0,0,0,0,1,1,2,3,5,6,8,10,12,14,16,18,19,20,22,23,23,24,24,24,24,25,25,25,25,NPgY,Primary,NPg Planning Scenario,Number of electric HGVs
CAISTOR,0,0,0,0,0,0,0,0,0,0,0,0,0,0,0,0,0,0,0,0,0,0,0,0,0,0,0,0,0,0,NPgY,Primary,NPg Planning Scenario,Number of electric HGVs
CALDER WHARF,0,1,2,3,4,9,16,26,39,55,74,95,116,139,163,186,206,224,240,255,266,275,281,285,287,288,289,289,290,291,NPgY,Primary,NPg Planning Scenario,Number of electric HGVs
CARLTON HILL,0,0,0,0,0,0,0,0,0,0,0,0,0,0,0,0,0,0,0,0,0,0,0,0,0,0,0,0,0,0,NPgY,Primary,NPg Planning Scenario,Number of electric HGVs
CARR LANE,0,1,1,2,2,5,8,14,21,29,39,50,61,73,86,97,108,117,126,133,139,144,147,149,150,151,151,151,152,152,NPgY,Primary,NPg Planning Scenario,Number of electric HGVs
CHELKER RESERVOIR,0,0,0,0,0,1,2,3,4,5,7,9,11,14,16,18,20,22,24,25,26,27,28,28,28,28,28,28,28,28,NPgY,Primary,NPg Planning Scenario,Number of electric HGVs
CHEVIN END,0,0,0,0,0,0,0,0,0,0,0,0,0,0,0,0,0,0,0,0,0,0,0,0,0,0,0,0,0,0,NPgY,Primary,NPg Planning Scenario,Number of electric HGVs
CLARENCE ROAD,0,0,0,0,0,0,0,0,0,0,0,0,0,0,0,0,0,0,0,0,0,0,0,0,0,0,0,0,0,0,NPgY,Primary,NPg Planning Scenario,Number of electric HGVs
CLARENDON ROAD,0,0,0,0,0,0,0,0,0,0,0,0,0,0,0,0,0,0,0,0,0,0,0,0,0,0,0,0,0,0,NPgY,Primary,NPg Planning Scenario,Number of electric HGVs
CLARENDON STREET,0,0,0,0,1,1,2,4,6,8,11,14,17,21,24,28,31,33,36,38,40,41,42,42,43,43,43,43,43,43,NPgY,Primary,NPg Planning Scenario,Number of electric HGVs
CLAYWHEELS LANE,0,1,1,2,2,4,8,14,20,29,39,49,60,72,85,96,107,116,125,132,138,143,146,148,149,149,150,150,151,151,NPgY,Primary,NPg Planning Scenario,Number of electric HGVs
CLOUGH LANE,0,0,0,0,1,1,2,4,6,8,11,14,17,21,24,28,31,33,36,38,40,41,42,42,43,43,43,43,43,43,NPgY,Primary,NPg Planning Scenario,Number of electric HGVs
COMMONSIDE LANE,0,1,1,2,3,7,13,21,31,44,59,75,92,111,130,148,164,178,191,203,212,219,224,227,228,229,230,230,231,232,NPgY,Primary,NPg Planning Scenario,Number of electric HGVs
CONVAMORE ROAD,0,0,0,0,1,1,3,4,6,9,12,15,19,23,26,30,33,36,39,41,43,44,45,46,46,47,47,47,47,47,NPgY,Primary,NPg Planning Scenario,Number of electric HGVs
CONYARD ROAD,0,0,0,0,0,0,0,0,0,0,0,0,0,0,0,0,0,0,0,0,0,0,0,0,0,0,0,0,0,0,NPgY,Primary,NPg Planning Scenario,Number of electric HGVs
CORNWALL STREET,1,3,5,9,13,26,48,78,118,166,222,283,348,417,490,556,617,672,720,763,796,823,842,854,859,862,864,867,869,872,NPgY,Primary,NPg Planning Scenario,Number of electric HGVs
CORRINGHAM ROAD,0,0,1,1,2,4,7,11,17,24,33,41,51,61,72,81,90,98,105,112,117,120,123,125,126,126,126,127,127,128,NPgY,Primary,NPg Planning Scenario,Number of electric HGVs
COSTHORPE,0,0,1,1,2,4,7,11,16,23,30,39,47,57,67,76,84,92,98,104,109,112,115,116,117,118,118,118,119,119,NPgY,Primary,NPg Planning Scenario,Number of electric HGVs
COUNTY ROAD NORTH,0,0,0,0,0,0,0,0,0,0,0,0,0,0,0,0,0,0,0,0,0,0,0,0,0,0,0,0,0,0,NPgY,Primary,NPg Planning Scenario,Number of electric HGVs
CRACOE,0,0,0,1,1,2,4,7,10,15,20,25,31,37,43,49,54,59,63,67,70,72,74,75,76,76,76,76,77,77,NPgY,Primary,NPg Planning Scenario,Number of electric HGVs
CROOKESMOOR ROAD,0,0,0,0,0,1,1,2,4,5,7,9,11,13,15,17,19,21,23,24,25,26,26,27,27,27,27,27,27,27,NPgY,Primary,NPg Planning Scenario,Number of electric HGVs
CROSSHILLS,0,1,1,2,3,5,10,16,24,33,45,57,70,84,98,111,124,135,144,153,160,165,169,171,172,173,173,174,174,175,NPgY,Primary,NPg Planning Scenario,Number of electric HGVs
CROWLE,0,0,0,0,0,0,0,0,0,0,0,0,0,0,0,0,0,0,0,0,0,0,0,0,0,0,0,0,0,0,NPgY,Primary,NPg Planning Scenario,Number of electric HGVs
CROWN STREET,0,0,0,0,1,1,2,4,6,8,11,14,17,20,24,27,30,32,35,37,38,40,41,41,42,42,42,42,42,42,NPgY,Primary,NPg Planning Scenario,Number of electric HGVs
DALTON,0,0,0,0,0,0,1,1,2,3,3,4,5,7,8,9,10,10,11,12,12,13,13,13,13,13,14,14,14,14,NPgY,Primary,NPg Planning Scenario,Number of electric HGVs
DARNALL,0,1,1,2,3,5,10,16,24,34,46,58,71,85,100,114,126,137,147,156,163,168,172,175,176,176,177,177,178,178,NPgY,Primary,NPg Planning Scenario,Number of electric HGVs
DEARNE ROAD,0,0,1,1,1,3,5,8,12,16,22,28,35,41,49,55,61,67,72,76,79,82,84,85,85,86,86,86,86,87,NPgY,Primary,NPg Planning Scenario,Number of electric HGVs
DEIGHTON,0,1,1,2,3,7,13,21,31,44,59,76,93,111,131,149,165,179,192,204,213,220,225,228,229,230,231,231,232,233,NPgY,Primary,NPg Planning Scenario,Number of electric HGVs
DENBY DALE ROAD,0,1,2,2,4,7,13,22,33,47,63,80,98,117,138,156,174,189,203,215,224,231,237,240,242,242,243,244,244,245,NPgY,Primary,NPg Planning Scenario,Number of electric HGVs
DENBY GRANGE,0,0,0,0,0,0,1,1,2,3,4,5,6,7,8,9,11,11,12,13,14,14,14,15,15,15,15,15,15,15,NPgY,Primary,NPg Planning Scenario,Number of electric HGVs
DENHOLME,0,0,0,0,0,0,0,0,0,0,0,0,0,0,0,0,0,0,0,0,0,0,0,0,0,0,0,0,0,0,NPgY,Primary,NPg Planning Scenario,Number of electric HGVs
DINNINGTON,0,1,2,3,5,10,19,31,47,66,89,113,139,166,195,222,246,268,288,305,318,328,336,341,343,344,345,346,347,348,NPgY,Primary,NPg Planning Scenario,Number of electric HGVs
DOUGHTY ROAD,0,0,0,1,1,2,3,5,7,10,13,17,21,25,29,33,37,40,43,46,48,49,50,51,51,51,52,52,52,52,NPgY,Primary,NPg Planning Scenario,Number of electric HGVs
DOWKER STREET,0,0,0,1,1,2,3,5,8,11,15,19,23,27,32,36,40,44,47,50,52,54,55,56,56,56,56,57,57,57,NPgY,Primary,NPg Planning Scenario,Number of electric HGVs
DRAX PRIMARY,0,0,0,0,1,1,2,3,5,7,9,11,14,17,19,22,25,27,29,30,32,33,33,34,34,34,34,34,35,35,NPgY,Primary,NPg Planning Scenario,Number of electric HGVs
DRIFFIELD,0,1,1,2,2,5,8,14,21,29,40,50,62,74,87,99,110,119,128,135,141,146,150,152,153,153,153,154,154,155,NPgY,Primary,NPg Planning Scenario,Number of electric HGVs
DRONFIELD,0,0,0,0,0,0,1,1,2,2,3,4,5,6,7,8,9,10,10,11,11,12,12,12,12,12,12,12,12,12,NPgY,Primary,NPg Planning Scenario,Number of electric HGVs
DUDLEY HILL,1,2,4,7,10,20,37,60,91,128,172,219,269,322,378,429,476,518,556,588,614,635,649,659,663,665,667,669,670,672,NPgY,Primary,NPg Planning Scenario,Number of electric HGVs
DUNKESWICK,0,0,0,0,0,0,0,0,0,0,0,0,0,0,0,0,0,0,0,0,0,0,0,0,0,0,0,0,0,0,NPgY,Primary,NPg Planning Scenario,Number of electric HGVs
DURKAR LOW LANE,0,0,1,1,1,3,5,9,13,19,25,32,40,47,56,63,70,76,82,87,91,93,96,97,98,98,98,99,99,99,NPgY,Primary,NPg Planning Scenario,Number of electric HGVs
EASINGTON,0,0,0,0,0,0,0,0,0,0,0,0,0,0,0,0,0,0,0,0,0,0,0,0,0,0,0,0,0,0,NPgY,Primary,NPg Planning Scenario,Number of electric HGVs
EASTFIELD ROAD,2,5,10,16,23,47,86,141,211,298,400,510,626,750,881,1001,1110,1208,1295,1372,1432,1480,1514,1536,1545,1550,1554,1559,1563,1568,NPgY,Primary,NPg Planning Scenario,Number of electric HGVs
ECCLESFIELD,0,0,1,1,2,4,8,12,19,26,35,45,55,66,77,88,97,106,114,120,126,130,133,135,135,136,136,137,137,137,NPgY,Primary,NPg Planning Scenario,Number of electric HGVs
EDLINGTON,0,1,2,3,5,10,19,31,46,65,87,111,136,163,191,217,241,262,281,298,311,321,329,334,336,337,338,339,340,341,NPgY,Primary,NPg Planning Scenario,Number of electric HGVs
EGGBOROUGH,1,2,3,5,7,14,26,43,64,90,121,155,190,227,267,303,337,366,393,416,434,449,459,466,469,470,471,473,474,475,NPgY,Primary,NPg Planning Scenario,Number of electric HGVs
ELGAR ROAD,0,0,0,0,0,0,0,0,0,0,0,0,0,0,0,0,0,0,0,0,0,0,0,0,0,0,0,0,0,0,NPgY,Primary,NPg Planning Scenario,Number of electric HGVs
ELLAND 33/11KV,0,0,1,1,1,2,5,8,11,16,21,27,34,40,47,54,60,65,70,74,77,79,81,83,83,83,83,84,84,84,NPgY,Primary,NPg Planning Scenario,Number of electric HGVs
ELLIFOOT LANE,0,0,0,0,0,0,0,0,0,0,0,0,0,0,0,0,0,0,0,0,0,0,0,0,0,0,0,0,0,0,NPgY,Primary,NPg Planning Scenario,Number of electric HGVs
ELLIN STREET 1/3,0,0,0,0,0,0,0,0,0,0,0,0,0,0,0,0,0,0,0,0,0,0,0,0,0,0,0,0,0,0,NPgY,Primary,NPg Planning Scenario,Number of electric HGVs
ELLIN STREET 2,0,0,0,0,0,0,0,0,0,0,0,0,0,0,0,0,0,0,0,0,0,0,0,0,0,0,0,0,0,0,NPgY,Primary,NPg Planning Scenario,Number of electric HGVs
ELMHIRST LANE 1,0,0,0,0,0,0,0,0,0,0,0,0,0,0,0,0,0,0,0,0,0,0,0,0,0,0,0,0,0,0,NPgY,Primary,NPg Planning Scenario,Number of electric HGVs
ELMHIRST LANE 2,0,1,1,2,3,7,13,21,31,44,59,75,92,111,130,148,164,178,191,203,212,219,224,227,228,229,230,230,231,232,NPgY,Primary,NPg Planning Scenario,Number of electric HGVs
ELSECAR,0,0,0,0,0,0,0,0,0,0,0,0,0,0,0,0,0,0,0,0,0,0,0,0,0,0,0,0,0,0,NPgY,Primary,NPg Planning Scenario,Number of electric HGVs
ENDIKE LANE,0,0,0,0,0,1,1,2,3,4,5,7,8,10,12,13,15,16,17,18,19,20,20,21,21,21,21,21,21,21,NPgY,Primary,NPg Planning Scenario,Number of electric HGVs
EPWORTH,1,1,3,4,6,12,22,36,55,77,104,132,162,194,228,259,287,313,336,355,371,383,392,398,400,402,403,404,405,406,NPgY,Primary,NPg Planning Scenario,Number of electric HGVs
FARNLEY CRESCENT,0,0,0,0,1,1,3,4,7,9,13,16,20,24,28,32,35,38,41,43,45,47,48,49,49,49,49,49,49,50,NPgY,Primary,NPg Planning Scenario,Number of electric HGVs
FENTON LANE,0,0,0,0,0,0,0,0,0,0,0,0,0,0,0,0,0,0,0,0,0,0,0,0,0,0,0,0,0,0,NPgY,Primary,NPg Planning Scenario,Number of electric HGVs
FERRYBRIDGE A 11KV,0,0,1,1,2,4,8,13,19,27,37,47,57,69,81,92,102,111,119,126,131,136,139,141,142,142,142,143,143,144,NPgY,Primary,NPg Planning Scenario,Number of electric HGVs
FIR TREE LANE,0,0,0,0,0,0,0,0,0,0,0,0,0,0,0,0,0,0,0,0,0,0,0,0,0,0,0,0,0,0,NPgY,Primary,NPg Planning Scenario,Number of electric HGVs
FIRST AVENUE,0,0,0,0,0,1,2,3,4,6,8,10,13,15,18,21,23,25,27,28,29,30,31,32,32,32,32,32,32,32,NPgY,Primary,NPg Planning Scenario,Number of electric HGVs
FIRTH BROWN,0,0,0,0,0,0,0,0,0,0,0,0,0,0,0,0,0,0,0,0,0,0,0,0,0,0,0,0,0,0,NPgY,Primary,NPg Planning Scenario,Number of electric HGVs
FISH DAM LANE,0,1,1,2,3,5,9,15,23,33,44,56,69,82,97,110,122,133,142,151,157,162,166,169,170,170,171,171,172,172,NPgY,Primary,NPg Planning Scenario,Number of electric HGVs
FLIXBOROUGH,1,2,4,6,8,17,31,51,76,107,144,184,226,271,318,361,401,436,468,495,517,534,547,555,558,559,561,563,564,566,NPgY,Primary,NPg Planning Scenario,Number of electric HGVs
FOLLY HALL,0,0,0,0,0,0,0,0,0,0,0,0,0,0,0,0,0,0,0,0,0,0,0,0,0,0,0,0,0,0,NPgY,Primary,NPg Planning Scenario,Number of electric HGVs
FOUR LANE ENDS,0,0,0,0,0,0,1,1,2,2,3,4,5,6,7,8,9,10,10,11,11,12,12,12,12,12,12,12,12,12,NPgY,Primary,NPg Planning Scenario,Number of electric HGVs
FOXHILLS,1,2,3,5,8,15,28,46,69,97,131,166,204,245,287,326,362,394,423,448,467,483,494,501,504,506,507,509,510,511,NPgY,Primary,NPg Planning Scenario,Number of electric HGVs
FULLERTON ROAD,0,0,1,1,1,3,5,9,13,19,25,32,40,47,56,63,70,76,82,87,91,93,96,97,98,98,98,99,99,99,NPgY,Primary,NPg Planning Scenario,Number of electric HGVs
FURNESS AVENUE,0,0,0,1,1,2,4,7,10,14,19,24,30,36,42,47,53,57,61,65,68,70,72,73,73,73,74,74,74,74,NPgY,Primary,NPg Planning Scenario,Number of electric HGVs
GAISBY LANE,0,0,1,1,2,4,7,11,16,23,30,39,47,57,67,76,84,92,98,104,109,112,115,116,117,118,118,118,119,119,NPgY,Primary,NPg Planning Scenario,Number of electric HGVs
GIBRALTAR ROAD,0,1,2,3,5,10,19,31,46,65,87,111,136,163,191,217,241,262,281,298,311,321,329,334,336,337,338,339,340,341,NPgY,Primary,NPg Planning Scenario,Number of electric HGVs
GIBSON LANE,1,2,3,5,7,14,26,43,65,92,123,157,193,231,271,308,342,372,399,423,441,456,466,473,476,477,479,480,482,483,NPgY,Primary,NPg Planning Scenario,Number of electric HGVs
GILDERSOME,0,1,2,4,5,10,19,32,47,67,90,114,140,168,198,224,249,271,291,308,321,332,340,345,347,348,349,350,351,352,NPgY,Primary,NPg Planning Scenario,Number of electric HGVs
GLEADLESS VALLEY,0,0,0,0,0,0,0,0,0,0,0,0,0,0,0,0,0,0,0,0,0,0,0,0,0,0,0,0,0,0,NPgY,Primary,NPg Planning Scenario,Number of electric HGVs
GOOLE,1,3,5,9,13,26,48,78,118,166,223,284,349,418,490,557,618,673,721,764,798,824,843,855,861,863,866,868,871,873,NPgY,Primary,NPg Planning Scenario,Number of electric HGVs
GRAINTHORPE,0,0,0,0,0,1,1,2,3,4,5,6,7,9,10,12,13,14,15,16,17,18,18,18,18,18,18,18,19,19,NPgY,Primary,NPg Planning Scenario,Number of electric HGVs
GREAT COATES,0,0,0,0,0,0,1,1,2,2,3,4,5,6,7,8,9,10,10,11,11,12,12,12,12,12,12,12,12,12,NPgY,Primary,NPg Planning Scenario,Number of electric HGVs
GREENHILL,0,0,0,0,0,0,0,0,0,0,0,0,0,0,0,0,0,0,0,0,0,0,0,0,0,0,0,0,0,0,NPgY,Primary,NPg Planning Scenario,Number of electric HGVs
GREYFRIARS RD,0,0,0,0,0,1,1,2,4,5,7,9,11,13,15,17,19,21,23,24,25,26,26,27,27,27,27,27,27,27,NPgY,Primary,NPg Planning Scenario,Number of electric HGVs
GREYFRIARS ROAD 3/4,0,0,0,0,0,1,1,2,3,4,6,7,9,11,13,14,16,17,18,20,20,21,22,22,22,22,22,22,22,22,NPgY,Primary,NPg Planning Scenario,Number of electric HGVs
GRIMETHORPE,0,1,1,2,3,5,10,16,24,33,45,57,70,84,99,112,124,135,145,154,161,166,170,172,173,174,174,175,175,176,NPgY,Primary,NPg Planning Scenario,Number of electric HGVs
GROVE STREET,0,0,0,0,0,0,0,0,0,0,0,0,0,0,0,0,0,0,0,0,0,0,0,0,0,0,0,0,0,0,NPgY,Primary,NPg Planning Scenario,Number of electric HGVs
GUARDIAN GLASS,0,0,0,0,0,0,0,0,0,0,0,0,0,0,0,0,0,0,0,0,0,0,0,0,0,0,0,0,0,0,NPgY,Primary,NPg Planning Scenario,Number of electric HGVs
HACKENTHORPE,0,0,0,0,0,0,0,0,0,0,0,0,0,0,0,0,0,0,0,0,0,0,0,0,0,0,0,0,0,0,NPgY,Primary,NPg Planning Scenario,Number of electric HGVs
HALIFAX 33/11KV,0,0,0,1,1,2,3,5,7,10,14,17,21,25,30,34,38,41,44,47,49,50,51,52,52,53,53,53,53,53,NPgY,Primary,NPg Planning Scenario,Number of electric HGVs
HALLAM STREET,0,0,0,0,0,0,0,0,0,0,0,0,0,0,0,0,0,0,0,0,0,0,0,0,0,0,0,0,0,0,NPgY,Primary,NPg Planning Scenario,Number of electric HGVs
HARDEN,0,0,0,0,0,1,2,3,4,6,8,10,13,15,18,21,23,25,27,28,29,30,31,32,32,32,32,32,32,32,NPgY,Primary,NPg Planning Scenario,Number of electric HGVs
HARPSWELL,0,0,0,0,0,1,2,3,4,6,8,10,12,14,17,19,21,23,25,26,27,28,29,29,29,29,29,30,30,30,NPgY,Primary,NPg Planning Scenario,Number of electric HGVs
HARWORTH,0,1,1,2,2,5,9,15,22,32,42,54,66,79,93,106,117,128,137,145,152,157,160,163,164,164,165,165,165,166,NPgY,Primary,NPg Planning Scenario,Number of electric HGVs
HAWORTH 1,0,0,0,0,0,1,1,2,3,5,6,8,10,12,14,16,18,19,20,22,23,23,24,24,24,24,25,25,25,25,NPgY,Primary,NPg Planning Scenario,Number of electric HGVs
HAWORTH 2,0,0,0,0,0,0,0,0,0,0,0,0,0,0,0,0,0,0,0,0,0,0,0,0,0,0,0,0,0,0,NPgY,Primary,NPg Planning Scenario,Number of electric HGVs
HAXEY,0,0,0,0,0,1,1,2,2,3,4,6,7,8,10,11,12,13,14,15,16,16,17,17,17,17,17,17,17,17,NPgY,Primary,NPg Planning Scenario,Number of electric HGVs
HAYTON,0,1,1,2,3,6,11,19,28,39,53,67,83,99,116,132,146,159,171,181,189,195,200,203,204,204,205,206,206,207,NPgY,Primary,NPg Planning Scenario,Number of electric HGVs
HAZLEHEAD,0,0,1,1,2,4,8,13,19,27,36,46,57,68,80,91,101,110,118,125,130,134,138,140,140,141,141,142,142,142,NPgY,Primary,NPg Planning Scenario,Number of electric HGVs
HEBDEN BRIDGE,0,0,0,0,0,0,0,0,0,0,0,0,0,0,0,0,0,0,0,0,0,0,0,0,0,0,0,0,0,0,NPgY,Primary,NPg Planning Scenario,Number of electric HGVs
HEDLEY CHASE,0,0,0,1,1,2,3,5,8,11,14,18,22,27,31,36,39,43,46,49,51,53,54,55,55,55,55,55,56,56,NPgY,Primary,NPg Planning Scenario,Number of electric HGVs
HEDON ROAD,0,0,0,1,1,2,3,5,8,11,15,19,23,27,32,36,40,44,47,50,52,54,55,56,56,56,56,57,57,57,NPgY,Primary,NPg Planning Scenario,Number of electric HGVs
HEMSWORTH,0,0,1,1,2,4,8,13,19,27,36,46,57,68,80,91,101,110,118,125,130,134,138,140,140,141,141,142,142,142,NPgY,Primary,NPg Planning Scenario,Number of electric HGVs
HESSLE ROAD 1,0,0,0,0,1,1,3,4,6,9,12,15,18,22,26,29,32,35,38,40,42,43,44,45,45,45,45,46,46,46,NPgY,Primary,NPg Planning Scenario,Number of electric HGVs
HESSLE ROAD 2,0,0,1,1,2,4,8,13,19,27,36,46,57,68,80,91,101,110,118,125,130,134,138,140,140,141,141,142,142,142,NPgY,Primary,NPg Planning Scenario,Number of electric HGVs
HIBALDSTOW,0,1,1,2,3,6,11,18,27,38,51,65,80,96,113,128,142,155,166,176,183,189,194,197,198,198,199,199,200,201,NPgY,Primary,NPg Planning Scenario,Number of electric HGVs
HICKLETON,0,0,0,1,1,2,3,5,8,11,14,18,22,27,31,36,39,43,46,49,51,53,54,55,55,55,55,55,56,56,NPgY,Primary,NPg Planning Scenario,Number of electric HGVs
HILLCREST,0,0,0,0,0,0,0,0,0,0,0,0,0,0,0,0,0,0,0,0,0,0,0,0,0,0,0,0,0,0,NPgY,Primary,NPg Planning Scenario,Number of electric HGVs
HOLBECK,0,1,1,2,3,5,10,16,24,34,46,59,72,86,102,115,128,139,149,158,165,171,175,177,178,179,179,180,180,181,NPgY,Primary,NPg Planning Scenario,Number of electric HGVs
HOLDERNESS,0,0,0,0,0,0,1,1,2,3,4,5,6,7,8,9,11,11,12,13,14,14,14,15,15,15,15,15,15,15,NPgY,Primary,NPg Planning Scenario,Number of electric HGVs
HOLME UPON SPALDING MOOR,0,0,0,1,1,2,3,5,8,11,14,18,22,27,31,36,39,43,46,49,51,53,54,55,55,55,55,55,56,56,NPgY,Primary,NPg Planning Scenario,Number of electric HGVs
HONLEY,0,0,1,1,2,3,6,10,15,21,29,37,45,54,63,72,80,87,93,99,103,106,109,110,111,111,112,112,112,113,NPgY,Primary,NPg Planning Scenario,Number of electric HGVs
HOPE,0,0,0,0,1,1,2,3,5,7,9,11,14,17,19,22,25,27,29,30,32,33,33,34,34,34,34,34,35,35,NPgY,Primary,NPg Planning Scenario,Number of electric HGVs
HORBURY,0,0,0,0,0,1,2,3,4,6,8,10,13,15,18,21,23,25,27,28,29,30,31,32,32,32,32,32,32,32,NPgY,Primary,NPg Planning Scenario,Number of electric HGVs
HOUGHTON MAIN,0,0,1,1,2,4,7,12,18,26,35,44,54,65,77,87,96,105,113,119,124,129,132,133,134,135,135,135,136,136,NPgY,Primary,NPg Planning Scenario,Number of electric HGVs
HULL EAST 33/11KV,1,1,3,4,6,12,23,38,57,80,107,136,168,201,236,268,297,323,347,367,383,396,405,411,414,415,416,417,419,420,NPgY,Primary,NPg Planning Scenario,Number of electric HGVs
HUMBER ROAD,0,0,0,0,0,0,0,0,0,0,0,0,0,0,0,0,0,0,0,0,0,0,0,0,0,0,0,0,0,0,NPgY,Primary,NPg Planning Scenario,Number of electric HGVs
HUNMANBY,0,0,0,0,0,1,1,2,3,5,6,8,10,12,14,16,18,19,20,22,23,23,24,24,24,24,25,25,25,25,NPgY,Primary,NPg Planning Scenario,Number of electric HGVs
ICI FIBRES,0,0,0,0,0,0,0,0,0,0,0,0,0,0,0,0,0,0,0,0,0,0,0,0,0,0,0,0,0,0,NPgY,Primary,NPg Planning Scenario,Number of electric HGVs
IDLE,0,0,0,0,0,1,2,3,4,6,8,10,12,15,17,20,22,24,26,27,28,29,30,30,31,31,31,31,31,31,NPgY,Primary,NPg Planning Scenario,Number of electric HGVs
ILKLEY,0,0,0,0,0,0,0,0,0,0,0,0,0,0,0,0,0,0,0,0,0,0,0,0,0,0,0,0,0,0,NPgY,Primary,NPg Planning Scenario,Number of electric HGVs
INGS LANE,0,0,1,1,1,2,4,7,11,15,21,26,32,38,45,51,57,62,67,70,74,76,78,79,79,80,80,80,80,80,NPgY,Primary,NPg Planning Scenario,Number of electric HGVs
IVESON HOUSE,0,0,0,0,0,0,0,0,0,0,0,0,0,0,0,0,0,0,0,0,0,0,0,0,0,0,0,0,0,0,NPgY,Primary,NPg Planning Scenario,Number of electric HGVs
JARRATT STREET,0,1,2,3,4,8,14,23,35,49,66,84,103,123,145,164,182,198,213,225,235,243,249,252,254,255,255,256,257,258,NPgY,Primary,NPg Planning Scenario,Number of electric HGVs
KEDDINGTON ROAD,0,0,0,0,0,0,0,0,0,0,0,0,0,0,0,0,0,0,0,0,0,0,0,0,0,0,0,0,0,0,NPgY,Primary,NPg Planning Scenario,Number of electric HGVs
KEIGHLEY,0,0,0,0,0,1,1,2,2,3,4,6,7,8,10,11,12,13,14,15,16,16,17,17,17,17,17,17,17,17,NPgY,Primary,NPg Planning Scenario,Number of electric HGVs
KENMORE ROAD,0,1,1,2,2,5,9,15,23,32,43,54,67,80,94,107,118,129,138,146,153,158,161,164,165,165,166,166,167,167,NPgY,Primary,NPg Planning Scenario,Number of electric HGVs
KILLINGHALL ROAD,0,0,0,0,0,0,0,0,0,0,0,0,0,0,0,0,0,0,0,0,0,0,0,0,0,0,0,0,0,0,NPgY,Primary,NPg Planning Scenario,Number of electric HGVs
KILNHURST,0,0,1,1,1,3,5,9,13,18,24,31,38,46,54,61,67,73,79,83,87,90,92,93,94,94,95,95,95,95,NPgY,Primary,NPg Planning Scenario,Number of electric HGVs
KING GEORGE DOCK,1,2,4,6,8,17,31,51,77,108,146,186,228,273,321,364,404,440,472,500,522,539,551,559,563,564,566,568,569,571,NPgY,Primary,NPg Planning Scenario,Number of electric HGVs
KIRK DRIVE,0,0,1,1,1,2,4,7,11,15,21,26,32,38,45,51,57,62,67,70,74,76,78,79,79,80,80,80,80,80,NPgY,Primary,NPg Planning Scenario,Number of electric HGVs
KIRK SANDALL,1,3,6,9,13,27,50,82,123,174,234,297,365,438,514,584,648,705,756,801,836,864,884,897,902,905,907,910,913,915,NPgY,Primary,NPg Planning Scenario,Number of electric HGVs
KIRKBURN,0,1,1,2,2,5,8,14,21,29,39,50,61,73,86,97,108,117,126,133,139,144,147,149,150,151,151,151,152,152,NPgY,Primary,NPg Planning Scenario,Number of electric HGVs
KIVETON PARK,0,0,0,1,1,2,4,7,10,14,19,24,30,36,42,47,53,57,61,65,68,70,72,73,73,73,74,74,74,74,NPgY,Primary,NPg Planning Scenario,Number of electric HGVs
WETHERBY,0,0,0,0,0,0,0,0,0,0,0,0,0,0,0,0,0,0,0,0,0,0,0,0,0,0,0,0,0,0,NPgY,Primary,NPg Planning Scenario,Number of electric HGVs
LEA ROAD,0,0,0,0,1,1,2,3,5,7,9,12,15,18,21,24,26,29,31,33,34,35,36,36,37,37,37,37,37,37,NPgY,Primary,NPg Planning Scenario,Number of electric HGVs
LEASOWE ROAD,2,5,9,14,20,41,76,125,187,264,354,451,554,664,780,886,983,1070,1147,1215,1268,1310,1341,1360,1368,1372,1376,1380,1384,1388,NPgY,Primary,NPg Planning Scenario,Number of electric HGVs
LEDSTON,0,1,1,2,3,5,10,17,25,35,47,60,74,88,104,118,131,142,152,161,169,174,178,181,182,182,183,183,184,185,NPgY,Primary,NPg Planning Scenario,Number of electric HGVs
LEEDS ROAD,0,0,0,0,0,0,0,0,0,0,0,0,0,0,0,0,0,0,0,0,0,0,0,0,0,0,0,0,0,0,NPgY,Primary,NPg Planning Scenario,Number of electric HGVs
LEGRAMS MILL LANE,0,0,0,0,1,1,2,3,5,7,9,12,15,18,21,24,26,29,31,33,34,35,36,36,37,37,37,37,37,37,NPgY,Primary,NPg Planning Scenario,Number of electric HGVs
LEYLANDS ROAD,0,0,0,0,0,0,0,0,0,0,0,0,0,0,0,0,0,0,0,0,0,0,0,0,0,0,0,0,0,0,NPgY,Primary,NPg Planning Scenario,Number of electric HGVs
LIVERSEDGE,0,0,0,0,1,1,2,3,5,7,9,12,15,18,21,24,26,29,31,33,34,35,36,36,37,37,37,37,37,37,NPgY,Primary,NPg Planning Scenario,Number of electric HGVs
LOUTH,0,0,0,1,1,2,4,7,10,14,19,25,30,36,42,48,53,58,62,66,69,71,73,74,74,75,75,75,75,76,NPgY,Primary,NPg Planning Scenario,Number of electric HGVs
LOW MOOR,1,2,3,5,7,15,27,45,68,95,128,163,200,240,282,320,355,386,414,439,458,473,484,491,494,496,497,499,500,501,NPgY,Primary,NPg Planning Scenario,Number of electric HGVs
LOWFIELDS,0,0,0,0,0,0,0,0,0,0,0,0,0,0,0,0,0,0,0,0,0,0,0,0,0,0,0,0,0,0,NPgY,Primary,NPg Planning Scenario,Number of electric HGVs
LOXLEY ROAD,0,0,0,0,0,0,0,0,0,0,0,0,0,0,0,0,0,0,0,0,0,0,0,0,0,0,0,0,0,0,NPgY,Primary,NPg Planning Scenario,Number of electric HGVs
MANCHESTER ROAD,0,0,0,0,0,0,0,0,0,0,0,0,0,0,0,0,0,0,0,0,0,0,0,0,0,0,0,0,0,0,NPgY,Primary,NPg Planning Scenario,Number of electric HGVs
MANSFIELD ROAD 1,0,0,1,1,1,3,5,8,12,16,22,28,35,41,49,55,61,67,72,76,79,82,84,85,85,86,86,86,86,87,NPgY,Primary,NPg Planning Scenario,Number of electric HGVs
MANSFIELD ROAD 2,0,0,0,0,0,0,0,0,0,0,0,0,0,0,0,0,0,0,0,0,0,0,0,0,0,0,0,0,0,0,NPgY,Primary,NPg Planning Scenario,Number of electric HGVs
MARKHAM GATES,0,0,0,0,0,0,0,0,0,0,0,0,0,0,0,0,0,0,0,0,0,0,0,0,0,0,0,0,0,0,NPgY,Primary,NPg Planning Scenario,Number of electric HGVs
MARMION ROAD,0,0,0,0,0,0,0,0,0,0,0,0,0,0,0,0,0,0,0,0,0,0,0,0,0,0,0,0,0,0,NPgY,Primary,NPg Planning Scenario,Number of electric HGVs
MARSDEN ROAD,0,0,0,0,1,1,3,4,7,9,13,16,20,24,28,32,35,38,41,43,45,47,48,49,49,49,49,49,49,50,NPgY,Primary,NPg Planning Scenario,Number of electric HGVs
MARTONGATE,0,0,0,0,0,0,0,0,0,0,0,0,0,0,0,0,0,0,0,0,0,0,0,0,0,0,0,0,0,0,NPgY,Primary,NPg Planning Scenario,Number of electric HGVs
MELTHAM,0,0,0,0,0,1,1,2,3,5,6,8,10,12,14,16,18,19,20,22,23,23,24,24,24,24,25,25,25,25,NPgY,Primary,NPg Planning Scenario,Number of electric HGVs
MEXBOROUGH 1_2,0,1,1,2,3,7,12,20,30,42,56,71,88,105,123,140,155,169,181,192,200,207,212,215,216,217,217,218,219,219,NPgY,Primary,NPg Planning Scenario,Number of electric HGVs
MIDDLETON TOWN STREET,0,1,1,2,4,7,13,21,32,45,61,78,95,114,134,153,169,184,197,209,218,226,231,234,236,236,237,238,238,239,NPgY,Primary,NPg Planning Scenario,Number of electric HGVs
MILLHOUSES,0,0,0,0,0,0,0,0,0,0,0,0,0,0,0,0,0,0,0,0,0,0,0,0,0,0,0,0,0,0,NPgY,Primary,NPg Planning Scenario,Number of electric HGVs
MILLROYD STREET,0,1,1,2,3,6,10,17,25,36,48,61,75,89,105,119,132,144,155,164,171,176,181,183,184,185,185,186,186,187,NPgY,Primary,NPg Planning Scenario,Number of electric HGVs
MILTON PLACE,0,1,2,3,4,8,15,24,36,51,69,88,108,129,152,172,191,208,223,236,247,255,261,265,266,267,268,268,269,270,NPgY,Primary,NPg Planning Scenario,Number of electric HGVs
MIRFIELD,0,0,0,1,1,2,3,6,8,12,16,20,25,30,35,40,44,48,51,54,57,58,60,61,61,61,61,62,62,62,NPgY,Primary,NPg Planning Scenario,Number of electric HGVs
MONCKTON,0,0,0,0,1,1,2,3,5,7,9,12,15,18,21,24,26,29,31,33,34,35,36,36,37,37,37,37,37,37,NPgY,Primary,NPg Planning Scenario,Number of electric HGVs
MOOR ROAD,0,0,0,0,0,0,0,0,0,0,0,0,0,0,0,0,0,0,0,0,0,0,0,0,0,0,0,0,0,0,NPgY,Primary,NPg Planning Scenario,Number of electric HGVs
MOORSIDE ROAD,0,0,0,0,0,0,0,0,0,0,0,0,0,0,0,0,0,0,0,0,0,0,0,0,0,0,0,0,0,0,NPgY,Primary,NPg Planning Scenario,Number of electric HGVs
MORLEY,1,1,2,4,6,12,22,35,53,75,101,128,158,189,222,252,280,304,326,346,361,373,382,387,389,391,392,393,394,395,NPgY,Primary,NPg Planning Scenario,Number of electric HGVs
MOUNT STREET,0,1,2,4,5,11,19,32,48,67,91,116,142,170,200,227,252,274,294,311,325,335,343,348,350,351,352,353,354,355,NPgY,Primary,NPg Planning Scenario,Number of electric HGVs
MYTHOLMROYD,0,0,0,0,0,0,0,0,0,0,0,0,0,0,0,0,0,0,0,0,0,0,0,0,0,0,0,0,0,0,NPgY,Primary,NPg Planning Scenario,Number of electric HGVs
NAB LANE,0,1,2,3,4,8,15,25,38,53,71,91,111,133,157,178,197,215,230,244,255,263,269,273,275,275,276,277,278,279,NPgY,Primary,NPg Planning Scenario,Number of electric HGVs
NABWOOD,0,0,0,0,0,0,0,0,0,0,0,0,0,0,0,0,0,0,0,0,0,0,0,0,0,0,0,0,0,0,NPgY,Primary,NPg Planning Scenario,Number of electric HGVs
NATIONAL AVENUE,0,0,0,0,0,0,1,1,2,2,3,4,5,6,7,8,9,10,10,11,11,12,12,12,12,12,12,12,12,12,NPgY,Primary,NPg Planning Scenario,Number of electric HGVs
NEW DROPPINGWELL ROAD,0,0,0,0,0,0,0,0,0,0,0,0,0,0,0,0,0,0,0,0,0,0,0,0,0,0,0,0,0,0,NPgY,Primary,NPg Planning Scenario,Number of electric HGVs
NEW ORCHARD LANE,1,3,5,8,11,23,42,69,103,145,195,248,305,365,429,488,541,589,631,669,698,721,738,749,753,755,758,760,762,764,NPgY,Primary,NPg Planning Scenario,Number of electric HGVs
NEWHALL ROAD,0,0,1,1,1,2,5,7,11,16,21,27,33,40,47,53,59,64,69,73,76,78,80,81,82,82,82,82,83,83,NPgY,Primary,NPg Planning Scenario,Number of electric HGVs
NEWPORT 1,0,1,1,2,3,5,9,15,23,32,44,56,68,82,96,109,121,132,141,150,156,161,165,167,168,169,169,170,170,171,NPgY,Primary,NPg Planning Scenario,Number of electric HGVs
NEWPORT 2,0,0,0,0,0,0,0,0,0,0,0,0,0,0,0,0,0,0,0,0,0,0,0,0,0,0,0,0,0,0,NPgY,Primary,NPg Planning Scenario,Number of electric HGVs
NINELANDS LANE,0,1,1,2,3,7,13,21,31,44,59,75,92,110,129,147,163,177,190,202,210,217,222,226,227,228,228,229,230,230,NPgY,Primary,NPg Planning Scenario,Number of electric HGVs
NORFOLK PARK,0,0,0,0,0,0,0,0,0,0,0,0,0,0,0,0,0,0,0,0,0,0,0,0,0,0,0,0,0,0,NPgY,Primary,NPg Planning Scenario,Number of electric HGVs
NORMANBY,0,0,0,0,0,0,0,0,0,0,0,0,0,0,0,0,0,0,0,0,0,0,0,0,0,0,0,0,0,0,NPgY,Primary,NPg Planning Scenario,Number of electric HGVs
NORMANTON,2,5,9,14,21,43,79,129,194,274,368,468,576,689,810,920,1020,1111,1191,1261,1317,1360,1392,1412,1421,1425,1429,1433,1437,1441,NPgY,Primary,NPg Planning Scenario,Number of electric HGVs
NORTH AVENUE,0,0,0,0,0,1,1,2,3,4,5,6,8,9,11,13,14,15,16,17,18,19,19,19,20,20,20,20,20,20,NPgY,Primary,NPg Planning Scenario,Number of electric HGVs
NORTH THORESBY,0,0,0,0,0,0,0,0,0,0,0,0,0,0,0,0,0,0,0,0,0,0,0,0,0,0,0,0,0,0,NPgY,Primary,NPg Planning Scenario,Number of electric HGVs
NORWOOD,0,0,0,0,0,0,1,1,2,3,3,4,5,7,8,9,10,10,11,12,12,13,13,13,13,13,14,14,14,14,NPgY,Primary,NPg Planning Scenario,Number of electric HGVs
OAKES ROAD,0,0,0,0,1,1,2,4,5,8,10,13,16,19,22,25,28,31,33,35,36,37,38,39,39,39,39,39,40,40,NPgY,Primary,NPg Planning Scenario,Number of electric HGVs
OAKWOOD LANE,0,0,0,0,0,0,0,0,0,0,0,0,0,0,0,0,0,0,0,0,0,0,0,0,0,0,0,0,0,0,NPgY,Primary,NPg Planning Scenario,Number of electric HGVs
ODSAL,0,0,1,1,2,3,6,10,16,22,30,38,46,56,65,74,82,90,96,102,106,110,112,114,115,115,115,116,116,116,NPgY,Primary,NPg Planning Scenario,Number of electric HGVs
OLYMPIA MILLS,0,1,2,3,4,9,16,26,39,55,74,94,116,139,163,185,205,223,239,254,265,273,280,284,286,286,287,288,289,290,NPgY,Primary,NPg Planning Scenario,Number of electric HGVs
ORGREAVE,0,0,0,0,0,0,1,1,2,3,4,5,6,7,8,9,11,11,12,13,14,14,14,15,15,15,15,15,15,15,NPgY,Primary,NPg Planning Scenario,Number of electric HGVs
OUTWOOD,0,1,2,3,5,10,19,31,47,66,88,113,138,166,195,221,245,267,286,303,317,327,335,340,342,343,344,345,346,347,NPgY,Primary,NPg Planning Scenario,Number of electric HGVs
PARK HILL,0,1,2,3,4,8,15,25,38,53,71,91,112,134,157,179,198,216,231,245,256,264,270,274,276,277,277,278,279,280,NPgY,Primary,NPg Planning Scenario,Number of electric HGVs
PARK ROAD,0,1,2,4,5,11,20,32,49,68,92,117,144,172,202,230,255,278,298,315,329,340,348,353,355,356,357,358,359,360,NPgY,Primary,NPg Planning Scenario,Number of electric HGVs
PARK STREET,0,1,2,3,4,8,15,25,38,53,72,91,112,134,158,179,199,217,232,246,257,265,272,275,277,278,279,280,280,281,NPgY,Primary,NPg Planning Scenario,Number of electric HGVs
PASTURE ROAD SOUTH,0,0,1,1,1,3,5,8,12,16,22,28,35,41,49,55,61,67,72,76,79,82,84,85,85,86,86,86,86,87,NPgY,Primary,NPg Planning Scenario,Number of electric HGVs
PATRINGTON ROAD,0,0,0,0,0,0,0,0,0,0,0,0,0,0,0,0,0,0,0,0,0,0,0,0,0,0,0,0,0,0,NPgY,Primary,NPg Planning Scenario,Number of electric HGVs
PENISTONE,0,0,0,1,1,2,3,6,8,12,16,20,25,30,35,40,44,48,51,54,57,58,60,61,61,61,61,62,62,62,NPgY,Primary,NPg Planning Scenario,Number of electric HGVs
PENISTONE ROAD,0,0,0,1,1,2,4,6,9,12,17,21,26,31,37,42,46,51,54,57,60,62,63,64,65,65,65,65,65,66,NPgY,Primary,NPg Planning Scenario,Number of electric HGVs
PLANGEO,0,0,0,0,1,1,3,4,6,9,12,15,18,22,26,29,32,35,38,40,42,43,44,45,45,45,45,46,46,46,NPgY,Primary,NPg Planning Scenario,Number of electric HGVs
POLLINGTON,0,0,1,1,2,4,8,13,19,27,36,46,56,68,79,90,100,109,117,124,129,133,136,138,139,140,140,140,141,141,NPgY,Primary,NPg Planning Scenario,Number of electric HGVs
PONTEFRACT LANE 1/2,1,3,6,10,15,31,56,92,139,195,263,334,411,492,578,657,728,793,850,901,940,971,994,1008,1014,1017,1020,1023,1026,1029,NPgY,Primary,NPg Planning Scenario,Number of electric HGVs
POOL,0,0,1,1,1,3,5,8,12,16,22,28,35,41,49,55,61,67,72,76,79,82,84,85,85,86,86,86,86,87,NPgY,Primary,NPg Planning Scenario,Number of electric HGVs
PRINCE OF WALES,0,0,0,1,1,2,4,7,10,14,19,24,30,36,42,47,53,57,61,65,68,70,72,73,73,73,74,74,74,74,NPgY,Primary,NPg Planning Scenario,Number of electric HGVs
PROSPECT ROAD,0,0,0,0,0,0,0,0,0,0,0,0,0,0,0,0,0,0,0,0,0,0,0,0,0,0,0,0,0,0,NPgY,Primary,NPg Planning Scenario,Number of electric HGVs
QUEENS ROAD,2,6,11,17,25,50,93,152,229,322,433,551,678,811,953,1083,1201,1307,1402,1485,1550,1601,1639,1662,1672,1677,1682,1687,1692,1696,NPgY,Primary,NPg Planning Scenario,Number of electric HGVs
QUEENSBURY,0,1,1,2,3,6,10,17,25,36,48,61,75,89,105,119,132,144,155,164,171,176,181,183,184,185,185,186,186,187,NPgY,Primary,NPg Planning Scenario,Number of electric HGVs
RAWCLIFFE,0,0,0,0,0,0,1,1,2,3,4,5,6,7,8,9,11,11,12,13,14,14,14,15,15,15,15,15,15,15,NPgY,Primary,NPg Planning Scenario,Number of electric HGVs
RAWDON,0,0,0,0,1,1,2,3,5,7,9,12,15,18,21,24,26,29,31,33,34,35,36,36,37,37,37,37,37,37,NPgY,Primary,NPg Planning Scenario,Number of electric HGVs
RAWMARSH ROAD 1_2,0,0,1,1,2,4,7,11,17,24,33,41,51,61,72,81,90,98,105,112,117,120,123,125,126,126,126,127,127,128,NPgY,Primary,NPg Planning Scenario,Number of electric HGVs
RAWMARSH ROAD 3_4,0,1,1,2,2,5,9,15,23,32,43,54,67,80,94,107,118,129,138,146,153,158,161,164,165,165,166,166,167,167,NPgY,Primary,NPg Planning Scenario,Number of electric HGVs
RAWSON ROAD,0,0,1,1,1,2,5,8,11,16,21,27,34,40,47,54,60,65,70,74,77,79,81,83,83,83,83,84,84,84,NPgY,Primary,NPg Planning Scenario,Number of electric HGVs
RAWSON SPRING ROAD,0,0,0,0,0,0,0,0,0,0,0,0,0,0,0,0,0,0,0,0,0,0,0,0,0,0,0,0,0,0,NPgY,Primary,NPg Planning Scenario,Number of electric HGVs
REVILL LANE,0,0,0,1,1,2,4,6,9,12,16,21,26,31,36,41,46,50,53,56,59,61,62,63,63,64,64,64,64,64,NPgY,Primary,NPg Planning Scenario,Number of electric HGVs
ROCKWARE,0,0,1,1,2,3,6,10,15,22,29,37,45,54,64,73,81,88,94,100,104,108,110,112,112,113,113,113,114,114,NPgY,Primary,NPg Planning Scenario,Number of electric HGVs
RODLEY LANE,0,0,0,0,0,0,1,1,2,3,3,4,5,7,8,9,10,10,11,12,12,13,13,13,13,13,14,14,14,14,NPgY,Primary,NPg Planning Scenario,Number of electric HGVs
ROMAN AVENUE,0,0,0,0,0,0,0,0,0,0,0,0,0,0,0,0,0,0,0,0,0,0,0,0,0,0,0,0,0,0,NPgY,Primary,NPg Planning Scenario,Number of electric HGVs
ROYDS LANE,1,2,3,5,7,14,26,42,63,89,119,152,186,223,262,298,330,360,386,409,426,441,451,457,460,462,463,464,466,467,NPgY,Primary,NPg Planning Scenario,Number of electric HGVs
SAINT ANDREWS ROAD 33/11KV,0,1,2,4,5,11,20,33,50,70,94,120,148,177,208,236,262,285,306,324,338,349,358,363,365,366,367,368,369,370,NPgY,Primary,NPg Planning Scenario,Number of electric HGVs
SAINT STREET,0,0,0,0,0,0,0,0,0,0,0,0,0,0,0,0,0,0,0,0,0,0,0,0,0,0,0,0,0,0,NPgY,Primary,NPg Planning Scenario,Number of electric HGVs
SALTERFORTH,0,0,0,0,0,1,1,2,4,5,7,9,11,13,15,17,19,21,23,24,25,26,26,27,27,27,27,27,27,27,NPgY,Primary,NPg Planning Scenario,Number of electric HGVs
SALTERHEBBLE,0,1,2,4,5,11,20,34,50,71,95,122,149,179,210,239,265,288,309,327,342,353,361,366,369,370,371,372,373,374,NPgY,Primary,NPg Planning Scenario,Number of electric HGVs
SALTSHOUSE ROAD,0,0,0,0,0,0,0,0,0,0,0,0,0,0,0,0,0,0,0,0,0,0,0,0,0,0,0,0,0,0,NPgY,Primary,NPg Planning Scenario,Number of electric HGVs
SANDHILL LANE,0,0,0,0,0,0,1,1,2,3,4,5,6,7,8,9,11,11,12,13,14,14,14,15,15,15,15,15,15,15,NPgY,Primary,NPg Planning Scenario,Number of electric HGVs
SAXON ROAD,0,0,0,0,0,0,1,1,2,3,4,5,6,7,8,9,11,11,12,13,14,14,14,15,15,15,15,15,15,15,NPgY,Primary,NPg Planning Scenario,Number of electric HGVs
SCARTHO,0,0,0,1,1,2,3,5,8,11,15,19,23,27,32,36,40,44,47,50,52,54,55,56,56,56,56,57,57,57,NPgY,Primary,NPg Planning Scenario,Number of electric HGVs
SCHOLES,0,0,0,1,1,2,4,6,9,13,17,22,27,32,38,43,47,52,55,59,61,63,65,66,66,66,66,66,67,67,NPgY,Primary,NPg Planning Scenario,Number of electric HGVs
SCISSETT,0,0,0,0,0,1,1,2,3,5,6,8,10,12,14,16,18,19,20,22,23,23,24,24,24,24,25,25,25,25,NPgY,Primary,NPg Planning Scenario,Number of electric HGVs
SCULCOATES A,0,0,1,1,2,4,7,11,17,23,31,40,49,59,69,78,87,94,101,107,112,116,118,120,121,121,122,122,122,123,NPgY,Primary,NPg Planning Scenario,Number of electric HGVs
SEACROFT,0,0,1,1,2,3,6,10,15,22,29,37,45,54,64,73,81,88,94,100,104,108,110,112,112,113,113,113,114,114,NPgY,Primary,NPg Planning Scenario,Number of electric HGVs
SEATON,0,1,1,2,3,5,9,15,23,32,44,56,68,82,96,109,121,132,141,150,156,161,165,167,168,169,169,170,170,171,NPgY,Primary,NPg Planning Scenario,Number of electric HGVs
SELBY,0,1,1,2,3,5,9,15,23,32,44,56,68,82,96,109,121,132,141,150,156,161,165,167,168,169,169,170,170,171,NPgY,Primary,NPg Planning Scenario,Number of electric HGVs
SELBY ROAD,0,0,0,1,1,2,4,6,10,14,18,23,29,34,40,46,51,55,59,63,66,68,69,70,71,71,71,71,72,72,NPgY,Primary,NPg Planning Scenario,Number of electric HGVs
SHARLSTON,0,0,0,0,0,0,0,0,0,0,0,0,0,0,0,0,0,0,0,0,0,0,0,0,0,0,0,0,0,0,NPgY,Primary,NPg Planning Scenario,Number of electric HGVs
SHEPCOTE TINSLEY,0,0,0,0,0,0,0,0,0,0,0,0,0,0,0,0,0,0,0,0,0,0,0,0,0,0,0,0,0,0,NPgY,Primary,NPg Planning Scenario,Number of electric HGVs
SHERBURN,1,3,5,8,11,23,43,70,105,148,199,254,312,373,438,498,552,601,645,683,713,736,754,764,769,771,774,776,778,780,NPgY,Primary,NPg Planning Scenario,Number of electric HGVs
SHIPLEY,0,0,0,0,0,0,0,0,0,0,0,0,0,0,0,0,0,0,0,0,0,0,0,0,0,0,0,0,0,0,NPgY,Primary,NPg Planning Scenario,Number of electric HGVs
SHIRLAND LANE,0,0,0,0,0,0,0,0,0,0,0,0,0,0,0,0,0,0,0,0,0,0,0,0,0,0,0,0,0,0,NPgY,Primary,NPg Planning Scenario,Number of electric HGVs
SILVER STREET,0,0,0,0,0,0,0,0,0,0,0,0,0,0,0,0,0,0,0,0,0,0,0,0,0,0,0,0,0,0,NPgY,Primary,NPg Planning Scenario,Number of electric HGVs
SILVERWOOD,0,0,1,1,2,3,6,9,14,20,27,34,42,50,59,67,74,81,87,92,96,99,102,103,104,104,104,105,105,105,NPgY,Primary,NPg Planning Scenario,Number of electric HGVs
SKILLINGS LANE,0,0,0,1,1,2,4,6,9,13,18,23,28,33,39,44,49,53,57,61,63,65,67,68,68,69,69,69,69,69,NPgY,Primary,NPg Planning Scenario,Number of electric HGVs
SKIPTON,0,0,0,0,0,1,2,3,4,5,7,9,11,14,16,18,20,22,24,25,26,27,28,28,28,28,28,28,28,28,NPgY,Primary,NPg Planning Scenario,Number of electric HGVs
SLAITHWAITE,0,0,1,1,1,2,4,7,11,16,21,27,33,39,46,52,58,63,68,72,75,77,79,80,81,81,81,81,81,82,NPgY,Primary,NPg Planning Scenario,Number of electric HGVs
SLEDMERE GARTH,0,0,0,0,0,1,1,2,3,5,6,8,10,12,14,16,18,19,20,22,23,23,24,24,24,24,25,25,25,25,NPgY,Primary,NPg Planning Scenario,Number of electric HGVs
SMITH STREET,0,0,1,1,1,3,5,9,14,19,26,33,40,48,56,64,71,77,83,88,92,95,97,98,99,99,99,100,100,100,NPgY,Primary,NPg Planning Scenario,Number of electric HGVs
SMITHY GREEN,1,1,3,4,6,13,23,38,57,81,108,138,170,203,239,271,301,327,351,372,388,401,410,416,419,420,421,422,424,425,NPgY,Primary,NPg Planning Scenario,Number of electric HGVs
SNAITHING PARK ROAD,0,0,0,0,0,0,0,0,0,0,0,0,0,0,0,0,0,0,0,0,0,0,0,0,0,0,0,0,0,0,NPgY,Primary,NPg Planning Scenario,Number of electric HGVs
SNELSINS LANE,0,0,0,1,1,2,4,7,11,15,20,26,32,38,45,51,56,61,65,69,72,75,77,78,78,78,79,79,79,79,NPgY,Primary,NPg Planning Scenario,Number of electric HGVs
SOUTH ELMSALL,1,2,4,6,9,17,32,52,78,110,148,189,232,278,326,371,411,447,480,508,531,548,561,569,573,574,576,577,579,581,NPgY,Primary,NPg Planning Scenario,Number of electric HGVs
SOUTH FERRIBY,0,0,0,1,1,2,4,7,10,14,19,24,30,36,42,47,53,57,61,65,68,70,72,73,73,73,74,74,74,74,NPgY,Primary,NPg Planning Scenario,Number of electric HGVs
SOUTH KIRKBY,1,2,3,5,7,13,25,41,61,86,115,147,181,216,254,288,320,348,373,396,413,427,437,443,446,447,448,449,451,452,NPgY,Primary,NPg Planning Scenario,Number of electric HGVs
SOUTH RESTON,0,0,0,0,0,0,0,0,0,0,0,0,0,0,0,0,0,0,0,0,0,0,0,0,0,0,0,0,0,0,NPgY,Primary,NPg Planning Scenario,Number of electric HGVs
SOUTH STREET,0,0,0,1,1,2,3,6,8,12,16,20,25,30,35,40,44,48,51,54,57,58,60,61,61,61,61,62,62,62,NPgY,Primary,NPg Planning Scenario,Number of electric HGVs
SOUTHGATE,0,0,1,1,2,4,7,11,17,24,32,41,50,60,71,81,89,97,104,111,115,119,122,124,125,125,125,126,126,126,NPgY,Primary,NPg Planning Scenario,Number of electric HGVs
SOUTHWOOD ROAD,0,0,1,1,2,4,8,12,19,26,35,45,55,66,77,88,97,106,114,120,126,130,133,135,135,136,136,137,137,137,NPgY,Primary,NPg Planning Scenario,Number of electric HGVs
SOWERBY BRIDGE 33/11KV,0,0,1,1,2,4,7,12,18,25,33,43,52,63,74,84,93,101,108,115,120,124,127,129,129,130,130,131,131,131,NPgY,Primary,NPg Planning Scenario,Number of electric HGVs
SPARK MILL LANE,0,0,1,1,2,4,7,12,18,25,33,42,52,62,73,83,92,100,107,114,119,123,126,127,128,129,129,129,130,130,NPgY,Primary,NPg Planning Scenario,Number of electric HGVs
SPENBOROUGH,0,1,1,2,3,5,9,16,23,33,44,56,69,83,97,111,123,134,143,152,158,164,167,170,171,171,172,172,173,173,NPgY,Primary,NPg Planning Scenario,Number of electric HGVs
SPRING MILL STREET,0,0,1,1,2,4,8,12,19,26,35,45,55,66,78,89,98,107,115,121,127,131,134,136,137,137,138,138,138,139,NPgY,Primary,NPg Planning Scenario,Number of electric HGVs
STAINFORTH,0,0,0,0,0,0,0,0,0,0,0,0,0,0,0,0,0,0,0,0,0,0,0,0,0,0,0,0,0,0,NPgY,Primary,NPg Planning Scenario,Number of electric HGVs
STAIRFOOT,0,0,1,1,2,4,7,12,17,24,33,42,51,62,72,82,91,99,106,113,118,122,124,126,127,127,128,128,128,129,NPgY,Primary,NPg Planning Scenario,Number of electric HGVs
STANLEY STREET,0,0,0,0,1,1,3,4,6,9,12,15,18,22,26,29,32,35,38,40,42,43,44,45,45,45,45,46,46,46,NPgY,Primary,NPg Planning Scenario,Number of electric HGVs
STANNINGTON ROAD,0,0,0,0,0,0,0,0,0,0,0,0,0,0,0,0,0,0,0,0,0,0,0,0,0,0,0,0,0,0,NPgY,Primary,NPg Planning Scenario,Number of electric HGVs
STATION ROAD,1,2,4,6,9,19,35,57,86,121,163,208,255,306,359,408,452,492,528,559,584,603,617,626,630,632,634,635,637,639,NPgY,Primary,NPg Planning Scenario,Number of electric HGVs
STEVENSON ROAD,0,0,0,0,0,0,0,0,0,0,0,0,0,0,0,0,0,0,0,0,0,0,0,0,0,0,0,0,0,0,NPgY,Primary,NPg Planning Scenario,Number of electric HGVs
STOKE STREET,0,1,1,2,3,6,11,19,28,40,53,68,84,100,118,134,148,161,173,183,191,198,202,205,206,207,207,208,209,209,NPgY,Primary,NPg Planning Scenario,Number of electric HGVs
STOURTON 132/11KV,0,0,0,0,0,1,2,3,4,6,8,10,13,15,18,21,23,25,27,28,29,30,31,32,32,32,32,32,32,32,NPgY,Primary,NPg Planning Scenario,Number of electric HGVs
STOURTON 33/11KV,0,0,0,0,1,1,2,4,6,8,11,14,17,21,24,28,31,33,36,38,40,41,42,42,43,43,43,43,43,43,NPgY,Primary,NPg Planning Scenario,Number of electric HGVs
STOW,0,0,0,1,1,2,3,6,8,12,16,20,25,30,35,40,44,48,51,54,57,58,60,61,61,61,61,62,62,62,NPgY,Primary,NPg Planning Scenario,Number of electric HGVs
SWAN BANK LANE,0,0,0,0,1,1,3,4,6,9,12,15,18,22,26,29,32,35,38,40,42,43,44,45,45,45,45,46,46,46,NPgY,Primary,NPg Planning Scenario,Number of electric HGVs
SWEET STREET,0,0,1,1,2,4,7,12,18,26,35,44,54,65,77,87,96,105,113,119,124,129,132,133,134,135,135,135,136,136,NPgY,Primary,NPg Planning Scenario,Number of electric HGVs
SWINNOW MOOR,0,0,0,0,0,1,1,2,3,5,6,8,10,12,14,16,18,19,20,22,23,23,24,24,24,24,25,25,25,25,NPgY,Primary,NPg Planning Scenario,Number of electric HGVs
TADCASTER,0,1,1,2,3,6,11,18,28,39,52,66,82,98,115,130,145,157,169,179,187,193,197,200,201,202,203,203,204,204,NPgY,Primary,NPg Planning Scenario,Number of electric HGVs
TANKERSLEY PARK,0,0,0,1,1,2,3,5,8,12,15,20,24,29,34,39,43,47,50,53,55,57,59,59,60,60,60,60,61,61,NPgY,Primary,NPg Planning Scenario,Number of electric HGVs
TEMPLEBOROUGH 33/11KV,0,0,0,0,0,0,0,0,0,0,0,0,0,0,0,0,0,0,0,0,0,0,0,0,0,0,0,0,0,0,NPgY,Primary,NPg Planning Scenario,Number of electric HGVs
THORNBURY,0,0,1,1,1,3,6,9,14,19,26,33,41,49,57,65,72,78,84,89,93,96,98,100,100,100,101,101,101,102,NPgY,Primary,NPg Planning Scenario,Number of electric HGVs
THORNE,0,1,2,4,5,10,19,32,48,67,90,115,141,169,198,225,250,272,292,309,322,333,341,346,348,349,350,351,352,353,NPgY,Primary,NPg Planning Scenario,Number of electric HGVs
THORNTON,0,0,0,0,0,0,0,0,0,0,0,0,0,0,0,0,0,0,0,0,0,0,0,0,0,0,0,0,0,0,NPgY,Primary,NPg Planning Scenario,Number of electric HGVs
THORPE ROAD,1,3,5,9,13,26,48,79,119,168,225,287,353,422,496,563,625,680,730,773,807,833,853,865,870,873,875,878,880,883,NPgY,Primary,NPg Planning Scenario,Number of electric HGVs
TICKHILL ROAD,0,1,1,2,3,6,11,18,28,39,52,67,82,98,115,131,145,158,170,180,188,194,199,201,203,203,204,204,205,206,NPgY,Primary,NPg Planning Scenario,Number of electric HGVs
TINGLEY,0,0,1,1,2,4,8,12,19,26,35,45,55,66,78,89,98,107,115,121,127,131,134,136,137,137,138,138,138,139,NPgY,Primary,NPg Planning Scenario,Number of electric HGVs
TINSLEY PARK ROAD,0,1,2,3,4,9,16,26,39,55,74,95,116,139,163,186,206,224,240,255,266,275,281,285,287,288,289,289,290,291,NPgY,Primary,NPg Planning Scenario,Number of electric HGVs
TINSLEY WIRE INDUSTRIES,1,2,3,5,7,14,26,43,64,90,121,155,190,227,267,303,337,366,393,416,434,449,459,466,469,470,471,473,474,475,NPgY,Primary,NPg Planning Scenario,Number of electric HGVs
TIVERTON ROAD,0,0,0,0,0,0,0,0,0,0,0,0,0,0,0,0,0,0,0,0,0,0,0,0,0,0,0,0,0,0,NPgY,Primary,NPg Planning Scenario,Number of electric HGVs
TODMORDEN,0,0,0,0,0,1,1,2,3,4,5,6,7,9,10,12,13,14,15,16,17,18,18,18,18,18,18,18,19,19,NPgY,Primary,NPg Planning Scenario,Number of electric HGVs
TOLLER LANE,0,0,0,0,0,0,0,0,0,0,0,0,0,0,0,0,0,0,0,0,0,0,0,0,0,0,0,0,0,0,NPgY,Primary,NPg Planning Scenario,Number of electric HGVs
TONG STREET,0,0,1,1,2,3,6,11,16,22,30,38,47,56,66,75,83,91,97,103,107,111,114,115,116,116,117,117,117,118,NPgY,Primary,NPg Planning Scenario,Number of electric HGVs
UPPER BASINGHALL STREET,0,0,0,0,0,0,0,0,0,0,0,0,0,0,0,0,0,0,0,0,0,0,0,0,0,0,0,0,0,0,NPgY,Primary,NPg Planning Scenario,Number of electric HGVs
VARLEY STREET,0,1,1,2,2,5,9,15,23,32,43,55,68,81,95,108,120,131,140,148,155,160,164,166,167,168,168,169,169,170,NPgY,Primary,NPg Planning Scenario,Number of electric HGVs
VICTORIA STREET,0,0,0,0,0,0,0,0,0,0,0,0,0,0,0,0,0,0,0,0,0,0,0,0,0,0,0,0,0,0,NPgY,Primary,NPg Planning Scenario,Number of electric HGVs
WALESBY,0,0,0,0,0,1,2,3,5,6,9,11,13,16,19,21,24,26,28,29,31,32,32,33,33,33,33,33,33,33,NPgY,Primary,NPg Planning Scenario,Number of electric HGVs
WARREN LANE,0,0,0,0,0,0,0,0,0,0,0,0,0,0,0,0,0,0,0,0,0,0,0,0,0,0,0,0,0,0,NPgY,Primary,NPg Planning Scenario,Number of electric HGVs
WATH UPON DEARNE,1,1,2,4,6,11,21,34,52,73,98,124,153,183,215,244,271,295,316,335,350,361,370,375,377,378,379,380,382,383,NPgY,Primary,NPg Planning Scenario,Number of electric HGVs
WAVERLEY BUSINESS PARK,0,0,0,0,0,0,0,0,0,0,0,0,0,0,0,0,0,0,0,0,0,0,0,0,0,0,0,0,0,0,NPgY,Primary,NPg Planning Scenario,Number of electric HGVs
WAWNE ROAD,0,0,0,0,0,0,0,0,0,0,0,0,0,0,0,0,0,0,0,0,0,0,0,0,0,0,0,0,0,0,NPgY,Primary,NPg Planning Scenario,Number of electric HGVs
WEELAND ROAD,0,1,1,2,2,5,8,14,21,29,39,50,61,73,86,98,109,118,127,134,140,145,148,150,151,152,152,153,153,154,NPgY,Primary,NPg Planning Scenario,Number of electric HGVs
WELLINGTON STREET,1,3,5,9,13,26,47,77,116,163,219,279,343,411,483,548,608,662,710,752,785,811,830,842,847,850,852,855,857,859,NPgY,Primary,NPg Planning Scenario,Number of electric HGVs
WESLEY CRESCENT,0,0,0,0,0,1,1,2,2,3,4,6,7,8,10,11,12,13,14,15,16,16,17,17,17,17,17,17,17,17,NPgY,Primary,NPg Planning Scenario,Number of electric HGVs
WEST DOCKS,0,0,1,1,2,4,7,12,18,26,35,44,54,65,77,87,96,105,113,119,124,129,132,133,134,135,135,135,136,136,NPgY,Primary,NPg Planning Scenario,Number of electric HGVs
WEST END LANE,0,1,2,4,5,11,20,33,49,69,93,118,145,174,205,232,258,281,301,319,333,344,352,357,359,360,361,362,363,364,NPgY,Primary,NPg Planning Scenario,Number of electric HGVs
WEST MOOR PARK,0,0,0,0,0,0,0,0,0,0,0,0,0,0,0,0,0,0,0,0,0,0,0,0,0,0,0,0,0,0,NPgY,Primary,NPg Planning Scenario,Number of electric HGVs
WEST PARK,0,0,0,0,0,0,0,0,0,0,0,0,0,0,0,0,0,0,0,0,0,0,0,0,0,0,0,0,0,0,NPgY,Primary,NPg Planning Scenario,Number of electric HGVs
WESTCOTT STREET,0,0,0,0,0,0,0,0,0,0,0,0,0,0,0,0,0,0,0,0,0,0,0,0,0,0,0,0,0,0,NPgY,Primary,NPg Planning Scenario,Number of electric HGVs
WHEATACRE ROAD,0,0,0,0,0,0,1,1,2,2,3,4,5,6,7,8,9,10,10,11,11,12,12,12,12,12,12,12,12,12,NPgY,Primary,NPg Planning Scenario,Number of electric HGVs
WHEATLEY PARK,0,1,2,3,4,8,16,26,38,54,73,93,114,136,160,182,202,219,235,249,260,269,275,279,281,282,282,283,284,285,NPgY,Primary,NPg Planning Scenario,Number of electric HGVs
WHINGATE,0,0,1,1,2,4,8,13,20,28,38,49,60,72,84,96,106,115,124,131,137,141,145,147,148,148,149,149,149,150,NPgY,Primary,NPg Planning Scenario,Number of electric HGVs
WHITE LEE,0,0,0,1,1,2,4,6,10,13,18,23,28,34,40,45,50,54,58,62,64,67,68,69,70,70,70,70,70,71,NPgY,Primary,NPg Planning Scenario,Number of electric HGVs
WHITEHALL ROAD 2/3,0,0,0,0,0,0,0,0,0,0,0,0,0,0,0,0,0,0,0,0,0,0,0,0,0,0,0,0,0,0,NPgY,Primary,NPg Planning Scenario,Number of electric HGVs
WHITEHALL ROAD 4/5,0,0,0,0,0,0,0,0,0,0,0,0,0,0,0,0,0,0,0,0,0,0,0,0,0,0,0,0,0,0,NPgY,Primary,NPg Planning Scenario,Number of electric HGVs
WIBSEY,0,0,0,0,0,0,0,0,0,0,0,0,0,0,0,0,0,0,0,0,0,0,0,0,0,0,0,0,0,0,NPgY,Primary,NPg Planning Scenario,Number of electric HGVs
WITHERNSEA,0,0,0,0,0,0,0,0,0,0,0,0,0,0,0,0,0,0,0,0,0,0,0,0,0,0,0,0,0,0,NPgY,Primary,NPg Planning Scenario,Number of electric HGVs
WOODCOCK STREET,0,0,0,1,1,2,4,6,10,13,18,23,28,34,40,45,50,54,58,62,64,67,68,69,70,70,70,70,70,71,NPgY,Primary,NPg Planning Scenario,Number of electric HGVs
WOODSEATS,0,0,0,0,0,0,1,1,2,2,3,4,5,6,7,8,9,10,10,11,11,12,12,12,12,12,12,12,12,12,NPgY,Primary,NPg Planning Scenario,Number of electric HGVs
WOOLLEY,0,0,1,1,2,3,6,10,15,20,27,35,43,52,61,69,76,83,89,94,98,102,104,106,106,107,107,107,107,108,NPgY,Primary,NPg Planning Scenario,Number of electric HGVs
WORSBROUGH PARK,0,1,1,2,2,5,9,15,22,31,42,54,66,79,93,105,117,127,136,144,150,155,159,161,162,163,163,164,164,165,NPgY,Primary,NPg Planning Scenario,Number of electric HGVs
WRAWBY,0,1,2,3,5,9,17,28,42,59,79,100,123,147,173,197,218,238,255,270,282,291,298,302,304,305,306,307,307,308,NPgY,Primary,NPg Planning Scenario,Number of electric HGVs
YARBOROUGH ROAD 33/11KV,0,1,2,3,5,10,18,30,45,64,86,109,135,161,189,215,238,260,278,295,308,318,325,330,332,333,334,335,336,337,NPgY,Primary,NPg Planning Scenario,Number of electric HGVs
YEW GREEN ROAD,0,0,0,0,0,0,1,1,2,3,4,5,6,7,8,9,11,11,12,13,14,14,14,15,15,15,15,15,15,15,NPgY,Primary,NPg Planning Scenario,Number of electric HGVs
YORK ROAD,0,0,0,0,0,1,1,2,4,5,7,9,11,13,15,17,19,21,23,24,25,26,26,27,27,27,27,27,27,27,NPgY,Primary,NPg Planning Scenario,Number of electric HGVs
YORK STREET,0,1,1,2,2,5,9,15,23,32,43,55,68,81,95,108,120,131,140,148,155,160,164,166,167,168,168,169,169,170,NPgY,Primary,NPg Planning Scenario,Number of electric HGVs
Barnsley Direct to Supply Points,,,,,,,,,,,,,,,,,,,,,,,,,,,,,,,NPgY,Primary,NPg Planning Scenario,Number of electric HGVs
Bradford Direct to Supply Points,,,,,,,,,,,,,,,,,,,,,,,,,,,,,,,NPgY,Primary,NPg Planning Scenario,Number of electric HGVs
Calderdale Direct to Supply Points,,,,,,,,,,,,,,,,,,,,,,,,,,,,,,,NPgY,Primary,NPg Planning Scenario,Number of electric HGVs
County Durham Direct to Supply Points,,,,,,,,,,,,,,,,,,,,,,,,,,,,,,,NPgN,Primary,NPg Planning Scenario,Number of electric HGVs
Darlington Direct to Supply Points,,,,,,,,,,,,,,,,,,,,,,,,,,,,,,,NPgN,Primary,NPg Planning Scenario,Number of electric HGVs
Doncaster Direct to Supply Points,,,,,,,,,,,,,,,,,,,,,,,,,,,,,,,NPgY,Primary,NPg Planning Scenario,Number of electric HGVs
East Riding of Yorkshire Direct to Supply Points,,,,,,,,,,,,,,,,,,,,,,,,,,,,,,,NPgY,Primary,NPg Planning Scenario,Number of electric HGVs
Gateshead Direct to Supply Points,,,,,,,,,,,,,,,,,,,,,,,,,,,,,,,NPgN,Primary,NPg Planning Scenario,Number of electric HGVs
Hambleton Direct to Supply Points,,,,,,,,,,,,,,,,,,,,,,,,,,,,,,,NPgN,Primary,NPg Planning Scenario,Number of electric HGVs
Harrogate Direct to Supply Points,,,,,,,,,,,,,,,,,,,,,,,,,,,,,,,NPgN,Primary,NPg Planning Scenario,Number of electric HGVs
Hartlepool Direct to Supply Points,,,,,,,,,,,,,,,,,,,,,,,,,,,,,,,NPgN,Primary,NPg Planning Scenario,Number of electric HGVs
"Kingston upon Hull, City of Direct to Supply Points",,,,,,,,,,,,,,,,,,,,,,,,,,,,,,,NPgY,Primary,NPg Planning Scenario,Number of electric HGVs
Kirklees Direct to Supply Points,,,,,,,,,,,,,,,,,,,,,,,,,,,,,,,NPgY,Primary,NPg Planning Scenario,Number of electric HGVs
Leeds Direct to Supply Points,,,,,,,,,,,,,,,,,,,,,,,,,,,,,,,NPgY,Primary,NPg Planning Scenario,Number of electric HGVs
Newcastle upon Tyne Direct to Supply Points,,,,,,,,,,,,,,,,,,,,,,,,,,,,,,,NPgN,Primary,NPg Planning Scenario,Number of electric HGVs
North East Lincolnshire Direct to Supply Points,,,,,,,,,,,,,,,,,,,,,,,,,,,,,,,NPgY,Primary,NPg Planning Scenario,Number of electric HGVs
North Lincolnshire Direct to Supply Points,,,,,,,,,,,,,,,,,,,,,,,,,,,,,,,NPgY,Primary,NPg Planning Scenario,Number of electric HGVs
North Tyneside Direct to Supply Points,,,,,,,,,,,,,,,,,,,,,,,,,,,,,,,NPgN,Primary,NPg Planning Scenario,Number of electric HGVs
Northumberland Direct to Supply Points,,,,,,,,,,,,,,,,,,,,,,,,,,,,,,,NPgN,Primary,NPg Planning Scenario,Number of electric HGVs
Redcar and Cleveland Direct to Supply Points,,,,,,,,,,,,,,,,,,,,,,,,,,,,,,,NPgN,Primary,NPg Planning Scenario,Number of electric HGVs
Rotherham Direct to Supply Points,,,,,,,,,,,,,,,,,,,,,,,,,,,,,,,NPgY,Primary,NPg Planning Scenario,Number of electric HGVs
Ryedale Direct to Supply Points,,,,,,,,,,,,,,,,,,,,,,,,,,,,,,,NPgN,Primary,NPg Planning Scenario,Number of electric HGVs
Scarborough Direct to Supply Points,,,,,,,,,,,,,,,,,,,,,,,,,,,,,,,NPgN,Primary,NPg Planning Scenario,Number of electric HGVs
Selby Direct to Supply Points,,,,,,,,,,,,,,,,,,,,,,,,,,,,,,,NPgY,Primary,NPg Planning Scenario,Number of electric HGVs
Sheffield Direct to Supply Points,,,,,,,,,,,,,,,,,,,,,,,,,,,,,,,NPgY,Primary,NPg Planning Scenario,Number of electric HGVs
South Tyneside Direct to Supply Points,,,,,,,,,,,,,,,,,,,,,,,,,,,,,,,NPgN,Primary,NPg Planning Scenario,Number of electric HGVs
Stockton-on-Tees Direct to Supply Points,,,,,,,,,,,,,,,,,,,,,,,,,,,,,,,NPgN,Primary,NPg Planning Scenario,Number of electric HGVs
Sunderland Direct to Supply Points,,,,,,,,,,,,,,,,,,,,,,,,,,,,,,,NPgN,Primary,NPg Planning Scenario,Number of electric HGVs
Wakefield Direct to Supply Points,,,,,,,,,,,,,,,,,,,,,,,,,,,,,,,NPgY,Primary,NPg Planning Scenario,Number of electric HGVs
West Lindsey Direct to Supply Points,,,,,,,,,,,,,,,,,,,,,,,,,,,,,,,NPgY,Primary,NPg Planning Scenario,Number of electric HGVs
York Direct to Supply Points,,,,,,,,,,,,,,,,,,,,,,,,,,,,,,,NPgN,Primary,NPg Planning Scenario,Number of electric HGVs
