Primary,2021,2022,2023,2024,2025,2026,2027,2028,2029,2030,2031,2032,2033,2034,2035,2036,2037,2038,2039,2040,2041,2042,2043,2044,2045,2046,2047,2048,2049,2050,Licence area,Voltage level,Scenario name,Output parameter
ACKLAM,0,0,0,0,0,0,0,0,0,0,0,0,0,0,0,0,0,0,0,0,0,0,0,0,0,0,0,0,0,0,NPgN,Primary,NG FES - Leading the Way (EE CF),Number of electric HGVs
AMBERTON ROAD,0,0,0,0,0,1,1,1,2,3,5,7,10,14,20,27,34,42,51,60,69,78,84,87,86,86,85,84,83,82,NPgN,Primary,NG FES - Leading the Way (EE CF),Number of electric HGVs
ANNFIELD 66/20KV,0,0,0,0,0,1,1,2,3,4,6,8,12,18,25,34,43,53,64,76,87,98,107,109,109,108,107,106,105,103,NPgN,Primary,NG FES - Leading the Way (EE CF),Number of electric HGVs
ASHINGTON,0,0,0,0,0,0,0,0,0,0,1,1,1,2,3,4,5,6,8,9,11,12,13,13,13,13,13,13,13,13,NPgN,Primary,NG FES - Leading the Way (EE CF),Number of electric HGVs
AYCLIFFE FORREST,0,0,0,0,0,0,0,0,0,0,0,0,0,0,0,0,0,0,0,0,0,0,0,0,0,0,0,0,0,0,NPgN,Primary,NG FES - Leading the Way (EE CF),Number of electric HGVs
AYCLIFFE INDUSTRIAL,0,0,0,0,0,1,1,1,2,3,4,6,9,13,18,25,32,39,47,56,64,72,78,80,80,79,78,78,77,76,NPgN,Primary,NG FES - Leading the Way (EE CF),Number of electric HGVs
BARDEN FRIAR,0,0,0,0,0,0,0,0,0,0,0,0,0,0,0,0,0,0,0,0,0,0,0,0,0,0,0,0,0,0,NPgN,Primary,NG FES - Leading the Way (EE CF),Number of electric HGVs
BEDALE,0,0,0,0,1,1,2,3,4,7,10,15,21,31,44,59,75,93,112,132,152,171,186,191,190,188,187,185,183,180,NPgN,Primary,NG FES - Leading the Way (EE CF),Number of electric HGVs
BELMONT,0,0,0,0,0,0,1,1,1,2,3,4,6,9,13,18,23,28,34,40,46,51,56,57,57,57,56,56,55,54,NPgN,Primary,NG FES - Leading the Way (EE CF),Number of electric HGVs
BENSHAM,0,0,0,0,0,1,1,1,2,3,5,7,10,15,21,28,35,44,52,62,71,80,87,89,89,88,88,87,86,85,NPgN,Primary,NG FES - Leading the Way (EE CF),Number of electric HGVs
BENTON SQUARE,0,0,0,0,1,1,2,3,4,7,10,15,21,31,44,58,75,92,111,131,151,170,185,189,188,187,186,184,182,179,NPgN,Primary,NG FES - Leading the Way (EE CF),Number of electric HGVs
BENWELL,0,0,0,0,1,1,2,3,4,6,8,12,18,26,37,50,64,79,95,112,129,145,157,161,161,159,158,157,155,153,NPgN,Primary,NG FES - Leading the Way (EE CF),Number of electric HGVs
BILLINGHAM MARSH HOUSE,0,0,0,1,2,3,5,8,12,18,26,39,57,82,116,156,199,246,296,350,403,452,491,504,501,498,494,489,484,477,NPgN,Primary,NG FES - Leading the Way (EE CF),Number of electric HGVs
BILLY MILL,0,0,0,0,1,1,2,2,3,5,8,11,16,24,34,45,58,71,86,102,117,131,143,147,146,145,144,142,141,139,NPgN,Primary,NG FES - Leading the Way (EE CF),Number of electric HGVs
BIRTLEY GROVE 66/11KV,0,0,1,1,2,5,7,11,16,24,36,52,77,111,157,211,269,333,401,474,545,612,665,683,679,675,669,663,655,646,NPgN,Primary,NG FES - Leading the Way (EE CF),Number of electric HGVs
BIRTLEY GROVE 66/20KV,0,0,0,0,0,1,1,2,3,4,6,8,12,18,25,33,43,53,63,75,86,97,105,108,107,107,106,105,104,102,NPgN,Primary,NG FES - Leading the Way (EE CF),Number of electric HGVs
BLAYDON BURN,0,0,0,1,1,2,3,5,7,10,15,23,33,48,67,91,116,143,172,204,234,263,286,293,292,290,288,285,282,278,NPgN,Primary,NG FES - Leading the Way (EE CF),Number of electric HGVs
BLUCHER 33/11KV,0,0,0,0,0,1,1,2,3,5,7,11,16,23,32,43,55,68,82,97,112,125,136,140,139,138,137,136,134,133,NPgN,Primary,NG FES - Leading the Way (EE CF),Number of electric HGVs
BOLDON DOWNHILL,0,0,0,0,0,1,1,2,2,3,5,8,11,16,23,30,39,48,58,68,79,88,96,99,98,98,97,96,95,93,NPgN,Primary,NG FES - Leading the Way (EE CF),Number of electric HGVs
BOROUGHBRIDGE/ROECLIFFE INDUSTRIAL,0,0,0,1,2,4,5,8,13,19,28,41,60,87,123,165,211,260,314,371,427,479,521,535,532,528,524,519,513,506,NPgN,Primary,NG FES - Leading the Way (EE CF),Number of electric HGVs
BOWESFIELD 33/11KV,0,0,0,1,1,3,4,7,10,15,22,32,47,68,96,129,165,204,246,290,335,375,408,419,417,414,410,406,402,396,NPgN,Primary,NG FES - Leading the Way (EE CF),Number of electric HGVs
BOWESFIELD 66/11KV,0,0,0,0,0,1,1,1,2,3,4,6,9,13,18,24,31,38,46,55,63,70,77,79,78,78,77,76,76,74,NPgN,Primary,NG FES - Leading the Way (EE CF),Number of electric HGVs
BRANCEPETH,0,0,0,0,0,0,0,1,1,2,2,3,5,7,10,14,18,22,27,31,36,41,44,45,45,45,44,44,44,43,NPgN,Primary,NG FES - Leading the Way (EE CF),Number of electric HGVs
BREAMISH STREET,0,0,0,0,0,0,0,0,0,0,1,1,1,2,3,4,5,6,8,9,11,12,13,13,13,13,13,13,13,13,NPgN,Primary,NG FES - Leading the Way (EE CF),Number of electric HGVs
BRENDA TRADING,0,0,0,1,2,4,5,8,12,19,28,41,60,87,123,165,210,260,313,370,426,478,520,533,531,527,523,518,512,505,NPgN,Primary,NG FES - Leading the Way (EE CF),Number of electric HGVs
CAMPLESHON ROAD,0,0,0,0,0,0,0,0,0,0,0,0,0,0,0,0,0,0,0,0,0,0,0,0,0,0,0,0,0,0,NPgN,Primary,NG FES - Leading the Way (EE CF),Number of electric HGVs
CARLEY HILL,0,0,0,0,0,1,1,2,3,4,6,9,13,18,26,35,45,55,67,79,91,102,110,113,113,112,111,110,109,107,NPgN,Primary,NG FES - Leading the Way (EE CF),Number of electric HGVs
CARLIN HOW T3 T4,0,0,0,0,0,0,0,0,1,1,1,2,3,4,6,8,11,13,16,19,21,24,26,27,27,26,26,26,26,25,NPgN,Primary,NG FES - Leading the Way (EE CF),Number of electric HGVs
CARR HILL,0,0,0,0,1,1,2,3,5,7,11,16,24,34,49,65,84,103,125,147,169,190,207,212,211,210,208,206,204,201,NPgN,Primary,NG FES - Leading the Way (EE CF),Number of electric HGVs
CATTERICK CAMP,0,0,0,0,0,0,1,1,2,2,3,5,7,11,15,21,26,32,39,46,53,60,65,67,66,66,65,65,64,63,NPgN,Primary,NG FES - Leading the Way (EE CF),Number of electric HGVs
CLOSE,0,0,0,0,0,0,1,1,1,2,3,4,6,8,11,15,19,24,29,34,39,44,48,49,49,49,48,48,47,47,NPgN,Primary,NG FES - Leading the Way (EE CF),Number of electric HGVs
CONEYTHORPE,0,0,0,0,0,1,1,1,2,3,5,7,10,15,21,28,36,44,53,63,72,81,88,91,90,90,89,88,87,86,NPgN,Primary,NG FES - Leading the Way (EE CF),Number of electric HGVs
CONSETT,0,0,0,1,1,2,3,4,7,10,15,22,32,46,65,87,111,138,166,196,226,253,275,283,281,279,277,274,271,268,NPgN,Primary,NG FES - Leading the Way (EE CF),Number of electric HGVs
CORPORATION STREET,0,0,0,0,0,0,0,0,0,0,0,0,0,0,0,0,0,0,0,0,0,0,0,0,0,0,0,0,0,0,NPgN,Primary,NG FES - Leading the Way (EE CF),Number of electric HGVs
COWTON,0,0,0,0,0,0,0,0,0,0,0,0,0,0,0,0,0,0,0,0,0,0,0,0,0,0,0,0,0,0,NPgN,Primary,NG FES - Leading the Way (EE CF),Number of electric HGVs
CRAMLINGTON T1 T3,0,0,0,0,0,1,1,2,3,4,6,9,13,18,26,35,44,55,66,78,89,100,109,112,111,111,110,109,108,106,NPgN,Primary,NG FES - Leading the Way (EE CF),Number of electric HGVs
CRAMLINGTON T2 T4,0,0,0,0,1,1,2,3,5,8,11,17,24,35,50,67,86,106,128,151,174,195,212,217,216,215,213,211,209,206,NPgN,Primary,NG FES - Leading the Way (EE CF),Number of electric HGVs
DARLEY,0,0,0,0,0,0,0,0,0,0,0,0,0,0,0,0,0,0,0,0,0,0,0,0,0,0,0,0,0,0,NPgN,Primary,NG FES - Leading the Way (EE CF),Number of electric HGVs
DARLINGTON 132/6KV,0,0,0,0,0,0,0,0,1,1,2,2,3,5,7,9,12,14,17,20,23,26,29,29,29,29,29,28,28,28,NPgN,Primary,NG FES - Leading the Way (EE CF),Number of electric HGVs
DARLINGTON 33/11KV,0,0,0,0,0,0,1,1,1,2,3,4,6,8,11,15,19,24,29,34,39,44,48,49,49,49,48,48,47,47,NPgN,Primary,NG FES - Leading the Way (EE CF),Number of electric HGVs
DARLINGTON CENTRAL 33/11KV,0,0,0,0,0,0,0,0,0,0,0,0,0,0,0,0,0,0,0,0,0,0,0,0,0,0,0,0,0,0,NPgN,Primary,NG FES - Leading the Way (EE CF),Number of electric HGVs
DARLINGTON EAST,0,0,0,1,2,3,5,7,11,16,24,36,52,76,107,144,183,227,273,323,372,417,453,465,463,460,456,452,447,440,NPgN,Primary,NG FES - Leading the Way (EE CF),Number of electric HGVs
DARLINGTON WEST,0,0,1,1,2,4,7,10,15,23,34,50,74,107,151,202,258,320,385,455,524,588,639,656,653,648,643,637,630,621,NPgN,Primary,NG FES - Leading the Way (EE CF),Number of electric HGVs
DENWICK,0,0,0,0,0,1,1,2,3,4,6,9,13,18,26,35,45,55,67,79,91,102,110,113,113,112,111,110,109,107,NPgN,Primary,NG FES - Leading the Way (EE CF),Number of electric HGVs
DUNSTON 66/11KV,0,0,0,0,0,1,1,2,3,4,6,9,13,18,26,35,44,55,66,78,89,100,109,112,111,111,110,109,108,106,NPgN,Primary,NG FES - Leading the Way (EE CF),Number of electric HGVs
DUNSTON 66/20KV,0,0,0,0,0,0,0,0,1,1,2,2,4,5,7,10,13,16,19,22,26,29,31,32,32,32,31,31,31,30,NPgN,Primary,NG FES - Leading the Way (EE CF),Number of electric HGVs
DURHAM EAST,0,0,0,0,0,0,0,0,0,0,0,0,0,0,0,0,0,0,0,0,0,0,0,0,0,0,0,0,0,0,NPgN,Primary,NG FES - Leading the Way (EE CF),Number of electric HGVs
EASTFIELD,0,0,0,0,1,1,2,3,5,7,10,15,22,33,46,62,79,97,118,139,160,179,195,200,199,198,196,194,192,189,NPgN,Primary,NG FES - Leading the Way (EE CF),Number of electric HGVs
EASTGATE CEMENT,0,0,0,0,0,0,0,0,0,0,0,0,0,0,0,0,0,0,0,0,0,0,0,0,0,0,0,0,0,0,NPgN,Primary,NG FES - Leading the Way (EE CF),Number of electric HGVs
EDUCATIONAL PRECINCT,0,0,0,0,0,0,0,0,0,0,0,0,0,0,0,0,0,0,0,0,0,0,0,0,0,0,0,0,0,0,NPgN,Primary,NG FES - Leading the Way (EE CF),Number of electric HGVs
ELVINGTON,0,0,0,0,1,1,2,2,4,5,8,12,17,25,35,47,60,74,89,105,121,136,148,152,151,150,149,148,146,144,NPgN,Primary,NG FES - Leading the Way (EE CF),Number of electric HGVs
FARADAY STREET,0,0,0,0,0,0,0,0,0,0,0,0,0,0,0,0,0,0,0,0,0,0,0,0,0,0,0,0,0,0,NPgN,Primary,NG FES - Leading the Way (EE CF),Number of electric HGVs
FAWDON T1 & SEATON BURN T1,0,0,0,0,1,2,2,4,5,8,12,18,26,37,53,71,90,112,135,159,183,205,223,229,228,227,225,223,220,217,NPgN,Primary,NG FES - Leading the Way (EE CF),Number of electric HGVs
FISHBURN,0,0,0,0,1,2,3,4,6,9,13,19,28,40,57,76,97,120,145,171,197,221,240,247,245,244,242,239,237,233,NPgN,Primary,NG FES - Leading the Way (EE CF),Number of electric HGVs
FLATWORTH CENTRAL,0,0,0,0,1,1,2,3,5,7,10,15,22,32,45,60,77,95,115,136,157,176,191,196,195,194,192,190,188,186,NPgN,Primary,NG FES - Leading the Way (EE CF),Number of electric HGVs
FOSS ISLANDS,0,0,0,0,1,1,2,2,4,6,8,12,18,26,37,49,63,78,94,111,128,143,156,160,159,158,157,155,154,151,NPgN,Primary,NG FES - Leading the Way (EE CF),Number of electric HGVs
FOSSWAY 33/11KV,0,0,0,0,1,1,2,3,5,7,10,15,22,33,46,62,79,97,118,139,160,179,195,200,199,198,196,194,192,189,NPgN,Primary,NG FES - Leading the Way (EE CF),Number of electric HGVs
FOURSTONES 20KV,0,0,0,0,0,0,0,0,1,1,1,2,3,4,6,8,11,13,16,19,21,24,26,27,27,26,26,26,26,25,NPgN,Primary,NG FES - Leading the Way (EE CF),Number of electric HGVs
FYLANDS BRIDGE,0,0,0,0,0,1,1,2,3,5,7,10,15,21,30,40,51,64,77,91,104,117,127,131,130,129,128,127,125,124,NPgN,Primary,NG FES - Leading the Way (EE CF),Number of electric HGVs
GALE LANE,0,0,0,0,0,0,0,0,0,0,0,0,0,0,0,0,0,0,0,0,0,0,0,0,0,0,0,0,0,0,NPgN,Primary,NG FES - Leading the Way (EE CF),Number of electric HGVs
GARWOOD STREET,0,0,0,0,0,1,1,2,2,4,5,8,11,16,23,31,40,49,60,70,81,91,99,101,101,100,99,98,97,96,NPgN,Primary,NG FES - Leading the Way (EE CF),Number of electric HGVs
GATESHEAD CENTRAL,0,0,0,0,1,1,2,3,4,6,9,13,19,28,39,53,67,83,100,118,136,153,166,171,170,169,167,166,164,162,NPgN,Primary,NG FES - Leading the Way (EE CF),Number of electric HGVs
GATESHEAD EAST,0,0,0,1,1,2,3,5,8,12,18,26,38,56,78,105,134,166,201,237,273,306,333,341,340,337,335,331,328,323,NPgN,Primary,NG FES - Leading the Way (EE CF),Number of electric HGVs
GOSFORTH 33/11KV,0,0,0,0,0,0,0,0,0,0,0,0,0,0,0,0,0,0,0,0,0,0,0,0,0,0,0,0,0,0,NPgN,Primary,NG FES - Leading the Way (EE CF),Number of electric HGVs
GRANGETOWN,0,1,1,2,4,8,13,20,29,44,66,97,142,205,290,389,496,614,740,874,1007,1129,1228,1260,1254,1245,1235,1223,1210,1193,NPgN,Primary,NG FES - Leading the Way (EE CF),Number of electric HGVs
GREATHAM,0,0,0,0,0,0,0,0,0,0,0,0,0,0,0,0,0,0,0,0,0,0,0,0,0,0,0,0,0,0,NPgN,Primary,NG FES - Leading the Way (EE CF),Number of electric HGVs
GUISBOROUGH T1 T2,0,0,0,0,0,0,0,1,1,1,2,3,4,6,8,11,14,17,20,24,28,31,34,35,34,34,34,34,33,33,NPgN,Primary,NG FES - Leading the Way (EE CF),Number of electric HGVs
GUISBOROUGH T3,0,0,0,0,0,0,0,0,0,0,0,0,0,0,0,0,0,0,0,0,0,0,0,0,0,0,0,0,0,0,NPgN,Primary,NG FES - Leading the Way (EE CF),Number of electric HGVs
HARLOW GREEN,0,0,0,0,0,0,0,0,0,0,0,0,0,0,0,0,0,0,0,0,0,0,0,0,0,0,0,0,0,0,NPgN,Primary,NG FES - Leading the Way (EE CF),Number of electric HGVs
HARMIRE BRIDGE,0,0,0,0,1,1,2,3,5,8,12,17,25,36,51,69,88,109,132,155,179,201,218,224,223,221,220,217,215,212,NPgN,Primary,NG FES - Leading the Way (EE CF),Number of electric HGVs
HARRATON,0,0,0,0,1,1,2,2,4,6,8,12,18,26,36,49,63,77,93,110,127,142,155,159,158,157,156,154,152,150,NPgN,Primary,NG FES - Leading the Way (EE CF),Number of electric HGVs
HARROGATE 132/11KV,0,0,0,0,1,1,2,2,4,5,8,12,17,25,35,47,60,74,89,105,121,136,148,152,151,150,149,148,146,144,NPgN,Primary,NG FES - Leading the Way (EE CF),Number of electric HGVs
HARROGATE WEST,0,0,0,0,0,0,0,0,0,0,0,0,0,0,0,0,0,0,0,0,0,0,0,0,0,0,0,0,0,0,NPgN,Primary,NG FES - Leading the Way (EE CF),Number of electric HGVs
HARTMOOR 66/20KV,0,0,0,0,0,0,1,1,2,2,3,5,7,11,15,21,26,32,39,46,53,60,65,67,66,66,65,65,64,63,NPgN,Primary,NG FES - Leading the Way (EE CF),Number of electric HGVs
HAWTHORN PIT,0,0,0,1,1,2,3,5,7,11,16,24,35,50,71,95,121,150,181,214,246,276,300,308,306,304,302,299,296,292,NPgN,Primary,NG FES - Leading the Way (EE CF),Number of electric HGVs
HAXBY ROAD T2 T3,0,0,0,0,0,0,1,1,2,3,4,6,8,12,17,22,28,35,42,50,58,65,70,72,72,71,71,70,69,68,NPgN,Primary,NG FES - Leading the Way (EE CF),Number of electric HGVs
HEBBURN,0,0,0,0,1,1,2,3,4,7,10,15,21,31,44,59,75,93,112,132,152,171,186,191,190,188,187,185,183,180,NPgN,Primary,NG FES - Leading the Way (EE CF),Number of electric HGVs
HEBBURN WEST,0,0,0,0,0,0,0,0,0,0,0,0,0,0,0,0,0,0,0,0,0,0,0,0,0,0,0,0,0,0,NPgN,Primary,NG FES - Leading the Way (EE CF),Number of electric HGVs
HEDWORTH,0,0,0,0,0,0,1,1,2,3,4,6,8,12,17,23,29,36,43,51,59,66,71,73,73,72,72,71,70,69,NPgN,Primary,NG FES - Leading the Way (EE CF),Number of electric HGVs
HEIGHINGTON,0,0,0,0,0,0,0,0,0,0,0,0,0,0,0,0,0,0,0,0,0,0,0,0,0,0,0,0,0,0,NPgN,Primary,NG FES - Leading the Way (EE CF),Number of electric HGVs
HEXHAM,0,0,0,0,0,0,1,1,2,3,4,6,8,12,17,23,29,36,44,52,60,67,73,75,74,74,73,72,72,71,NPgN,Primary,NG FES - Leading the Way (EE CF),Number of electric HGVs
HIGH BARMSTON,0,0,1,2,3,6,9,14,21,31,46,68,100,145,204,274,350,433,523,617,711,797,867,889,885,879,872,863,854,842,NPgN,Primary,NG FES - Leading the Way (EE CF),Number of electric HGVs
HIGH FLATTS,0,0,0,0,0,0,0,1,1,1,2,3,4,7,9,12,16,19,24,28,32,36,39,40,40,40,39,39,38,38,NPgN,Primary,NG FES - Leading the Way (EE CF),Number of electric HGVs
HOUGHTON,0,0,0,0,1,1,2,3,5,7,10,15,23,33,46,62,79,98,118,140,161,180,196,201,200,199,197,195,193,191,NPgN,Primary,NG FES - Leading the Way (EE CF),Number of electric HGVs
HOWDON,0,0,0,0,0,1,1,2,3,5,7,10,15,21,30,40,51,63,76,90,103,116,126,129,129,128,127,126,124,122,NPgN,Primary,NG FES - Leading the Way (EE CF),Number of electric HGVs
HUNTINGTON NEW LANE,0,0,0,0,0,1,1,2,2,4,5,8,11,16,23,31,39,49,59,69,80,90,97,100,99,99,98,97,96,95,NPgN,Primary,NG FES - Leading the Way (EE CF),Number of electric HGVs
HUSTHWAITE 33/11KV,0,0,0,0,0,1,1,2,3,4,7,10,14,21,29,40,50,62,75,89,102,115,125,128,127,127,125,124,123,121,NPgN,Primary,NG FES - Leading the Way (EE CF),Number of electric HGVs
JARROW,0,0,0,0,0,0,1,1,1,2,3,5,7,10,14,19,25,31,37,43,50,56,61,63,62,62,61,61,60,59,NPgN,Primary,NG FES - Leading the Way (EE CF),Number of electric HGVs
KENTON,0,0,0,0,0,0,0,0,0,0,0,0,0,0,0,0,0,0,0,0,0,0,0,0,0,0,0,0,0,0,NPgN,Primary,NG FES - Leading the Way (EE CF),Number of electric HGVs
KIELDER,0,0,0,0,0,0,0,0,0,0,0,0,0,0,0,0,0,0,0,0,0,0,0,0,0,0,0,0,0,0,NPgN,Primary,NG FES - Leading the Way (EE CF),Number of electric HGVs
KILLINGWORTH,0,0,0,0,0,1,1,2,3,5,7,11,16,23,32,44,56,69,83,98,113,127,138,141,141,140,139,137,136,134,NPgN,Primary,NG FES - Leading the Way (EE CF),Number of electric HGVs
KIRBYMOORSIDE,0,0,0,0,0,0,0,0,0,0,0,0,0,0,0,0,0,0,0,0,0,0,0,0,0,0,0,0,0,0,NPgN,Primary,NG FES - Leading the Way (EE CF),Number of electric HGVs
LEAM CENTRAL,0,0,0,0,0,0,0,0,0,0,0,0,0,0,0,0,0,0,0,0,0,0,0,0,0,0,0,0,0,0,NPgN,Primary,NG FES - Leading the Way (EE CF),Number of electric HGVs
LINTON 66/20KV,0,0,0,0,0,0,1,1,2,2,4,5,8,11,16,21,27,33,40,47,54,61,66,68,68,67,67,66,65,64,NPgN,Primary,NG FES - Leading the Way (EE CF),Number of electric HGVs
LONGBENTON,0,0,0,0,0,0,0,0,0,0,0,0,0,0,0,0,0,0,0,0,0,0,0,0,0,0,0,0,0,0,NPgN,Primary,NG FES - Leading the Way (EE CF),Number of electric HGVs
LOW SPENNYMOOR,0,0,0,0,0,1,1,2,3,4,6,10,14,20,29,38,49,60,73,86,99,111,121,124,123,123,122,120,119,117,NPgN,Primary,NG FES - Leading the Way (EE CF),Number of electric HGVs
LYNEMOUTH,0,0,0,0,0,0,0,0,0,0,0,0,0,0,0,0,0,0,0,0,0,0,0,0,0,0,0,0,0,0,NPgN,Primary,NG FES - Leading the Way (EE CF),Number of electric HGVs
MADDISON STREET,0,0,0,0,0,0,0,0,0,0,1,1,1,2,3,4,5,6,8,9,11,12,13,13,13,13,13,13,13,13,NPgN,Primary,NG FES - Leading the Way (EE CF),Number of electric HGVs
MALLEABLE,0,0,0,0,1,2,3,4,6,10,14,21,31,44,63,84,108,133,161,190,218,245,266,273,272,270,268,265,262,259,NPgN,Primary,NG FES - Leading the Way (EE CF),Number of electric HGVs
MALTON,0,0,0,0,1,1,2,3,5,7,10,15,22,32,45,60,77,95,114,135,156,174,190,195,194,192,191,189,187,184,NPgN,Primary,NG FES - Leading the Way (EE CF),Number of electric HGVs
MEADOWFIELD,0,0,0,0,0,1,1,1,2,3,4,6,9,13,18,25,32,39,47,56,64,72,78,80,80,79,78,78,77,76,NPgN,Primary,NG FES - Leading the Way (EE CF),Number of electric HGVs
MELROSEGATE 33/11KV,0,0,0,0,0,0,0,0,1,1,1,2,3,4,6,8,11,13,16,19,21,24,26,27,27,26,26,26,26,25,NPgN,Primary,NG FES - Leading the Way (EE CF),Number of electric HGVs
MILLBANK LANE,0,0,0,0,0,1,1,2,3,5,7,10,15,22,31,42,54,66,80,94,109,122,133,136,135,134,133,132,131,129,NPgN,Primary,NG FES - Leading the Way (EE CF),Number of electric HGVs
MONKSEATON,0,0,0,0,0,0,0,0,0,0,1,1,1,2,3,4,5,6,8,9,11,12,13,13,13,13,13,13,13,13,NPgN,Primary,NG FES - Leading the Way (EE CF),Number of electric HGVs
MOOR MONKTON PUMPS,0,0,0,0,0,0,1,1,1,2,3,5,7,10,14,19,24,29,35,42,48,54,58,60,60,59,59,58,58,57,NPgN,Primary,NG FES - Leading the Way (EE CF),Number of electric HGVs
MORPETH,0,0,0,0,0,1,1,2,3,4,6,9,14,20,28,37,48,59,71,84,97,109,118,121,121,120,119,118,116,115,NPgN,Primary,NG FES - Leading the Way (EE CF),Number of electric HGVs
MOUNT ROAD,0,0,0,0,0,0,0,0,0,0,0,0,0,0,0,0,0,0,0,0,0,0,0,0,0,0,0,0,0,0,NPgN,Primary,NG FES - Leading the Way (EE CF),Number of electric HGVs
NEWBURN HAUGH,0,0,0,0,0,1,1,2,2,3,5,7,11,16,22,30,38,47,57,68,78,87,95,97,97,96,95,95,93,92,NPgN,Primary,NG FES - Leading the Way (EE CF),Number of electric HGVs
NEWBY,0,0,0,0,0,0,0,0,1,1,1,2,3,4,6,8,11,13,16,19,21,24,26,27,27,26,26,26,26,25,NPgN,Primary,NG FES - Leading the Way (EE CF),Number of electric HGVs
NEWCASTLE AIRPORT,0,0,0,0,0,0,0,0,0,0,0,0,0,0,0,0,0,0,0,0,0,0,0,0,0,0,0,0,0,0,NPgN,Primary,NG FES - Leading the Way (EE CF),Number of electric HGVs
NEWTON AYCLIFFE SOUTH,0,0,0,0,0,0,0,1,1,1,2,3,4,6,9,12,15,18,22,26,30,33,36,37,37,37,37,36,36,35,NPgN,Primary,NG FES - Leading the Way (EE CF),Number of electric HGVs
NORTH STREET,0,0,0,0,0,0,0,1,1,2,2,4,5,8,11,14,18,23,27,32,37,42,45,47,46,46,46,45,45,44,NPgN,Primary,NG FES - Leading the Way (EE CF),Number of electric HGVs
NORTH TEES T1 T2,0,0,1,1,3,5,8,12,19,28,41,61,89,129,183,245,313,387,467,551,635,712,774,795,791,785,779,772,763,752,NPgN,Primary,NG FES - Leading the Way (EE CF),Number of electric HGVs
NORTH TEES T3 T4,0,0,0,0,0,0,0,0,0,0,0,0,0,0,0,0,0,0,0,0,0,0,0,0,0,0,0,0,0,0,NPgN,Primary,NG FES - Leading the Way (EE CF),Number of electric HGVs
NORTHALLERTON,0,0,0,0,0,1,1,2,2,4,5,8,11,16,23,31,39,49,59,69,80,90,97,100,99,99,98,97,96,95,NPgN,Primary,NG FES - Leading the Way (EE CF),Number of electric HGVs
NORTON 132/11KV,0,0,0,0,0,0,0,0,1,1,2,2,3,5,7,9,12,14,17,20,23,26,29,29,29,29,29,28,28,28,NPgN,Primary,NG FES - Leading the Way (EE CF),Number of electric HGVs
OATLANDS,0,0,0,0,0,0,0,0,0,0,0,0,0,0,0,0,0,0,0,0,0,0,0,0,0,0,0,0,0,0,NPgN,Primary,NG FES - Leading the Way (EE CF),Number of electric HGVs
OFFERTON 33/11KV,0,0,0,0,0,1,1,1,2,3,4,6,9,13,19,25,32,40,48,56,65,73,79,81,81,80,80,79,78,77,NPgN,Primary,NG FES - Leading the Way (EE CF),Number of electric HGVs
PALLION TRADING,0,0,0,0,0,0,0,0,1,1,1,2,3,4,6,8,11,13,16,19,21,24,26,27,27,26,26,26,26,25,NPgN,Primary,NG FES - Leading the Way (EE CF),Number of electric HGVs
PETERLEE INDUSTRIAL,0,0,0,0,0,0,0,0,0,0,0,0,0,0,0,0,0,0,0,0,0,0,0,0,0,0,0,0,0,0,NPgN,Primary,NG FES - Leading the Way (EE CF),Number of electric HGVs
PETERLEE WEST,0,0,0,0,0,0,0,0,0,0,0,0,0,0,0,0,0,0,0,0,0,0,0,0,0,0,0,0,0,0,NPgN,Primary,NG FES - Leading the Way (EE CF),Number of electric HGVs
PILGRIM,0,0,0,0,0,0,0,0,0,0,0,0,0,0,0,0,0,0,0,0,0,0,0,0,0,0,0,0,0,0,NPgN,Primary,NG FES - Leading the Way (EE CF),Number of electric HGVs
POTTER HOUSE T1 T3,0,0,0,0,0,1,1,1,2,3,4,6,9,13,18,25,32,39,47,56,64,72,78,80,80,79,78,78,77,76,NPgN,Primary,NG FES - Leading the Way (EE CF),Number of electric HGVs
POTTER HOUSE T4 T5,0,0,0,0,0,0,0,0,0,0,0,0,0,0,0,0,0,0,0,0,0,0,0,0,0,0,0,0,0,0,NPgN,Primary,NG FES - Leading the Way (EE CF),Number of electric HGVs
PRISSICK,0,0,0,0,0,0,0,0,0,0,0,0,0,0,0,0,0,0,0,0,0,0,0,0,0,0,0,0,0,0,NPgN,Primary,NG FES - Leading the Way (EE CF),Number of electric HGVs
RAVENSCAR,0,0,0,0,0,0,0,0,0,0,0,0,0,0,0,0,0,0,0,0,0,0,0,0,0,0,0,0,0,0,NPgN,Primary,NG FES - Leading the Way (EE CF),Number of electric HGVs
RAWCLIFFE LANE,0,0,0,0,0,0,0,1,1,2,2,4,5,8,11,15,19,23,28,33,38,43,47,48,48,47,47,47,46,45,NPgN,Primary,NG FES - Leading the Way (EE CF),Number of electric HGVs
REDCAR,0,0,1,1,2,4,6,10,15,22,32,48,70,102,143,193,246,304,367,433,499,559,608,624,621,617,612,606,599,591,NPgN,Primary,NG FES - Leading the Way (EE CF),Number of electric HGVs
RESERVOIR,0,0,0,1,1,2,3,5,8,12,17,26,37,54,77,103,131,162,196,231,266,299,325,333,332,329,327,324,320,316,NPgN,Primary,NG FES - Leading the Way (EE CF),Number of electric HGVs
RICHMOND T1,0,0,0,0,1,1,2,3,5,7,10,15,22,32,45,60,77,95,115,136,157,176,191,196,195,194,192,190,188,186,NPgN,Primary,NG FES - Leading the Way (EE CF),Number of electric HGVs
RICHMOND T2,0,0,0,0,0,0,0,0,0,1,1,2,2,3,5,6,8,10,12,14,16,18,19,20,20,20,20,19,19,19,NPgN,Primary,NG FES - Leading the Way (EE CF),Number of electric HGVs
RIPON,0,0,0,1,1,3,4,6,9,14,21,31,46,66,93,125,160,197,238,281,324,363,395,405,403,401,397,394,389,384,NPgN,Primary,NG FES - Leading the Way (EE CF),Number of electric HGVs
RISE CARR,0,0,0,0,0,0,0,1,1,2,2,3,5,7,10,14,18,22,27,31,36,41,44,45,45,45,44,44,44,43,NPgN,Primary,NG FES - Leading the Way (EE CF),Number of electric HGVs
ROMANBY,0,0,0,0,0,0,0,0,0,0,0,0,0,0,0,0,0,0,0,0,0,0,0,0,0,0,0,0,0,0,NPgN,Primary,NG FES - Leading the Way (EE CF),Number of electric HGVs
RUDBY,0,0,0,0,0,1,1,2,3,4,6,9,13,19,27,36,46,57,68,80,93,104,113,116,115,115,114,113,111,110,NPgN,Primary,NG FES - Leading the Way (EE CF),Number of electric HGVs
SCARBOROUGH 33/11KV,0,0,0,0,0,0,0,0,0,0,0,0,0,0,0,0,0,0,0,0,0,0,0,0,0,0,0,0,0,0,NPgN,Primary,NG FES - Leading the Way (EE CF),Number of electric HGVs
SCARBOROUGH 66/11KV,0,0,0,0,0,0,0,0,0,0,0,0,0,0,0,0,0,0,0,0,0,0,0,0,0,0,0,0,0,0,NPgN,Primary,NG FES - Leading the Way (EE CF),Number of electric HGVs
SEGHILL,0,0,0,0,0,0,0,0,1,1,2,2,4,5,7,10,13,16,19,22,26,29,31,32,32,32,31,31,31,30,NPgN,Primary,NG FES - Leading the Way (EE CF),Number of electric HGVs
SESSAY BRIDGE_SOWERBY,0,0,0,0,0,1,1,2,2,4,5,8,11,16,23,31,39,49,59,69,80,90,97,100,99,99,98,97,96,95,NPgN,Primary,NG FES - Leading the Way (EE CF),Number of electric HGVs
SEVERUS HILL,0,0,0,0,1,1,2,3,4,6,9,13,19,28,40,53,68,84,102,120,139,155,169,173,172,171,170,168,166,164,NPgN,Primary,NG FES - Leading the Way (EE CF),Number of electric HGVs
SHERIFF HUTTON,0,0,0,0,0,1,1,2,3,4,7,10,14,21,29,40,50,62,75,89,102,115,125,128,127,127,125,124,123,121,NPgN,Primary,NG FES - Leading the Way (EE CF),Number of electric HGVs
SHOTTON,0,0,0,0,0,1,1,1,2,3,4,6,9,14,19,26,33,41,49,58,67,75,82,84,84,83,82,82,81,80,NPgN,Primary,NG FES - Leading the Way (EE CF),Number of electric HGVs
SIMONSIDE,0,0,0,0,1,1,2,3,4,6,9,14,20,29,41,56,71,88,106,125,144,161,175,180,179,178,176,175,173,170,NPgN,Primary,NG FES - Leading the Way (EE CF),Number of electric HGVs
SKELDERGATE,0,0,0,0,0,0,0,1,1,1,2,3,4,7,9,12,16,19,24,28,32,36,39,40,40,40,39,39,38,38,NPgN,Primary,NG FES - Leading the Way (EE CF),Number of electric HGVs
SKERNESIDE,0,0,0,1,2,3,5,8,12,18,26,39,57,82,116,156,200,247,298,352,405,454,494,507,504,501,497,492,486,480,NPgN,Primary,NG FES - Leading the Way (EE CF),Number of electric HGVs
SPADEADAM 20KV,0,0,0,0,0,0,0,1,1,1,2,3,4,7,9,12,16,19,24,28,32,36,39,40,40,40,39,39,38,38,NPgN,Primary,NG FES - Leading the Way (EE CF),Number of electric HGVs
SPENCERBECK,0,0,0,0,1,2,3,4,6,10,14,21,31,44,63,84,108,133,161,190,218,245,266,273,272,270,268,265,262,259,NPgN,Primary,NG FES - Leading the Way (EE CF),Number of electric HGVs
SPENNYMOOR 66/20KV,0,0,0,1,1,2,3,5,7,11,16,24,35,51,71,96,122,151,183,216,248,278,303,311,309,307,305,302,298,294,NPgN,Primary,NG FES - Leading the Way (EE CF),Number of electric HGVs
STARBECK,0,0,0,0,0,0,0,0,1,1,1,2,3,4,6,8,11,13,16,19,21,24,26,27,27,26,26,26,26,25,NPgN,Primary,NG FES - Leading the Way (EE CF),Number of electric HGVs
STOBSWOOD COAL,0,0,0,0,0,0,0,0,0,0,0,0,0,0,0,0,0,0,0,0,0,0,0,0,0,0,0,0,0,0,NPgN,Primary,NG FES - Leading the Way (EE CF),Number of electric HGVs
STOKESLEY,0,0,0,0,0,1,1,2,3,4,6,9,13,19,27,36,46,57,68,80,93,104,113,116,115,115,114,113,111,110,NPgN,Primary,NG FES - Leading the Way (EE CF),Number of electric HGVs
STONEY CUT,0,0,0,0,0,1,1,2,2,4,6,8,12,17,25,33,42,52,63,74,85,96,104,107,106,105,105,104,102,101,NPgN,Primary,NG FES - Leading the Way (EE CF),Number of electric HGVs
SUNDERLAND T1 T2,0,0,0,0,0,1,1,2,3,4,6,9,14,20,28,37,48,59,71,84,97,109,118,121,121,120,119,118,116,115,NPgN,Primary,NG FES - Leading the Way (EE CF),Number of electric HGVs
SUNDERLAND T5 T6,0,0,0,0,0,0,0,0,0,0,0,0,0,0,0,0,0,0,0,0,0,0,0,0,0,0,0,0,0,0,NPgN,Primary,NG FES - Leading the Way (EE CF),Number of electric HGVs
TANFIELD,0,0,0,0,0,0,0,0,0,1,1,2,2,3,5,6,8,10,12,14,16,18,19,20,20,20,20,19,19,19,NPgN,Primary,NG FES - Leading the Way (EE CF),Number of electric HGVs
TEAM VALLEY,0,0,1,1,3,5,7,11,17,25,38,56,82,118,167,225,287,355,428,505,582,652,709,728,724,720,714,707,699,689,NPgN,Primary,NG FES - Leading the Way (EE CF),Number of electric HGVs
TEES INDUSTRIAL T1 T2,0,0,0,0,0,0,0,0,0,0,0,0,0,0,0,0,0,0,0,0,0,0,0,0,0,0,0,0,0,0,NPgN,Primary,NG FES - Leading the Way (EE CF),Number of electric HGVs
TEMPLE PARK,0,0,0,0,0,0,0,0,0,0,0,0,0,0,0,0,0,0,0,0,0,0,0,0,0,0,0,0,0,0,NPgN,Primary,NG FES - Leading the Way (EE CF),Number of electric HGVs
THIRSK,0,0,0,1,1,2,3,4,6,10,14,21,31,45,64,86,109,135,163,192,222,248,270,277,276,274,272,269,266,263,NPgN,Primary,NG FES - Leading the Way (EE CF),Number of electric HGVs
THORNTON DALE,0,0,0,0,0,0,0,0,0,0,1,1,1,2,3,4,5,6,8,9,11,12,13,13,13,13,13,13,13,13,NPgN,Primary,NG FES - Leading the Way (EE CF),Number of electric HGVs
TORONTO 66/20KV,0,0,0,0,0,1,1,2,3,5,7,11,16,23,32,44,56,69,83,98,113,127,138,141,141,140,139,137,136,134,NPgN,Primary,NG FES - Leading the Way (EE CF),Number of electric HGVs
TUNSTALL,0,0,0,0,0,1,1,2,3,4,6,9,13,18,26,35,45,55,67,79,91,102,110,113,113,112,111,110,109,107,NPgN,Primary,NG FES - Leading the Way (EE CF),Number of electric HGVs
TYNEMOUTH CENTRAL,0,0,0,0,0,0,0,0,0,0,0,0,0,0,0,0,0,0,0,0,0,0,0,0,0,0,0,0,0,0,NPgN,Primary,NG FES - Leading the Way (EE CF),Number of electric HGVs
UNIVERSITY,0,0,0,0,0,0,0,0,0,0,0,0,0,0,0,0,0,0,0,0,0,0,0,0,0,0,0,0,0,0,NPgN,Primary,NG FES - Leading the Way (EE CF),Number of electric HGVs
URLAY NOOK,0,0,0,0,0,1,1,1,2,3,5,7,10,14,20,27,34,42,51,60,69,78,84,87,86,86,85,84,83,82,NPgN,Primary,NG FES - Leading the Way (EE CF),Number of electric HGVs
USWORTH,0,0,0,0,1,1,2,3,5,7,10,15,23,33,46,62,79,98,118,140,161,180,196,201,200,199,197,195,193,191,NPgN,Primary,NG FES - Leading the Way (EE CF),Number of electric HGVs
WALKER,0,0,0,0,0,0,0,1,1,1,2,3,4,7,9,12,16,19,24,28,32,36,39,40,40,40,39,39,38,38,NPgN,Primary,NG FES - Leading the Way (EE CF),Number of electric HGVs
WANSBECK,0,0,0,0,0,0,0,0,0,0,0,0,0,0,0,0,0,0,0,0,0,0,0,0,0,0,0,0,0,0,NPgN,Primary,NG FES - Leading the Way (EE CF),Number of electric HGVs
WARDLEY,0,0,0,0,0,0,0,0,0,0,0,0,0,0,0,0,0,0,0,0,0,0,0,0,0,0,0,0,0,0,NPgN,Primary,NG FES - Leading the Way (EE CF),Number of electric HGVs
WARKWORTH,0,0,0,0,0,0,1,1,2,3,4,6,8,12,17,22,28,35,42,50,58,65,70,72,72,71,71,70,69,68,NPgN,Primary,NG FES - Leading the Way (EE CF),Number of electric HGVs
WENSLEYDALE,0,0,0,0,1,2,2,4,6,8,12,18,27,39,55,73,93,116,139,165,190,213,231,237,236,235,233,230,228,225,NPgN,Primary,NG FES - Leading the Way (EE CF),Number of electric HGVs
WEST HARTFORD,0,0,0,0,0,0,0,0,0,0,0,0,0,0,0,0,0,0,0,0,0,0,0,0,0,0,0,0,0,0,NPgN,Primary,NG FES - Leading the Way (EE CF),Number of electric HGVs
WEST SOUTHWICK,0,0,0,0,0,0,0,0,0,1,1,1,2,3,4,5,6,8,9,11,13,14,16,16,16,16,16,16,15,15,NPgN,Primary,NG FES - Leading the Way (EE CF),Number of electric HGVs
WEST WYLAM,0,0,0,0,1,2,3,4,6,9,14,20,29,43,60,81,103,127,154,181,209,234,255,261,260,258,256,254,251,247,NPgN,Primary,NG FES - Leading the Way (EE CF),Number of electric HGVs
WESTERHOPE,0,0,0,0,0,0,0,1,1,1,2,3,4,5,8,10,13,16,20,23,27,30,32,33,33,33,33,32,32,32,NPgN,Primary,NG FES - Leading the Way (EE CF),Number of electric HGVs
WESTOE,0,0,0,0,0,0,0,0,0,0,0,0,0,0,0,0,0,0,0,0,0,0,0,0,0,0,0,0,0,0,NPgN,Primary,NG FES - Leading the Way (EE CF),Number of electric HGVs
WHITBY T1,0,0,0,0,0,0,0,0,1,1,1,2,3,4,6,7,9,12,14,17,19,22,23,24,24,24,24,23,23,23,NPgN,Primary,NG FES - Leading the Way (EE CF),Number of electric HGVs
WHITBY T2,0,0,0,0,0,1,1,1,2,3,5,7,10,14,20,27,35,43,52,61,70,79,86,88,88,87,86,85,84,83,NPgN,Primary,NG FES - Leading the Way (EE CF),Number of electric HGVs
WHITBY WEST T1,0,0,0,0,0,0,0,0,0,0,1,1,1,2,3,4,5,6,8,9,11,12,13,13,13,13,13,13,13,13,NPgN,Primary,NG FES - Leading the Way (EE CF),Number of electric HGVs
WHITBY WEST T2,0,0,0,0,0,0,0,0,0,0,0,0,0,0,0,0,0,0,0,0,0,0,0,0,0,0,0,0,0,0,NPgN,Primary,NG FES - Leading the Way (EE CF),Number of electric HGVs
WILLINGTON,0,0,0,0,0,0,0,0,0,0,0,0,0,0,0,0,0,0,0,0,0,0,0,0,0,0,0,0,0,0,NPgN,Primary,NG FES - Leading the Way (EE CF),Number of electric HGVs
WORMALD GREEN 132/11KV,0,0,0,0,0,1,1,1,2,3,4,7,10,14,20,26,34,42,50,59,68,76,83,85,85,84,84,83,82,81,NPgN,Primary,NG FES - Leading the Way (EE CF),Number of electric HGVs
WYNYARD,0,0,0,0,0,0,0,1,1,1,2,3,4,7,9,12,16,19,24,28,32,36,39,40,40,40,39,39,38,38,NPgN,Primary,NG FES - Leading the Way (EE CF),Number of electric HGVs
YEDINGHAM,0,0,0,0,0,0,0,0,0,0,0,0,0,0,0,0,0,0,0,0,0,0,0,0,0,0,0,0,0,0,NPgN,Primary,NG FES - Leading the Way (EE CF),Number of electric HGVs
YORK UNIVERSITY,0,0,0,0,0,0,0,0,0,0,1,1,1,2,3,4,5,6,8,9,11,12,13,13,13,13,13,13,13,13,NPgN,Primary,NG FES - Leading the Way (EE CF),Number of electric HGVs
ABBEY ROAD,0,0,0,0,0,0,0,0,0,0,0,0,0,0,0,0,0,0,0,0,0,0,0,0,0,0,0,0,0,0,NPgY,Primary,NG FES - Leading the Way (EE CF),Number of electric HGVs
AIREDALE ROAD,0,0,0,1,1,2,3,4,6,9,14,21,30,44,62,83,106,131,158,187,215,241,262,269,267,266,264,261,258,254,NPgY,Primary,NG FES - Leading the Way (EE CF),Number of electric HGVs
ALDHAM,0,0,0,0,0,0,1,1,1,2,3,5,7,10,14,19,25,31,37,44,50,56,61,63,63,62,62,61,60,60,NPgY,Primary,NG FES - Leading the Way (EE CF),Number of electric HGVs
ALFRED GELDER STREET,0,0,0,0,0,1,1,2,2,4,5,8,11,16,23,31,40,49,59,70,81,91,99,101,101,100,99,98,97,96,NPgY,Primary,NG FES - Leading the Way (EE CF),Number of electric HGVs
ALLERTON HILL T1,0,0,0,0,0,0,0,0,0,0,0,0,0,0,0,0,0,0,0,0,0,0,0,0,0,0,0,0,0,0,NPgY,Primary,NG FES - Leading the Way (EE CF),Number of electric HGVs
ALLERTON HILL T2,0,0,0,0,0,0,0,0,0,0,0,0,0,0,0,0,0,0,0,0,0,0,0,0,0,0,0,0,0,0,NPgY,Primary,NG FES - Leading the Way (EE CF),Number of electric HGVs
ALVERTHORPE ROAD,0,0,0,0,0,0,0,1,1,1,2,3,4,6,9,12,16,19,23,28,32,36,39,40,40,39,39,39,38,38,NPgY,Primary,NG FES - Leading the Way (EE CF),Number of electric HGVs
ARMOURIES DRIVE,0,0,0,0,0,0,0,0,0,0,0,0,0,0,0,0,0,0,0,0,0,0,0,0,0,0,0,0,0,0,NPgY,Primary,NG FES - Leading the Way (EE CF),Number of electric HGVs
ARMTHORPE,0,0,0,0,0,0,1,1,2,2,4,5,8,12,16,22,28,35,42,49,57,64,69,71,71,70,70,69,68,67,NPgY,Primary,NG FES - Leading the Way (EE CF),Number of electric HGVs
ARUNDEL STREET,0,0,0,0,0,0,0,0,0,0,0,0,0,0,0,0,0,0,0,0,0,0,0,0,0,0,0,0,0,0,NPgY,Primary,NG FES - Leading the Way (EE CF),Number of electric HGVs
ASKERN,0,0,0,0,0,0,0,1,1,2,2,3,5,7,10,14,17,22,26,31,35,40,43,44,44,44,43,43,43,42,NPgY,Primary,NG FES - Leading the Way (EE CF),Number of electric HGVs
AUDBY LANE,0,0,0,1,1,2,2,4,6,9,13,19,27,40,56,75,96,118,143,169,194,218,237,243,242,240,238,236,233,230,NPgY,Primary,NG FES - Leading the Way (EE CF),Number of electric HGVs
AUSTERFIELD,0,0,0,0,0,0,0,0,0,1,1,1,2,3,4,5,6,8,9,11,13,14,16,16,16,16,16,16,15,15,NPgY,Primary,NG FES - Leading the Way (EE CF),Number of electric HGVs
BAILIFF BRIDGE,0,0,0,0,0,0,0,0,0,0,0,0,0,0,0,0,0,0,0,0,0,0,0,0,0,0,0,0,0,0,NPgY,Primary,NG FES - Leading the Way (EE CF),Number of electric HGVs
BALBY,0,0,0,0,0,0,0,0,0,0,0,0,0,0,0,0,0,0,0,0,0,0,0,0,0,0,0,0,0,0,NPgY,Primary,NG FES - Leading the Way (EE CF),Number of electric HGVs
BALME STREET,0,0,0,0,0,0,1,1,2,2,3,5,7,11,15,21,26,32,39,46,53,60,65,67,66,66,65,65,64,63,NPgY,Primary,NG FES - Leading the Way (EE CF),Number of electric HGVs
BARNBURGH,0,0,0,0,1,1,2,3,4,6,9,13,19,28,39,53,67,83,100,118,136,153,166,170,169,168,167,165,164,161,NPgY,Primary,NG FES - Leading the Way (EE CF),Number of electric HGVs
BARNOLDSWICK,0,0,0,0,0,0,1,1,2,2,4,5,8,11,16,21,27,34,41,48,55,62,67,69,69,68,68,67,66,66,NPgY,Primary,NG FES - Leading the Way (EE CF),Number of electric HGVs
BARNSLEY,0,0,0,0,0,0,0,0,0,0,0,1,1,1,2,3,3,4,5,6,7,8,9,9,9,9,9,9,9,8,NPgY,Primary,NG FES - Leading the Way (EE CF),Number of electric HGVs
BARNSLEY ROAD,0,0,0,0,0,0,0,0,0,0,0,1,1,1,2,3,3,4,5,6,7,8,9,9,9,9,9,9,9,8,NPgY,Primary,NG FES - Leading the Way (EE CF),Number of electric HGVs
BARROW,0,0,0,0,0,0,0,0,0,1,1,1,2,3,4,5,7,9,10,12,14,16,17,18,18,18,17,17,17,17,NPgY,Primary,NG FES - Leading the Way (EE CF),Number of electric HGVs
BARUGH 66/11KV,0,0,0,1,1,1,2,3,5,8,12,17,25,36,51,68,87,108,130,154,177,199,216,222,221,219,217,215,213,210,NPgY,Primary,NG FES - Leading the Way (EE CF),Number of electric HGVs
BARWICK,0,0,0,0,0,1,1,1,2,3,4,6,8,12,17,23,30,37,44,52,60,68,73,75,75,75,74,73,72,71,NPgY,Primary,NG FES - Leading the Way (EE CF),Number of electric HGVs
BASLOW ROAD,0,0,0,0,0,0,0,0,0,0,0,0,0,0,0,0,0,0,0,0,0,0,0,0,0,0,0,0,0,0,NPgY,Primary,NG FES - Leading the Way (EE CF),Number of electric HGVs
BATLEY,0,0,0,1,1,1,2,3,5,7,11,16,24,34,48,65,82,102,123,145,167,188,204,209,208,207,205,203,201,198,NPgY,Primary,NG FES - Leading the Way (EE CF),Number of electric HGVs
BEAL,0,0,0,0,1,1,2,2,4,5,8,12,17,24,34,46,59,73,88,104,120,134,146,150,149,148,147,146,144,142,NPgY,Primary,NG FES - Leading the Way (EE CF),Number of electric HGVs
BEESTON ROYDS 33/11KV,0,0,0,0,0,0,0,1,1,1,2,3,5,7,10,13,17,21,25,30,34,38,41,43,42,42,42,41,41,40,NPgY,Primary,NG FES - Leading the Way (EE CF),Number of electric HGVs
BEESTON ROYDS 6/7,0,0,0,1,1,2,3,4,6,9,13,20,29,42,59,80,102,126,152,179,206,231,252,258,257,255,253,251,248,244,NPgY,Primary,NG FES - Leading the Way (EE CF),Number of electric HGVs
BEIGHTON,0,0,0,1,1,2,3,4,6,9,14,21,30,44,62,83,106,131,158,187,216,242,263,270,268,267,264,262,259,255,NPgY,Primary,NG FES - Leading the Way (EE CF),Number of electric HGVs
BELLHOUSE ROAD,0,0,0,0,0,0,0,0,0,1,1,2,2,3,5,7,8,10,13,15,17,19,21,21,21,21,21,21,20,20,NPgY,Primary,NG FES - Leading the Way (EE CF),Number of electric HGVs
BELMONT AVENUE,0,0,0,1,1,2,3,4,6,10,14,21,31,45,63,85,108,134,162,191,220,246,268,275,274,272,270,267,264,260,NPgY,Primary,NG FES - Leading the Way (EE CF),Number of electric HGVs
BELMONT COVERT,0,0,0,0,0,0,0,0,0,0,0,0,0,0,0,0,0,0,0,0,0,0,0,0,0,0,0,0,0,0,NPgY,Primary,NG FES - Leading the Way (EE CF),Number of electric HGVs
BELTHORPE LANE,0,0,0,0,0,0,0,0,1,1,2,2,3,5,7,10,12,15,18,22,25,28,30,31,31,31,30,30,30,29,NPgY,Primary,NG FES - Leading the Way (EE CF),Number of electric HGVs
BENTLEY,0,0,0,0,0,0,1,1,1,2,3,4,6,8,12,16,20,25,30,35,40,45,49,51,50,50,50,49,49,48,NPgY,Primary,NG FES - Leading the Way (EE CF),Number of electric HGVs
BILLET LANE,0,0,0,0,0,0,0,0,0,0,0,0,0,0,0,0,0,0,0,0,0,0,0,0,0,0,0,0,0,0,NPgY,Primary,NG FES - Leading the Way (EE CF),Number of electric HGVs
BINBROOK,0,0,0,0,0,0,0,0,0,0,0,0,0,0,0,0,0,0,0,0,0,0,0,0,0,0,0,0,0,0,NPgY,Primary,NG FES - Leading the Way (EE CF),Number of electric HGVs
BINGLEY 33/11KV,0,0,0,0,0,0,0,0,0,0,1,1,1,2,3,4,5,6,7,9,10,11,12,12,12,12,12,12,12,12,NPgY,Primary,NG FES - Leading the Way (EE CF),Number of electric HGVs
BIRKBY,0,0,0,0,0,1,1,2,3,4,6,9,13,19,28,37,47,58,70,83,96,107,117,120,119,118,117,116,115,113,NPgY,Primary,NG FES - Leading the Way (EE CF),Number of electric HGVs
BLACKBURN MEADOWS 33/11KV,0,0,0,0,0,0,1,1,1,2,3,5,7,10,14,19,24,30,36,42,49,55,60,61,61,61,60,59,59,58,NPgY,Primary,NG FES - Leading the Way (EE CF),Number of electric HGVs
BLUE BOY STREET,0,0,0,0,0,0,0,0,0,0,0,0,0,0,0,0,0,0,0,0,0,0,0,0,0,0,0,0,0,0,NPgY,Primary,NG FES - Leading the Way (EE CF),Number of electric HGVs
BOC BRINSWORTH,0,0,0,0,1,1,1,2,3,5,7,10,15,22,31,42,53,66,79,94,108,121,131,135,134,133,132,131,129,128,NPgY,Primary,NG FES - Leading the Way (EE CF),Number of electric HGVs
BOLTON ROAD,0,0,0,0,0,0,0,0,0,0,1,1,1,2,3,4,5,6,7,9,10,11,12,12,12,12,12,12,12,12,NPgY,Primary,NG FES - Leading the Way (EE CF),Number of electric HGVs
BOTTESFORD,0,0,0,0,0,0,0,0,0,0,0,0,0,0,0,0,0,0,0,0,0,0,0,0,0,0,0,0,0,0,NPgY,Primary,NG FES - Leading the Way (EE CF),Number of electric HGVs
BRAMHOPE,0,0,0,0,0,0,0,0,0,0,0,0,0,0,0,0,0,0,0,0,0,0,0,0,0,0,0,0,0,0,NPgY,Primary,NG FES - Leading the Way (EE CF),Number of electric HGVs
BRAMLEY,0,0,0,0,0,0,0,0,1,1,1,2,3,4,6,8,10,13,16,18,21,24,26,27,26,26,26,26,26,25,NPgY,Primary,NG FES - Leading the Way (EE CF),Number of electric HGVs
BRETT STREET,0,0,0,0,0,1,1,2,3,4,6,9,13,19,28,37,47,58,70,83,96,107,117,120,119,118,117,116,115,113,NPgY,Primary,NG FES - Leading the Way (EE CF),Number of electric HGVs
BRIDGES ROAD,0,0,0,0,0,1,1,2,3,4,6,8,12,18,25,33,43,53,64,75,86,97,105,108,108,107,106,105,104,102,NPgY,Primary,NG FES - Leading the Way (EE CF),Number of electric HGVs
BRIGHOUSE 33/11KV,0,0,0,0,0,0,0,0,1,1,2,2,3,5,7,10,12,15,18,22,25,28,30,31,31,31,30,30,30,29,NPgY,Primary,NG FES - Leading the Way (EE CF),Number of electric HGVs
BRODSWORTH,0,1,1,1,2,4,6,9,14,21,31,46,68,98,139,186,238,294,355,419,483,541,589,604,601,597,592,587,580,572,NPgY,Primary,NG FES - Leading the Way (EE CF),Number of electric HGVs
BROOKFIELD STREET,0,0,0,0,0,0,0,1,1,1,2,3,4,6,9,12,16,19,23,28,32,36,39,40,40,39,39,39,38,38,NPgY,Primary,NG FES - Leading the Way (EE CF),Number of electric HGVs
BTP,0,0,0,0,0,0,0,0,0,0,0,0,0,0,0,0,0,0,0,0,0,0,0,0,0,0,0,0,0,0,NPgY,Primary,NG FES - Leading the Way (EE CF),Number of electric HGVs
BURLEY STREET,0,0,0,0,0,0,0,0,1,1,1,2,2,4,5,7,9,11,13,15,18,20,22,22,22,22,22,22,21,21,NPgY,Primary,NG FES - Leading the Way (EE CF),Number of electric HGVs
BURMANTOFTS,0,0,0,0,0,0,0,0,0,0,0,0,0,0,0,0,0,0,0,0,0,0,0,0,0,0,0,0,0,0,NPgY,Primary,NG FES - Leading the Way (EE CF),Number of electric HGVs
BURNLEYVILLE,0,0,1,1,2,2,4,6,9,13,19,29,42,61,86,116,147,182,220,260,299,335,365,374,373,370,367,364,359,354,NPgY,Primary,NG FES - Leading the Way (EE CF),Number of electric HGVs
BURTON PIDSEA,0,0,0,0,0,0,0,0,0,0,0,0,0,0,0,0,0,0,0,0,0,0,0,0,0,0,0,0,0,0,NPgY,Primary,NG FES - Leading the Way (EE CF),Number of electric HGVs
BURTON ROAD,0,0,0,0,0,0,0,0,0,0,0,0,0,0,0,0,0,0,0,0,0,0,0,0,0,0,0,0,0,0,NPgY,Primary,NG FES - Leading the Way (EE CF),Number of electric HGVs
BUSLINGTHORPE GREEN,0,0,0,0,0,0,1,1,1,2,3,5,7,10,14,19,24,29,35,42,48,54,59,60,60,60,59,59,58,57,NPgY,Primary,NG FES - Leading the Way (EE CF),Number of electric HGVs
BUTTERWICK,0,0,0,0,0,0,0,0,0,1,1,1,2,3,4,5,7,9,10,12,14,16,17,18,18,18,17,17,17,17,NPgY,Primary,NG FES - Leading the Way (EE CF),Number of electric HGVs
CAISTOR,0,0,0,0,0,0,0,0,0,0,0,0,0,0,0,0,0,0,0,0,0,0,0,0,0,0,0,0,0,0,NPgY,Primary,NG FES - Leading the Way (EE CF),Number of electric HGVs
CALDER WHARF,0,0,0,1,1,1,2,3,5,7,11,16,23,34,48,64,82,102,122,145,167,187,203,208,207,206,204,202,200,197,NPgY,Primary,NG FES - Leading the Way (EE CF),Number of electric HGVs
CARLTON HILL,0,0,0,0,0,0,0,0,0,0,0,0,0,0,0,0,0,0,0,0,0,0,0,0,0,0,0,0,0,0,NPgY,Primary,NG FES - Leading the Way (EE CF),Number of electric HGVs
CARR LANE,0,0,0,0,0,1,1,2,3,4,6,8,12,18,25,34,43,53,64,76,87,98,106,109,109,108,107,106,105,103,NPgY,Primary,NG FES - Leading the Way (EE CF),Number of electric HGVs
CHELKER RESERVOIR,0,0,0,0,0,0,0,0,0,1,1,2,2,3,5,6,8,10,12,14,16,18,20,20,20,20,20,20,20,19,NPgY,Primary,NG FES - Leading the Way (EE CF),Number of electric HGVs
CHEVIN END,0,0,0,0,0,0,0,0,0,0,0,0,0,0,0,0,0,0,0,0,0,0,0,0,0,0,0,0,0,0,NPgY,Primary,NG FES - Leading the Way (EE CF),Number of electric HGVs
CLARENCE ROAD,0,0,0,0,0,0,0,0,0,0,0,0,0,0,0,0,0,0,0,0,0,0,0,0,0,0,0,0,0,0,NPgY,Primary,NG FES - Leading the Way (EE CF),Number of electric HGVs
CLARENDON ROAD,0,0,0,0,0,0,0,0,0,0,0,0,0,0,0,0,0,0,0,0,0,0,0,0,0,0,0,0,0,0,NPgY,Primary,NG FES - Leading the Way (EE CF),Number of electric HGVs
CLARENDON STREET,0,0,0,0,0,0,0,0,1,1,2,2,3,5,7,10,12,15,18,22,25,28,30,31,31,31,30,30,30,29,NPgY,Primary,NG FES - Leading the Way (EE CF),Number of electric HGVs
CLAYWHEELS LANE,0,0,0,0,0,1,1,2,3,4,6,8,12,18,25,33,43,53,64,75,86,97,105,108,108,107,106,105,104,102,NPgY,Primary,NG FES - Leading the Way (EE CF),Number of electric HGVs
CLOUGH LANE,0,0,0,0,0,0,0,0,1,1,2,2,3,5,7,10,12,15,18,22,25,28,30,31,31,31,30,30,30,29,NPgY,Primary,NG FES - Leading the Way (EE CF),Number of electric HGVs
COMMONSIDE LANE,0,0,0,0,1,1,2,3,4,6,9,13,19,27,38,51,65,81,97,115,133,149,162,166,165,164,163,161,159,157,NPgY,Primary,NG FES - Leading the Way (EE CF),Number of electric HGVs
CONVAMORE ROAD,0,0,0,0,0,0,0,1,1,1,2,3,4,5,8,10,13,16,20,23,27,30,33,34,34,33,33,33,32,32,NPgY,Primary,NG FES - Leading the Way (EE CF),Number of electric HGVs
CONYARD ROAD,0,0,0,0,0,0,0,0,0,0,0,0,0,0,0,0,0,0,0,0,0,0,0,0,0,0,0,0,0,0,NPgY,Primary,NG FES - Leading the Way (EE CF),Number of electric HGVs
CORNWALL STREET,0,1,1,2,3,4,6,10,15,22,32,48,70,102,144,193,246,304,367,433,499,560,609,625,621,617,612,606,600,591,NPgY,Primary,NG FES - Leading the Way (EE CF),Number of electric HGVs
CORRINGHAM ROAD,0,0,0,0,0,1,1,1,2,3,5,7,10,15,21,28,36,45,54,63,73,82,89,91,91,90,90,89,88,86,NPgY,Primary,NG FES - Leading the Way (EE CF),Number of electric HGVs
COSTHORPE,0,0,0,0,0,1,1,1,2,3,4,7,10,14,20,26,34,41,50,59,68,76,83,85,85,84,84,83,82,81,NPgY,Primary,NG FES - Leading the Way (EE CF),Number of electric HGVs
COUNTY ROAD NORTH,0,0,0,0,0,0,0,0,0,0,0,0,0,0,0,0,0,0,0,0,0,0,0,0,0,0,0,0,0,0,NPgY,Primary,NG FES - Leading the Way (EE CF),Number of electric HGVs
CRACOE,0,0,0,0,0,0,1,1,1,2,3,4,6,9,13,17,22,27,32,38,44,49,54,55,55,54,54,53,53,52,NPgY,Primary,NG FES - Leading the Way (EE CF),Number of electric HGVs
CROOKESMOOR ROAD,0,0,0,0,0,0,0,0,0,1,1,1,2,3,4,6,8,10,11,14,16,17,19,20,19,19,19,19,19,18,NPgY,Primary,NG FES - Leading the Way (EE CF),Number of electric HGVs
CROSSHILLS,0,0,0,0,1,1,1,2,3,4,7,10,14,20,29,39,49,61,73,87,100,112,122,125,124,124,123,121,120,118,NPgY,Primary,NG FES - Leading the Way (EE CF),Number of electric HGVs
CROWLE,0,0,0,0,0,0,0,0,0,0,0,0,0,0,0,0,0,0,0,0,0,0,0,0,0,0,0,0,0,0,NPgY,Primary,NG FES - Leading the Way (EE CF),Number of electric HGVs
CROWN STREET,0,0,0,0,0,0,0,0,1,1,2,2,3,5,7,9,12,15,18,21,24,27,29,30,30,30,30,29,29,29,NPgY,Primary,NG FES - Leading the Way (EE CF),Number of electric HGVs
DALTON,0,0,0,0,0,0,0,0,0,0,1,1,1,2,2,3,4,5,6,7,8,9,10,10,10,10,10,9,9,9,NPgY,Primary,NG FES - Leading the Way (EE CF),Number of electric HGVs
DARNALL,0,0,0,0,1,1,1,2,3,4,7,10,14,21,29,39,50,62,75,89,102,114,124,128,127,126,125,124,123,121,NPgY,Primary,NG FES - Leading the Way (EE CF),Number of electric HGVs
DEARNE ROAD,0,0,0,0,0,0,1,1,1,2,3,5,7,10,14,19,24,30,36,43,50,56,61,62,62,61,61,60,60,59,NPgY,Primary,NG FES - Leading the Way (EE CF),Number of electric HGVs
DEIGHTON,0,0,0,0,1,1,2,3,4,6,9,13,19,27,38,51,66,81,98,116,133,149,163,167,166,165,164,162,160,158,NPgY,Primary,NG FES - Leading the Way (EE CF),Number of electric HGVs
DENBY DALE ROAD,0,0,0,0,1,1,2,3,4,6,9,13,20,29,40,54,69,86,103,122,140,157,171,176,175,174,172,171,169,166,NPgY,Primary,NG FES - Leading the Way (EE CF),Number of electric HGVs
DENBY GRANGE,0,0,0,0,0,0,0,0,0,0,1,1,1,2,2,3,4,5,6,7,9,10,10,11,11,11,10,10,10,10,NPgY,Primary,NG FES - Leading the Way (EE CF),Number of electric HGVs
DENHOLME,0,0,0,0,0,0,0,0,0,0,0,0,0,0,0,0,0,0,0,0,0,0,0,0,0,0,0,0,0,0,NPgY,Primary,NG FES - Leading the Way (EE CF),Number of electric HGVs
DINNINGTON,0,0,0,1,1,2,3,4,6,9,13,19,28,41,57,77,98,121,146,173,199,223,243,249,248,246,244,242,239,236,NPgY,Primary,NG FES - Leading the Way (EE CF),Number of electric HGVs
DOUGHTY ROAD,0,0,0,0,0,0,0,1,1,1,2,3,4,6,9,11,15,18,22,26,30,33,36,37,37,37,37,36,36,35,NPgY,Primary,NG FES - Leading the Way (EE CF),Number of electric HGVs
DOWKER STREET,0,0,0,0,0,0,0,1,1,1,2,3,5,7,9,13,16,20,24,28,33,37,40,41,41,40,40,40,39,39,NPgY,Primary,NG FES - Leading the Way (EE CF),Number of electric HGVs
DRAX PRIMARY,0,0,0,0,0,0,0,0,1,1,1,2,3,4,6,8,10,12,15,17,20,22,24,25,25,25,24,24,24,24,NPgY,Primary,NG FES - Leading the Way (EE CF),Number of electric HGVs
DRIFFIELD,0,0,0,0,0,1,1,2,3,4,6,9,12,18,25,34,44,54,65,77,89,99,108,111,110,110,109,108,106,105,NPgY,Primary,NG FES - Leading the Way (EE CF),Number of electric HGVs
DRONFIELD,0,0,0,0,0,0,0,0,0,0,0,1,1,1,2,3,3,4,5,6,7,8,9,9,9,9,9,9,9,8,NPgY,Primary,NG FES - Leading the Way (EE CF),Number of electric HGVs
DUDLEY HILL,0,0,1,1,2,3,5,7,11,17,25,37,54,78,111,149,190,235,283,334,385,432,469,482,479,476,472,468,463,456,NPgY,Primary,NG FES - Leading the Way (EE CF),Number of electric HGVs
DUNKESWICK,0,0,0,0,0,0,0,0,0,0,0,0,0,0,0,0,0,0,0,0,0,0,0,0,0,0,0,0,0,0,NPgY,Primary,NG FES - Leading the Way (EE CF),Number of electric HGVs
DURKAR LOW LANE,0,0,0,0,0,0,1,1,2,2,4,5,8,12,16,22,28,35,42,49,57,64,69,71,71,70,70,69,68,67,NPgY,Primary,NG FES - Leading the Way (EE CF),Number of electric HGVs
EASINGTON,0,0,0,0,0,0,0,0,0,0,0,0,0,0,0,0,0,0,0,0,0,0,0,0,0,0,0,0,0,0,NPgY,Primary,NG FES - Leading the Way (EE CF),Number of electric HGVs
EASTFIELD ROAD,0,1,2,3,5,7,12,17,26,39,58,86,126,183,258,347,442,547,660,779,897,1006,1095,1123,1118,1110,1101,1091,1078,1063,NPgY,Primary,NG FES - Leading the Way (EE CF),Number of electric HGVs
ECCLESFIELD,0,0,0,0,0,1,1,2,2,3,5,8,11,16,23,30,39,48,58,68,79,88,96,98,98,97,97,96,95,93,NPgY,Primary,NG FES - Leading the Way (EE CF),Number of electric HGVs
EDLINGTON,0,0,0,1,1,2,2,4,6,9,13,19,27,40,56,75,96,119,143,169,195,219,238,244,243,241,239,237,234,231,NPgY,Primary,NG FES - Leading the Way (EE CF),Number of electric HGVs
EGGBOROUGH,0,0,0,1,1,2,3,5,8,12,18,26,38,55,78,105,134,166,200,236,272,305,332,341,339,337,334,331,327,322,NPgY,Primary,NG FES - Leading the Way (EE CF),Number of electric HGVs
ELGAR ROAD,0,0,0,0,0,0,0,0,0,0,0,0,0,0,0,0,0,0,0,0,0,0,0,0,0,0,0,0,0,0,NPgY,Primary,NG FES - Leading the Way (EE CF),Number of electric HGVs
ELLAND 33/11KV,0,0,0,0,0,0,1,1,1,2,3,5,7,10,14,19,24,29,35,42,48,54,59,60,60,60,59,59,58,57,NPgY,Primary,NG FES - Leading the Way (EE CF),Number of electric HGVs
ELLIFOOT LANE,0,0,0,0,0,0,0,0,0,0,0,0,0,0,0,0,0,0,0,0,0,0,0,0,0,0,0,0,0,0,NPgY,Primary,NG FES - Leading the Way (EE CF),Number of electric HGVs
ELLIN STREET 1/3,0,0,0,0,0,0,0,0,0,0,0,0,0,0,0,0,0,0,0,0,0,0,0,0,0,0,0,0,0,0,NPgY,Primary,NG FES - Leading the Way (EE CF),Number of electric HGVs
ELLIN STREET 2,0,0,0,0,0,0,0,0,0,0,0,0,0,0,0,0,0,0,0,0,0,0,0,0,0,0,0,0,0,0,NPgY,Primary,NG FES - Leading the Way (EE CF),Number of electric HGVs
ELMHIRST LANE 1,0,0,0,0,0,0,0,0,0,0,0,0,0,0,0,0,0,0,0,0,0,0,0,0,0,0,0,0,0,0,NPgY,Primary,NG FES - Leading the Way (EE CF),Number of electric HGVs
ELMHIRST LANE 2,0,0,0,0,1,1,2,3,4,6,9,13,19,27,38,51,65,81,97,115,133,149,162,166,165,164,163,161,159,157,NPgY,Primary,NG FES - Leading the Way (EE CF),Number of electric HGVs
ELSECAR,0,0,0,0,0,0,0,0,0,0,0,0,0,0,0,0,0,0,0,0,0,0,0,0,0,0,0,0,0,0,NPgY,Primary,NG FES - Leading the Way (EE CF),Number of electric HGVs
ENDIKE LANE,0,0,0,0,0,0,0,0,0,1,1,1,2,2,3,5,6,7,9,10,12,14,15,15,15,15,15,15,14,14,NPgY,Primary,NG FES - Leading the Way (EE CF),Number of electric HGVs
EPWORTH,0,0,0,1,1,2,3,5,7,10,15,22,33,47,67,90,115,142,171,202,233,261,284,291,290,288,285,283,279,275,NPgY,Primary,NG FES - Leading the Way (EE CF),Number of electric HGVs
FARNLEY CRESCENT,0,0,0,0,0,0,0,1,1,1,2,3,4,6,8,11,14,17,21,25,28,32,35,35,35,35,35,34,34,34,NPgY,Primary,NG FES - Leading the Way (EE CF),Number of electric HGVs
FENTON LANE,0,0,0,0,0,0,0,0,0,0,0,0,0,0,0,0,0,0,0,0,0,0,0,0,0,0,0,0,0,0,NPgY,Primary,NG FES - Leading the Way (EE CF),Number of electric HGVs
FERRYBRIDGE A 11KV,0,0,0,0,0,1,1,2,2,4,5,8,12,17,24,32,41,50,60,71,82,92,100,103,102,102,101,100,99,97,NPgY,Primary,NG FES - Leading the Way (EE CF),Number of electric HGVs
FIR TREE LANE,0,0,0,0,0,0,0,0,0,0,0,0,0,0,0,0,0,0,0,0,0,0,0,0,0,0,0,0,0,0,NPgY,Primary,NG FES - Leading the Way (EE CF),Number of electric HGVs
FIRST AVENUE,0,0,0,0,0,0,0,0,1,1,1,2,3,4,5,7,9,11,14,16,18,21,22,23,23,23,23,22,22,22,NPgY,Primary,NG FES - Leading the Way (EE CF),Number of electric HGVs
FIRTH BROWN,0,0,0,0,0,0,0,0,0,0,0,0,0,0,0,0,0,0,0,0,0,0,0,0,0,0,0,0,0,0,NPgY,Primary,NG FES - Leading the Way (EE CF),Number of electric HGVs
FISH DAM LANE,0,0,0,0,1,1,1,2,3,4,6,9,14,20,28,38,49,60,72,86,99,110,120,123,123,122,121,120,118,117,NPgY,Primary,NG FES - Leading the Way (EE CF),Number of electric HGVs
FLIXBOROUGH,0,0,1,1,2,3,4,6,9,14,21,31,46,66,93,125,160,198,238,281,324,363,395,405,403,401,398,394,389,384,NPgY,Primary,NG FES - Leading the Way (EE CF),Number of electric HGVs
FOLLY HALL,0,0,0,0,0,0,0,0,0,0,0,0,0,0,0,0,0,0,0,0,0,0,0,0,0,0,0,0,0,0,NPgY,Primary,NG FES - Leading the Way (EE CF),Number of electric HGVs
FOUR LANE ENDS,0,0,0,0,0,0,0,0,0,0,0,1,1,1,2,3,3,4,5,6,7,8,9,9,9,9,9,9,9,8,NPgY,Primary,NG FES - Leading the Way (EE CF),Number of electric HGVs
FOXHILLS,0,0,1,1,1,2,4,6,9,13,19,28,41,60,84,113,144,179,215,254,293,328,357,366,365,362,359,356,352,347,NPgY,Primary,NG FES - Leading the Way (EE CF),Number of electric HGVs
FULLERTON ROAD,0,0,0,0,0,0,1,1,2,2,4,5,8,12,16,22,28,35,42,49,57,64,69,71,71,70,70,69,68,67,NPgY,Primary,NG FES - Leading the Way (EE CF),Number of electric HGVs
FURNESS AVENUE,0,0,0,0,0,0,1,1,1,2,3,4,6,9,12,16,21,26,31,37,43,48,52,53,53,53,52,52,51,50,NPgY,Primary,NG FES - Leading the Way (EE CF),Number of electric HGVs
GAISBY LANE,0,0,0,0,0,1,1,1,2,3,4,7,10,14,20,26,34,41,50,59,68,76,83,85,85,84,84,83,82,81,NPgY,Primary,NG FES - Leading the Way (EE CF),Number of electric HGVs
GIBRALTAR ROAD,0,0,0,1,1,2,2,4,6,9,13,19,27,40,56,75,96,119,143,169,195,219,238,244,243,241,239,237,234,231,NPgY,Primary,NG FES - Leading the Way (EE CF),Number of electric HGVs
GIBSON LANE,0,0,0,1,1,2,4,5,8,12,18,27,39,56,80,107,136,169,203,240,276,310,337,346,344,342,339,336,332,328,NPgY,Primary,NG FES - Leading the Way (EE CF),Number of electric HGVs
GILDERSOME,0,0,0,1,1,2,3,4,6,9,13,19,28,41,58,78,99,123,148,175,201,226,246,252,251,249,247,245,242,238,NPgY,Primary,NG FES - Leading the Way (EE CF),Number of electric HGVs
GLEADLESS VALLEY,0,0,0,0,0,0,0,0,0,0,0,0,0,0,0,0,0,0,0,0,0,0,0,0,0,0,0,0,0,0,NPgY,Primary,NG FES - Leading the Way (EE CF),Number of electric HGVs
GOOLE,0,1,1,2,3,4,6,10,15,22,33,48,70,102,144,193,246,305,367,434,500,560,610,625,622,618,613,607,600,592,NPgY,Primary,NG FES - Leading the Way (EE CF),Number of electric HGVs
GRAINTHORPE,0,0,0,0,0,0,0,0,0,0,1,1,1,2,3,4,5,6,8,9,11,12,13,13,13,13,13,13,13,13,NPgY,Primary,NG FES - Leading the Way (EE CF),Number of electric HGVs
GREAT COATES,0,0,0,0,0,0,0,0,0,0,0,1,1,1,2,3,3,4,5,6,7,8,9,9,9,9,9,9,9,8,NPgY,Primary,NG FES - Leading the Way (EE CF),Number of electric HGVs
GREENHILL,0,0,0,0,0,0,0,0,0,0,0,0,0,0,0,0,0,0,0,0,0,0,0,0,0,0,0,0,0,0,NPgY,Primary,NG FES - Leading the Way (EE CF),Number of electric HGVs
GREYFRIARS RD,0,0,0,0,0,0,0,0,0,1,1,1,2,3,4,6,8,10,11,14,16,17,19,20,19,19,19,19,19,18,NPgY,Primary,NG FES - Leading the Way (EE CF),Number of electric HGVs
GREYFRIARS ROAD 3/4,0,0,0,0,0,0,0,0,0,1,1,1,2,3,4,5,6,8,9,11,13,14,16,16,16,16,16,16,15,15,NPgY,Primary,NG FES - Leading the Way (EE CF),Number of electric HGVs
GRIMETHORPE,0,0,0,0,1,1,1,2,3,4,7,10,14,20,29,39,50,61,74,87,101,113,123,126,125,125,124,122,121,119,NPgY,Primary,NG FES - Leading the Way (EE CF),Number of electric HGVs
GROVE STREET,0,0,0,0,0,0,0,0,0,0,0,0,0,0,0,0,0,0,0,0,0,0,0,0,0,0,0,0,0,0,NPgY,Primary,NG FES - Leading the Way (EE CF),Number of electric HGVs
GUARDIAN GLASS,0,0,0,0,0,0,0,0,0,0,0,0,0,0,0,0,0,0,0,0,0,0,0,0,0,0,0,0,0,0,NPgY,Primary,NG FES - Leading the Way (EE CF),Number of electric HGVs
HACKENTHORPE,0,0,0,0,0,0,0,0,0,0,0,0,0,0,0,0,0,0,0,0,0,0,0,0,0,0,0,0,0,0,NPgY,Primary,NG FES - Leading the Way (EE CF),Number of electric HGVs
HALIFAX 33/11KV,0,0,0,0,0,0,0,1,1,1,2,3,4,6,9,12,15,19,22,26,30,34,37,38,38,38,37,37,37,36,NPgY,Primary,NG FES - Leading the Way (EE CF),Number of electric HGVs
HALLAM STREET,0,0,0,0,0,0,0,0,0,0,0,0,0,0,0,0,0,0,0,0,0,0,0,0,0,0,0,0,0,0,NPgY,Primary,NG FES - Leading the Way (EE CF),Number of electric HGVs
HARDEN,0,0,0,0,0,0,0,0,1,1,1,2,3,4,5,7,9,11,14,16,18,21,22,23,23,23,23,22,22,22,NPgY,Primary,NG FES - Leading the Way (EE CF),Number of electric HGVs
HARPSWELL,0,0,0,0,0,0,0,0,0,1,1,2,2,3,5,7,8,10,13,15,17,19,21,21,21,21,21,21,20,20,NPgY,Primary,NG FES - Leading the Way (EE CF),Number of electric HGVs
HARWORTH,0,0,0,0,0,1,1,2,3,4,6,9,13,19,27,37,47,58,70,82,95,107,116,119,118,118,117,115,114,113,NPgY,Primary,NG FES - Leading the Way (EE CF),Number of electric HGVs
HAWORTH 1,0,0,0,0,0,0,0,0,0,1,1,1,2,3,4,5,7,9,10,12,14,16,17,18,18,18,17,17,17,17,NPgY,Primary,NG FES - Leading the Way (EE CF),Number of electric HGVs
HAWORTH 2,0,0,0,0,0,0,0,0,0,0,0,0,0,0,0,0,0,0,0,0,0,0,0,0,0,0,0,0,0,0,NPgY,Primary,NG FES - Leading the Way (EE CF),Number of electric HGVs
HAXEY,0,0,0,0,0,0,0,0,0,0,1,1,1,2,3,4,5,6,7,9,10,11,12,12,12,12,12,12,12,12,NPgY,Primary,NG FES - Leading the Way (EE CF),Number of electric HGVs
HAYTON,0,0,0,0,1,1,2,2,3,5,8,11,17,24,34,46,58,72,87,103,118,133,144,148,147,146,145,144,142,140,NPgY,Primary,NG FES - Leading the Way (EE CF),Number of electric HGVs
HAZLEHEAD,0,0,0,0,0,1,1,2,2,4,5,8,11,17,23,31,40,50,60,71,82,91,99,102,102,101,100,99,98,97,NPgY,Primary,NG FES - Leading the Way (EE CF),Number of electric HGVs
HEBDEN BRIDGE,0,0,0,0,0,0,0,0,0,0,0,0,0,0,0,0,0,0,0,0,0,0,0,0,0,0,0,0,0,0,NPgY,Primary,NG FES - Leading the Way (EE CF),Number of electric HGVs
HEDLEY CHASE,0,0,0,0,0,0,0,1,1,1,2,3,4,6,9,12,16,19,23,28,32,36,39,40,40,39,39,39,38,38,NPgY,Primary,NG FES - Leading the Way (EE CF),Number of electric HGVs
HEDON ROAD,0,0,0,0,0,0,0,1,1,1,2,3,5,7,9,13,16,20,24,28,33,37,40,41,41,40,40,40,39,39,NPgY,Primary,NG FES - Leading the Way (EE CF),Number of electric HGVs
HEMSWORTH,0,0,0,0,0,1,1,2,2,4,5,8,11,17,23,31,40,50,60,71,82,91,99,102,102,101,100,99,98,97,NPgY,Primary,NG FES - Leading the Way (EE CF),Number of electric HGVs
HESSLE ROAD 1,0,0,0,0,0,0,0,1,1,1,2,3,4,5,8,10,13,16,19,23,26,29,32,33,33,32,32,32,32,31,NPgY,Primary,NG FES - Leading the Way (EE CF),Number of electric HGVs
HESSLE ROAD 2,0,0,0,0,0,1,1,2,2,4,5,8,11,17,23,31,40,50,60,71,82,91,99,102,102,101,100,99,98,97,NPgY,Primary,NG FES - Leading the Way (EE CF),Number of electric HGVs
HIBALDSTOW,0,0,0,0,1,1,1,2,3,5,7,11,16,23,33,44,57,70,84,100,115,129,140,144,143,142,141,140,138,136,NPgY,Primary,NG FES - Leading the Way (EE CF),Number of electric HGVs
HICKLETON,0,0,0,0,0,0,0,1,1,1,2,3,4,6,9,12,16,19,23,28,32,36,39,40,40,39,39,39,38,38,NPgY,Primary,NG FES - Leading the Way (EE CF),Number of electric HGVs
HILLCREST,0,0,0,0,0,0,0,0,0,0,0,0,0,0,0,0,0,0,0,0,0,0,0,0,0,0,0,0,0,0,NPgY,Primary,NG FES - Leading the Way (EE CF),Number of electric HGVs
HOLBECK,0,0,0,0,1,1,1,2,3,5,7,10,15,21,30,40,51,63,76,90,103,116,126,130,129,128,127,126,124,123,NPgY,Primary,NG FES - Leading the Way (EE CF),Number of electric HGVs
HOLDERNESS,0,0,0,0,0,0,0,0,0,0,1,1,1,2,2,3,4,5,6,7,9,10,10,11,11,11,10,10,10,10,NPgY,Primary,NG FES - Leading the Way (EE CF),Number of electric HGVs
HOLME UPON SPALDING MOOR,0,0,0,0,0,0,0,1,1,1,2,3,4,6,9,12,16,19,23,28,32,36,39,40,40,39,39,39,38,38,NPgY,Primary,NG FES - Leading the Way (EE CF),Number of electric HGVs
HONLEY,0,0,0,0,0,1,1,1,2,3,4,6,9,13,19,25,32,39,47,56,65,72,79,81,80,80,79,78,78,76,NPgY,Primary,NG FES - Leading the Way (EE CF),Number of electric HGVs
HOPE,0,0,0,0,0,0,0,0,1,1,1,2,3,4,6,8,10,12,15,17,20,22,24,25,25,25,24,24,24,24,NPgY,Primary,NG FES - Leading the Way (EE CF),Number of electric HGVs
HORBURY,0,0,0,0,0,0,0,0,1,1,1,2,3,4,5,7,9,11,14,16,18,21,22,23,23,23,23,22,22,22,NPgY,Primary,NG FES - Leading the Way (EE CF),Number of electric HGVs
HOUGHTON MAIN,0,0,0,0,0,1,1,2,2,3,5,7,11,16,22,30,38,48,57,68,78,87,95,98,97,96,96,95,94,92,NPgY,Primary,NG FES - Leading the Way (EE CF),Number of electric HGVs
HULL EAST 33/11KV,0,0,0,1,1,2,3,5,7,11,16,23,34,49,69,93,118,147,177,209,240,269,293,301,299,297,295,292,289,285,NPgY,Primary,NG FES - Leading the Way (EE CF),Number of electric HGVs
HUMBER ROAD,0,0,0,0,0,0,0,0,0,0,0,0,0,0,0,0,0,0,0,0,0,0,0,0,0,0,0,0,0,0,NPgY,Primary,NG FES - Leading the Way (EE CF),Number of electric HGVs
HUNMANBY,0,0,0,0,0,0,0,0,0,1,1,1,2,3,4,5,7,9,10,12,14,16,17,18,18,18,17,17,17,17,NPgY,Primary,NG FES - Leading the Way (EE CF),Number of electric HGVs
ICI FIBRES,0,0,0,0,0,0,0,0,0,0,0,0,0,0,0,0,0,0,0,0,0,0,0,0,0,0,0,0,0,0,NPgY,Primary,NG FES - Leading the Way (EE CF),Number of electric HGVs
IDLE,0,0,0,0,0,0,0,0,1,1,1,2,2,4,5,7,9,11,13,15,18,20,22,22,22,22,22,22,21,21,NPgY,Primary,NG FES - Leading the Way (EE CF),Number of electric HGVs
ILKLEY,0,0,0,0,0,0,0,0,0,0,0,0,0,0,0,0,0,0,0,0,0,0,0,0,0,0,0,0,0,0,NPgY,Primary,NG FES - Leading the Way (EE CF),Number of electric HGVs
INGS LANE,0,0,0,0,0,0,1,1,1,2,3,4,6,9,13,18,23,28,34,40,46,52,56,58,57,57,57,56,55,55,NPgY,Primary,NG FES - Leading the Way (EE CF),Number of electric HGVs
IVESON HOUSE,0,0,0,0,0,0,0,0,0,0,0,0,0,0,0,0,0,0,0,0,0,0,0,0,0,0,0,0,0,0,NPgY,Primary,NG FES - Leading the Way (EE CF),Number of electric HGVs
JARRATT STREET,0,0,0,0,1,1,2,3,4,6,10,14,21,30,42,57,73,90,108,128,147,165,180,185,184,182,181,179,177,175,NPgY,Primary,NG FES - Leading the Way (EE CF),Number of electric HGVs
KEDDINGTON ROAD,0,0,0,0,0,0,0,0,0,0,0,0,0,0,0,0,0,0,0,0,0,0,0,0,0,0,0,0,0,0,NPgY,Primary,NG FES - Leading the Way (EE CF),Number of electric HGVs
KEIGHLEY,0,0,0,0,0,0,0,0,0,0,1,1,1,2,3,4,5,6,7,9,10,11,12,12,12,12,12,12,12,12,NPgY,Primary,NG FES - Leading the Way (EE CF),Number of electric HGVs
KENMORE ROAD,0,0,0,0,0,1,1,2,3,4,6,9,13,19,28,37,47,58,70,83,96,107,117,120,119,118,117,116,115,113,NPgY,Primary,NG FES - Leading the Way (EE CF),Number of electric HGVs
KILLINGHALL ROAD,0,0,0,0,0,0,0,0,0,0,0,0,0,0,0,0,0,0,0,0,0,0,0,0,0,0,0,0,0,0,NPgY,Primary,NG FES - Leading the Way (EE CF),Number of electric HGVs
KILNHURST,0,0,0,0,0,0,1,1,2,2,4,5,8,11,16,21,27,33,40,47,55,61,67,68,68,68,67,66,66,65,NPgY,Primary,NG FES - Leading the Way (EE CF),Number of electric HGVs
KING GEORGE DOCK,0,0,1,1,2,3,4,6,10,14,21,31,46,67,94,126,161,199,240,284,327,366,399,409,407,404,401,397,393,387,NPgY,Primary,NG FES - Leading the Way (EE CF),Number of electric HGVs
KIRK DRIVE,0,0,0,0,0,0,1,1,1,2,3,4,6,9,13,18,23,28,34,40,46,52,56,58,57,57,57,56,55,55,NPgY,Primary,NG FES - Leading the Way (EE CF),Number of electric HGVs
KIRK SANDALL,0,1,1,2,3,4,7,10,15,23,34,50,74,107,151,202,258,319,385,455,524,587,639,656,652,648,643,637,629,621,NPgY,Primary,NG FES - Leading the Way (EE CF),Number of electric HGVs
KIRKBURN,0,0,0,0,0,1,1,2,3,4,6,8,12,18,25,34,43,53,64,76,87,98,106,109,109,108,107,106,105,103,NPgY,Primary,NG FES - Leading the Way (EE CF),Number of electric HGVs
KIVETON PARK,0,0,0,0,0,0,1,1,1,2,3,4,6,9,12,16,21,26,31,37,43,48,52,53,53,53,52,52,51,50,NPgY,Primary,NG FES - Leading the Way (EE CF),Number of electric HGVs
WETHERBY,0,0,0,0,0,0,0,0,0,0,0,0,0,0,0,0,0,0,0,0,0,0,0,0,0,0,0,0,0,0,NPgY,Primary,NG FES - Leading the Way (EE CF),Number of electric HGVs
LEA ROAD,0,0,0,0,0,0,0,0,1,1,1,2,3,4,6,8,10,13,16,18,21,24,26,27,26,26,26,26,26,25,NPgY,Primary,NG FES - Leading the Way (EE CF),Number of electric HGVs
LEASOWE ROAD,0,1,1,2,4,7,10,15,23,35,52,76,112,162,229,307,392,485,584,690,795,891,969,995,990,983,975,966,955,941,NPgY,Primary,NG FES - Leading the Way (EE CF),Number of electric HGVs
LEDSTON,0,0,0,0,1,1,1,2,3,5,7,10,15,22,30,41,52,64,78,92,106,118,129,132,132,131,130,128,127,125,NPgY,Primary,NG FES - Leading the Way (EE CF),Number of electric HGVs
LEEDS ROAD,0,0,0,0,0,0,0,0,0,0,0,0,0,0,0,0,0,0,0,0,0,0,0,0,0,0,0,0,0,0,NPgY,Primary,NG FES - Leading the Way (EE CF),Number of electric HGVs
LEGRAMS MILL LANE,0,0,0,0,0,0,0,0,1,1,1,2,3,4,6,8,10,13,16,18,21,24,26,27,26,26,26,26,26,25,NPgY,Primary,NG FES - Leading the Way (EE CF),Number of electric HGVs
LEYLANDS ROAD,0,0,0,0,0,0,0,0,0,0,0,0,0,0,0,0,0,0,0,0,0,0,0,0,0,0,0,0,0,0,NPgY,Primary,NG FES - Leading the Way (EE CF),Number of electric HGVs
LIVERSEDGE,0,0,0,0,0,0,0,0,1,1,1,2,3,4,6,8,10,13,16,18,21,24,26,27,26,26,26,26,26,25,NPgY,Primary,NG FES - Leading the Way (EE CF),Number of electric HGVs
LOUTH,0,0,0,0,0,0,1,1,1,2,3,4,6,9,12,17,21,26,32,38,43,48,53,54,54,53,53,53,52,51,NPgY,Primary,NG FES - Leading the Way (EE CF),Number of electric HGVs
LOW MOOR,0,0,0,1,1,2,4,6,8,13,19,28,40,58,83,111,142,175,211,249,287,322,350,359,357,355,352,349,345,340,NPgY,Primary,NG FES - Leading the Way (EE CF),Number of electric HGVs
LOWFIELDS,0,0,0,0,0,0,0,0,0,0,0,0,0,0,0,0,0,0,0,0,0,0,0,0,0,0,0,0,0,0,NPgY,Primary,NG FES - Leading the Way (EE CF),Number of electric HGVs
LOXLEY ROAD,0,0,0,0,0,0,0,0,0,0,0,0,0,0,0,0,0,0,0,0,0,0,0,0,0,0,0,0,0,0,NPgY,Primary,NG FES - Leading the Way (EE CF),Number of electric HGVs
MANCHESTER ROAD,0,0,0,0,0,0,0,0,0,0,0,0,0,0,0,0,0,0,0,0,0,0,0,0,0,0,0,0,0,0,NPgY,Primary,NG FES - Leading the Way (EE CF),Number of electric HGVs
MANSFIELD ROAD 1,0,0,0,0,0,0,1,1,1,2,3,5,7,10,14,19,24,30,36,43,50,56,61,62,62,61,61,60,60,59,NPgY,Primary,NG FES - Leading the Way (EE CF),Number of electric HGVs
MANSFIELD ROAD 2,0,0,0,0,0,0,0,0,0,0,0,0,0,0,0,0,0,0,0,0,0,0,0,0,0,0,0,0,0,0,NPgY,Primary,NG FES - Leading the Way (EE CF),Number of electric HGVs
MARKHAM GATES,0,0,0,0,0,0,0,0,0,0,0,0,0,0,0,0,0,0,0,0,0,0,0,0,0,0,0,0,0,0,NPgY,Primary,NG FES - Leading the Way (EE CF),Number of electric HGVs
MARMION ROAD,0,0,0,0,0,0,0,0,0,0,0,0,0,0,0,0,0,0,0,0,0,0,0,0,0,0,0,0,0,0,NPgY,Primary,NG FES - Leading the Way (EE CF),Number of electric HGVs
MARSDEN ROAD,0,0,0,0,0,0,0,1,1,1,2,3,4,6,8,11,14,17,21,25,28,32,35,35,35,35,35,34,34,34,NPgY,Primary,NG FES - Leading the Way (EE CF),Number of electric HGVs
MARTONGATE,0,0,0,0,0,0,0,0,0,0,0,0,0,0,0,0,0,0,0,0,0,0,0,0,0,0,0,0,0,0,NPgY,Primary,NG FES - Leading the Way (EE CF),Number of electric HGVs
MELTHAM,0,0,0,0,0,0,0,0,0,1,1,1,2,3,4,5,7,9,10,12,14,16,17,18,18,18,17,17,17,17,NPgY,Primary,NG FES - Leading the Way (EE CF),Number of electric HGVs
MEXBOROUGH 1_2,0,0,0,0,1,1,2,2,4,5,8,12,18,26,36,48,62,77,92,109,125,141,153,157,156,155,154,152,151,149,NPgY,Primary,NG FES - Leading the Way (EE CF),Number of electric HGVs
MIDDLETON TOWN STREET,0,0,0,0,1,1,2,3,4,6,9,13,19,28,39,53,67,83,101,119,137,153,167,171,170,169,168,166,164,162,NPgY,Primary,NG FES - Leading the Way (EE CF),Number of electric HGVs
MILLHOUSES,0,0,0,0,0,0,0,0,0,0,0,0,0,0,0,0,0,0,0,0,0,0,0,0,0,0,0,0,0,0,NPgY,Primary,NG FES - Leading the Way (EE CF),Number of electric HGVs
MILLROYD STREET,0,0,0,0,1,1,1,2,3,5,7,10,15,22,31,41,53,65,79,93,107,120,131,134,133,132,131,130,129,127,NPgY,Primary,NG FES - Leading the Way (EE CF),Number of electric HGVs
MILTON PLACE,0,0,0,0,1,1,2,3,5,7,10,15,22,31,44,60,76,94,114,134,155,173,188,193,192,191,190,188,186,183,NPgY,Primary,NG FES - Leading the Way (EE CF),Number of electric HGVs
MIRFIELD,0,0,0,0,0,0,0,1,1,2,2,3,5,7,10,14,17,22,26,31,35,40,43,44,44,44,43,43,43,42,NPgY,Primary,NG FES - Leading the Way (EE CF),Number of electric HGVs
MONCKTON,0,0,0,0,0,0,0,0,1,1,1,2,3,4,6,8,10,13,16,18,21,24,26,27,26,26,26,26,26,25,NPgY,Primary,NG FES - Leading the Way (EE CF),Number of electric HGVs
MOOR ROAD,0,0,0,0,0,0,0,0,0,0,0,0,0,0,0,0,0,0,0,0,0,0,0,0,0,0,0,0,0,0,NPgY,Primary,NG FES - Leading the Way (EE CF),Number of electric HGVs
MOORSIDE ROAD,0,0,0,0,0,0,0,0,0,0,0,0,0,0,0,0,0,0,0,0,0,0,0,0,0,0,0,0,0,0,NPgY,Primary,NG FES - Leading the Way (EE CF),Number of electric HGVs
MORLEY,0,0,0,1,1,2,3,4,7,10,15,22,32,46,65,87,111,138,166,196,226,254,276,283,282,280,277,275,272,268,NPgY,Primary,NG FES - Leading the Way (EE CF),Number of electric HGVs
MOUNT STREET,0,0,0,1,1,2,3,4,6,9,13,20,29,41,59,79,100,124,150,177,203,228,248,255,253,252,250,247,244,241,NPgY,Primary,NG FES - Leading the Way (EE CF),Number of electric HGVs
MYTHOLMROYD,0,0,0,0,0,0,0,0,0,0,0,0,0,0,0,0,0,0,0,0,0,0,0,0,0,0,0,0,0,0,NPgY,Primary,NG FES - Leading the Way (EE CF),Number of electric HGVs
NAB LANE,0,0,0,0,1,1,2,3,5,7,10,15,22,32,46,62,79,97,117,138,160,179,195,200,199,197,196,194,192,189,NPgY,Primary,NG FES - Leading the Way (EE CF),Number of electric HGVs
NABWOOD,0,0,0,0,0,0,0,0,0,0,0,0,0,0,0,0,0,0,0,0,0,0,0,0,0,0,0,0,0,0,NPgY,Primary,NG FES - Leading the Way (EE CF),Number of electric HGVs
NATIONAL AVENUE,0,0,0,0,0,0,0,0,0,0,0,1,1,1,2,3,3,4,5,6,7,8,9,9,9,9,9,9,9,8,NPgY,Primary,NG FES - Leading the Way (EE CF),Number of electric HGVs
NEW DROPPINGWELL ROAD,0,0,0,0,0,0,0,0,0,0,0,0,0,0,0,0,0,0,0,0,0,0,0,0,0,0,0,0,0,0,NPgY,Primary,NG FES - Leading the Way (EE CF),Number of electric HGVs
NEW ORCHARD LANE,0,0,1,1,2,4,6,9,13,19,28,42,62,89,126,169,216,267,322,380,437,490,533,547,545,541,537,531,526,518,NPgY,Primary,NG FES - Leading the Way (EE CF),Number of electric HGVs
NEWHALL ROAD,0,0,0,0,0,0,1,1,1,2,3,5,7,10,14,18,23,29,35,41,47,53,58,59,59,59,58,58,57,56,NPgY,Primary,NG FES - Leading the Way (EE CF),Number of electric HGVs
NEWPORT 1,0,0,0,0,1,1,1,2,3,4,6,9,14,20,28,38,48,60,72,85,98,110,119,122,122,121,120,119,118,116,NPgY,Primary,NG FES - Leading the Way (EE CF),Number of electric HGVs
NEWPORT 2,0,0,0,0,0,0,0,0,0,0,0,0,0,0,0,0,0,0,0,0,0,0,0,0,0,0,0,0,0,0,NPgY,Primary,NG FES - Leading the Way (EE CF),Number of electric HGVs
NINELANDS LANE,0,0,0,0,1,1,2,3,4,6,9,13,19,27,38,51,65,80,97,114,132,148,161,165,164,163,162,160,158,156,NPgY,Primary,NG FES - Leading the Way (EE CF),Number of electric HGVs
NORFOLK PARK,0,0,0,0,0,0,0,0,0,0,0,0,0,0,0,0,0,0,0,0,0,0,0,0,0,0,0,0,0,0,NPgY,Primary,NG FES - Leading the Way (EE CF),Number of electric HGVs
NORMANBY,0,0,0,0,0,0,0,0,0,0,0,0,0,0,0,0,0,0,0,0,0,0,0,0,0,0,0,0,0,0,NPgY,Primary,NG FES - Leading the Way (EE CF),Number of electric HGVs
NORMANTON,0,1,1,3,4,7,11,16,24,36,54,79,116,168,237,319,407,503,607,716,825,925,1006,1033,1027,1021,1012,1003,991,977,NPgY,Primary,NG FES - Leading the Way (EE CF),Number of electric HGVs
NORTH AVENUE,0,0,0,0,0,0,0,0,0,0,1,1,2,2,3,4,6,7,8,10,11,13,14,14,14,14,14,14,14,13,NPgY,Primary,NG FES - Leading the Way (EE CF),Number of electric HGVs
NORTH THORESBY,0,0,0,0,0,0,0,0,0,0,0,0,0,0,0,0,0,0,0,0,0,0,0,0,0,0,0,0,0,0,NPgY,Primary,NG FES - Leading the Way (EE CF),Number of electric HGVs
NORWOOD,0,0,0,0,0,0,0,0,0,0,1,1,1,2,2,3,4,5,6,7,8,9,10,10,10,10,10,9,9,9,NPgY,Primary,NG FES - Leading the Way (EE CF),Number of electric HGVs
OAKES ROAD,0,0,0,0,0,0,0,0,1,1,1,2,3,5,7,9,11,14,17,20,23,25,28,28,28,28,28,28,27,27,NPgY,Primary,NG FES - Leading the Way (EE CF),Number of electric HGVs
OAKWOOD LANE,0,0,0,0,0,0,0,0,0,0,0,0,0,0,0,0,0,0,0,0,0,0,0,0,0,0,0,0,0,0,NPgY,Primary,NG FES - Leading the Way (EE CF),Number of electric HGVs
ODSAL,0,0,0,0,0,1,1,1,2,3,4,6,9,14,19,26,33,41,49,58,67,75,81,83,83,82,82,81,80,79,NPgY,Primary,NG FES - Leading the Way (EE CF),Number of electric HGVs
OLYMPIA MILLS,0,0,0,1,1,1,2,3,5,7,11,16,23,34,48,64,82,101,122,144,166,186,202,208,207,205,204,202,199,197,NPgY,Primary,NG FES - Leading the Way (EE CF),Number of electric HGVs
ORGREAVE,0,0,0,0,0,0,0,0,0,0,1,1,1,2,2,3,4,5,6,7,9,10,10,11,11,11,10,10,10,10,NPgY,Primary,NG FES - Leading the Way (EE CF),Number of electric HGVs
OUTWOOD,0,0,0,1,1,2,3,4,6,9,13,19,28,40,57,77,98,121,146,172,198,223,242,248,247,246,244,241,238,235,NPgY,Primary,NG FES - Leading the Way (EE CF),Number of electric HGVs
PARK HILL,0,0,0,0,1,1,2,3,5,7,10,15,23,33,46,62,79,98,118,139,160,180,195,201,199,198,197,195,192,190,NPgY,Primary,NG FES - Leading the Way (EE CF),Number of electric HGVs
PARK ROAD,0,0,0,1,1,2,3,4,6,9,13,20,29,42,59,80,102,126,152,179,206,231,252,258,257,255,253,251,248,244,NPgY,Primary,NG FES - Leading the Way (EE CF),Number of electric HGVs
PARK STREET,0,0,0,0,1,1,2,3,5,7,10,15,23,33,46,62,79,98,118,140,161,180,196,201,200,199,197,196,193,191,NPgY,Primary,NG FES - Leading the Way (EE CF),Number of electric HGVs
PASTURE ROAD SOUTH,0,0,0,0,0,0,1,1,1,2,3,5,7,10,14,19,24,30,36,43,50,56,61,62,62,61,61,60,60,59,NPgY,Primary,NG FES - Leading the Way (EE CF),Number of electric HGVs
PATRINGTON ROAD,0,0,0,0,0,0,0,0,0,0,0,0,0,0,0,0,0,0,0,0,0,0,0,0,0,0,0,0,0,0,NPgY,Primary,NG FES - Leading the Way (EE CF),Number of electric HGVs
PENISTONE,0,0,0,0,0,0,0,1,1,2,2,3,5,7,10,14,17,22,26,31,35,40,43,44,44,44,43,43,43,42,NPgY,Primary,NG FES - Leading the Way (EE CF),Number of electric HGVs
PENISTONE ROAD,0,0,0,0,0,0,0,1,1,2,2,4,5,8,11,15,19,23,28,33,38,42,46,47,47,46,46,46,45,45,NPgY,Primary,NG FES - Leading the Way (EE CF),Number of electric HGVs
PLANGEO,0,0,0,0,0,0,0,1,1,1,2,3,4,5,8,10,13,16,19,23,26,29,32,33,33,32,32,32,32,31,NPgY,Primary,NG FES - Leading the Way (EE CF),Number of electric HGVs
POLLINGTON,0,0,0,0,0,1,1,2,2,4,5,8,11,16,23,31,40,49,59,70,81,91,99,101,101,100,99,98,97,96,NPgY,Primary,NG FES - Leading the Way (EE CF),Number of electric HGVs
PONTEFRACT LANE 1/2,0,1,1,2,3,5,8,11,17,26,38,57,83,120,169,228,290,359,433,512,589,661,718,737,734,729,723,716,708,698,NPgY,Primary,NG FES - Leading the Way (EE CF),Number of electric HGVs
POOL,0,0,0,0,0,0,1,1,1,2,3,5,7,10,14,19,24,30,36,43,50,56,61,62,62,61,61,60,60,59,NPgY,Primary,NG FES - Leading the Way (EE CF),Number of electric HGVs
PRINCE OF WALES,0,0,0,0,0,0,1,1,1,2,3,4,6,9,12,16,21,26,31,37,43,48,52,53,53,53,52,52,51,50,NPgY,Primary,NG FES - Leading the Way (EE CF),Number of electric HGVs
PROSPECT ROAD,0,0,0,0,0,0,0,0,0,0,0,0,0,0,0,0,0,0,0,0,0,0,0,0,0,0,0,0,0,0,NPgY,Primary,NG FES - Leading the Way (EE CF),Number of electric HGVs
QUEENS ROAD,0,1,2,3,5,8,12,19,28,43,63,93,137,198,279,375,479,592,714,843,971,1089,1184,1215,1209,1201,1192,1180,1167,1150,NPgY,Primary,NG FES - Leading the Way (EE CF),Number of electric HGVs
QUEENSBURY,0,0,0,0,1,1,1,2,3,5,7,10,15,22,31,41,53,65,79,93,107,120,131,134,133,132,131,130,129,127,NPgY,Primary,NG FES - Leading the Way (EE CF),Number of electric HGVs
RAWCLIFFE,0,0,0,0,0,0,0,0,0,0,1,1,1,2,2,3,4,5,6,7,9,10,10,11,11,11,10,10,10,10,NPgY,Primary,NG FES - Leading the Way (EE CF),Number of electric HGVs
RAWDON,0,0,0,0,0,0,0,0,1,1,1,2,3,4,6,8,10,13,16,18,21,24,26,27,26,26,26,26,26,25,NPgY,Primary,NG FES - Leading the Way (EE CF),Number of electric HGVs
RAWMARSH ROAD 1_2,0,0,0,0,0,1,1,1,2,3,5,7,10,15,21,28,36,45,54,63,73,82,89,91,91,90,90,89,88,86,NPgY,Primary,NG FES - Leading the Way (EE CF),Number of electric HGVs
RAWMARSH ROAD 3_4,0,0,0,0,0,1,1,2,3,4,6,9,13,19,28,37,47,58,70,83,96,107,117,120,119,118,117,116,115,113,NPgY,Primary,NG FES - Leading the Way (EE CF),Number of electric HGVs
RAWSON ROAD,0,0,0,0,0,0,1,1,1,2,3,5,7,10,14,19,24,29,35,42,48,54,59,60,60,60,59,59,58,57,NPgY,Primary,NG FES - Leading the Way (EE CF),Number of electric HGVs
RAWSON SPRING ROAD,0,0,0,0,0,0,0,0,0,0,0,0,0,0,0,0,0,0,0,0,0,0,0,0,0,0,0,0,0,0,NPgY,Primary,NG FES - Leading the Way (EE CF),Number of electric HGVs
REVILL LANE,0,0,0,0,0,0,0,1,1,2,2,4,5,8,11,14,18,22,27,32,37,41,45,46,46,46,45,45,44,44,NPgY,Primary,NG FES - Leading the Way (EE CF),Number of electric HGVs
ROCKWARE,0,0,0,0,0,1,1,1,2,3,4,6,9,13,19,25,32,40,48,57,65,73,80,82,81,81,80,79,78,77,NPgY,Primary,NG FES - Leading the Way (EE CF),Number of electric HGVs
RODLEY LANE,0,0,0,0,0,0,0,0,0,0,1,1,1,2,2,3,4,5,6,7,8,9,10,10,10,10,10,9,9,9,NPgY,Primary,NG FES - Leading the Way (EE CF),Number of electric HGVs
ROMAN AVENUE,0,0,0,0,0,0,0,0,0,0,0,0,0,0,0,0,0,0,0,0,0,0,0,0,0,0,0,0,0,0,NPgY,Primary,NG FES - Leading the Way (EE CF),Number of electric HGVs
ROYDS LANE,0,0,0,1,1,2,3,5,8,12,17,26,38,54,77,103,132,163,197,232,267,300,326,334,333,331,328,325,321,317,NPgY,Primary,NG FES - Leading the Way (EE CF),Number of electric HGVs
SAINT ANDREWS ROAD 33/11KV,0,0,0,1,1,2,3,4,6,9,14,20,30,43,61,82,104,129,156,184,212,238,259,265,264,262,260,258,255,251,NPgY,Primary,NG FES - Leading the Way (EE CF),Number of electric HGVs
SAINT STREET,0,0,0,0,0,0,0,0,0,0,0,0,0,0,0,0,0,0,0,0,0,0,0,0,0,0,0,0,0,0,NPgY,Primary,NG FES - Leading the Way (EE CF),Number of electric HGVs
SALTERFORTH,0,0,0,0,0,0,0,0,0,1,1,1,2,3,4,6,8,10,11,14,16,17,19,20,19,19,19,19,19,18,NPgY,Primary,NG FES - Leading the Way (EE CF),Number of electric HGVs
SALTERHEBBLE,0,0,0,1,1,2,3,4,6,9,14,21,30,44,62,83,106,131,157,186,214,240,261,268,267,265,263,260,257,254,NPgY,Primary,NG FES - Leading the Way (EE CF),Number of electric HGVs
SALTSHOUSE ROAD,0,0,0,0,0,0,0,0,0,0,0,0,0,0,0,0,0,0,0,0,0,0,0,0,0,0,0,0,0,0,NPgY,Primary,NG FES - Leading the Way (EE CF),Number of electric HGVs
SANDHILL LANE,0,0,0,0,0,0,0,0,0,0,1,1,1,2,2,3,4,5,6,7,9,10,10,11,11,11,10,10,10,10,NPgY,Primary,NG FES - Leading the Way (EE CF),Number of electric HGVs
SAXON ROAD,0,0,0,0,0,0,0,0,0,0,1,1,1,2,2,3,4,5,6,7,9,10,10,11,11,11,10,10,10,10,NPgY,Primary,NG FES - Leading the Way (EE CF),Number of electric HGVs
SCARTHO,0,0,0,0,0,0,0,1,1,1,2,3,5,7,9,13,16,20,24,28,33,37,40,41,41,40,40,40,39,39,NPgY,Primary,NG FES - Leading the Way (EE CF),Number of electric HGVs
SCHOLES,0,0,0,0,0,0,0,1,1,2,2,4,5,8,11,15,19,23,28,33,38,43,47,48,48,47,47,47,46,45,NPgY,Primary,NG FES - Leading the Way (EE CF),Number of electric HGVs
SCISSETT,0,0,0,0,0,0,0,0,0,1,1,1,2,3,4,5,7,9,10,12,14,16,17,18,18,18,17,17,17,17,NPgY,Primary,NG FES - Leading the Way (EE CF),Number of electric HGVs
SCULCOATES A,0,0,0,0,0,1,1,1,2,3,5,7,10,14,20,27,35,43,52,61,70,79,86,88,87,87,86,85,84,83,NPgY,Primary,NG FES - Leading the Way (EE CF),Number of electric HGVs
SEACROFT,0,0,0,0,0,1,1,1,2,3,4,6,9,13,19,25,32,40,48,57,65,73,80,82,81,81,80,79,78,77,NPgY,Primary,NG FES - Leading the Way (EE CF),Number of electric HGVs
SEATON,0,0,0,0,1,1,1,2,3,4,6,9,14,20,28,38,48,60,72,85,98,110,119,122,122,121,120,119,118,116,NPgY,Primary,NG FES - Leading the Way (EE CF),Number of electric HGVs
SELBY,0,0,0,0,1,1,1,2,3,4,6,9,14,20,28,38,48,60,72,85,98,110,119,122,122,121,120,119,118,116,NPgY,Primary,NG FES - Leading the Way (EE CF),Number of electric HGVs
SELBY ROAD,0,0,0,0,0,0,1,1,1,2,3,4,6,8,12,16,20,25,30,36,41,46,50,51,51,51,50,50,49,49,NPgY,Primary,NG FES - Leading the Way (EE CF),Number of electric HGVs
SHARLSTON,0,0,0,0,0,0,0,0,0,0,0,0,0,0,0,0,0,0,0,0,0,0,0,0,0,0,0,0,0,0,NPgY,Primary,NG FES - Leading the Way (EE CF),Number of electric HGVs
SHEPCOTE TINSLEY,0,0,0,0,0,0,0,0,0,0,0,0,0,0,0,0,0,0,0,0,0,0,0,0,0,0,0,0,0,0,NPgY,Primary,NG FES - Leading the Way (EE CF),Number of electric HGVs
SHERBURN,0,0,1,1,2,4,6,9,13,20,29,43,63,91,128,172,220,272,328,388,447,501,545,559,556,552,548,543,537,529,NPgY,Primary,NG FES - Leading the Way (EE CF),Number of electric HGVs
SHIPLEY,0,0,0,0,0,0,0,0,0,0,0,0,0,0,0,0,0,0,0,0,0,0,0,0,0,0,0,0,0,0,NPgY,Primary,NG FES - Leading the Way (EE CF),Number of electric HGVs
SHIRLAND LANE,0,0,0,0,0,0,0,0,0,0,0,0,0,0,0,0,0,0,0,0,0,0,0,0,0,0,0,0,0,0,NPgY,Primary,NG FES - Leading the Way (EE CF),Number of electric HGVs
SILVER STREET,0,0,0,0,0,0,0,0,0,0,0,0,0,0,0,0,0,0,0,0,0,0,0,0,0,0,0,0,0,0,NPgY,Primary,NG FES - Leading the Way (EE CF),Number of electric HGVs
SILVERWOOD,0,0,0,0,0,1,1,1,2,3,4,6,8,12,17,23,30,37,44,52,60,68,73,75,75,75,74,73,72,71,NPgY,Primary,NG FES - Leading the Way (EE CF),Number of electric HGVs
SKILLINGS LANE,0,0,0,0,0,0,1,1,1,2,3,4,6,8,11,15,20,24,29,34,40,45,48,50,49,49,49,48,48,47,NPgY,Primary,NG FES - Leading the Way (EE CF),Number of electric HGVs
SKIPTON,0,0,0,0,0,0,0,0,0,1,1,2,2,3,5,6,8,10,12,14,16,18,20,20,20,20,20,20,20,19,NPgY,Primary,NG FES - Leading the Way (EE CF),Number of electric HGVs
SLAITHWAITE,0,0,0,0,0,0,1,1,1,2,3,4,7,10,13,18,23,29,34,41,47,52,57,59,58,58,57,57,56,55,NPgY,Primary,NG FES - Leading the Way (EE CF),Number of electric HGVs
SLEDMERE GARTH,0,0,0,0,0,0,0,0,0,1,1,1,2,3,4,5,7,9,10,12,14,16,17,18,18,18,17,17,17,17,NPgY,Primary,NG FES - Leading the Way (EE CF),Number of electric HGVs
SMITH STREET,0,0,0,0,0,0,1,1,2,3,4,6,8,12,17,22,28,35,42,50,57,64,70,72,71,71,70,70,69,68,NPgY,Primary,NG FES - Leading the Way (EE CF),Number of electric HGVs
SMITHY GREEN,0,0,0,1,1,2,3,5,7,11,16,23,34,49,70,94,120,148,179,211,243,273,297,304,303,301,298,295,292,288,NPgY,Primary,NG FES - Leading the Way (EE CF),Number of electric HGVs
SNAITHING PARK ROAD,0,0,0,0,0,0,0,0,0,0,0,0,0,0,0,0,0,0,0,0,0,0,0,0,0,0,0,0,0,0,NPgY,Primary,NG FES - Leading the Way (EE CF),Number of electric HGVs
SNELSINS LANE,0,0,0,0,0,0,1,1,1,2,3,4,6,9,13,18,22,28,33,39,45,51,55,57,56,56,56,55,55,54,NPgY,Primary,NG FES - Leading the Way (EE CF),Number of electric HGVs
SOUTH ELMSALL,0,0,1,1,2,3,4,6,10,15,22,32,47,68,96,128,164,203,244,289,332,373,405,416,414,411,408,404,399,394,NPgY,Primary,NG FES - Leading the Way (EE CF),Number of electric HGVs
SOUTH FERRIBY,0,0,0,0,0,0,1,1,1,2,3,4,6,9,12,16,21,26,31,37,43,48,52,53,53,53,52,52,51,50,NPgY,Primary,NG FES - Leading the Way (EE CF),Number of electric HGVs
SOUTH KIRKBY,0,0,0,1,1,2,3,5,8,11,17,25,36,53,74,100,128,158,190,225,259,290,316,324,322,320,317,314,311,307,NPgY,Primary,NG FES - Leading the Way (EE CF),Number of electric HGVs
SOUTH RESTON,0,0,0,0,0,0,0,0,0,0,0,0,0,0,0,0,0,0,0,0,0,0,0,0,0,0,0,0,0,0,NPgY,Primary,NG FES - Leading the Way (EE CF),Number of electric HGVs
SOUTH STREET,0,0,0,0,0,0,0,1,1,2,2,3,5,7,10,14,17,22,26,31,35,40,43,44,44,44,43,43,43,42,NPgY,Primary,NG FES - Leading the Way (EE CF),Number of electric HGVs
SOUTHGATE,0,0,0,0,0,1,1,1,2,3,5,7,10,15,21,28,36,44,53,63,72,81,88,90,90,89,89,88,87,86,NPgY,Primary,NG FES - Leading the Way (EE CF),Number of electric HGVs
SOUTHWOOD ROAD,0,0,0,0,0,1,1,2,2,3,5,8,11,16,23,30,39,48,58,68,79,88,96,98,98,97,97,96,95,93,NPgY,Primary,NG FES - Leading the Way (EE CF),Number of electric HGVs
SOWERBY BRIDGE 33/11KV,0,0,0,0,0,1,1,1,2,3,5,7,11,15,22,29,37,46,55,65,75,84,92,94,94,93,92,91,90,89,NPgY,Primary,NG FES - Leading the Way (EE CF),Number of electric HGVs
SPARK MILL LANE,0,0,0,0,0,1,1,1,2,3,5,7,10,15,21,29,37,45,55,65,74,83,91,93,93,92,91,90,89,88,NPgY,Primary,NG FES - Leading the Way (EE CF),Number of electric HGVs
SPENBOROUGH,0,0,0,0,1,1,1,2,3,4,6,10,14,20,29,38,49,61,73,86,99,111,121,124,124,123,122,121,119,118,NPgY,Primary,NG FES - Leading the Way (EE CF),Number of electric HGVs
SPRING MILL STREET,0,0,0,0,0,1,1,2,2,3,5,8,11,16,23,31,39,48,58,69,79,89,97,99,99,98,97,96,95,94,NPgY,Primary,NG FES - Leading the Way (EE CF),Number of electric HGVs
STAINFORTH,0,0,0,0,0,0,0,0,0,0,0,0,0,0,0,0,0,0,0,0,0,0,0,0,0,0,0,0,0,0,NPgY,Primary,NG FES - Leading the Way (EE CF),Number of electric HGVs
STAIRFOOT,0,0,0,0,0,1,1,1,2,3,5,7,10,15,21,28,36,45,54,64,74,83,90,92,92,91,90,90,89,87,NPgY,Primary,NG FES - Leading the Way (EE CF),Number of electric HGVs
STANLEY STREET,0,0,0,0,0,0,0,1,1,1,2,3,4,5,8,10,13,16,19,23,26,29,32,33,33,32,32,32,32,31,NPgY,Primary,NG FES - Leading the Way (EE CF),Number of electric HGVs
STANNINGTON ROAD,0,0,0,0,0,0,0,0,0,0,0,0,0,0,0,0,0,0,0,0,0,0,0,0,0,0,0,0,0,0,NPgY,Primary,NG FES - Leading the Way (EE CF),Number of electric HGVs
STATION ROAD,0,0,1,1,2,3,5,7,11,16,24,35,51,74,105,141,180,223,269,318,366,410,446,458,455,452,449,444,440,433,NPgY,Primary,NG FES - Leading the Way (EE CF),Number of electric HGVs
STEVENSON ROAD,0,0,0,0,0,0,0,0,0,0,0,0,0,0,0,0,0,0,0,0,0,0,0,0,0,0,0,0,0,0,NPgY,Primary,NG FES - Leading the Way (EE CF),Number of electric HGVs
STOKE STREET,0,0,0,0,1,1,2,2,4,5,8,12,17,24,34,46,59,73,88,104,120,134,146,150,149,148,147,146,144,142,NPgY,Primary,NG FES - Leading the Way (EE CF),Number of electric HGVs
STOURTON 132/11KV,0,0,0,0,0,0,0,0,1,1,1,2,3,4,5,7,9,11,14,16,18,21,22,23,23,23,23,22,22,22,NPgY,Primary,NG FES - Leading the Way (EE CF),Number of electric HGVs
STOURTON 33/11KV,0,0,0,0,0,0,0,0,1,1,2,2,3,5,7,10,12,15,18,22,25,28,30,31,31,31,30,30,30,29,NPgY,Primary,NG FES - Leading the Way (EE CF),Number of electric HGVs
STOW,0,0,0,0,0,0,0,1,1,2,2,3,5,7,10,14,17,22,26,31,35,40,43,44,44,44,43,43,43,42,NPgY,Primary,NG FES - Leading the Way (EE CF),Number of electric HGVs
SWAN BANK LANE,0,0,0,0,0,0,0,1,1,1,2,3,4,5,8,10,13,16,19,23,26,29,32,33,33,32,32,32,32,31,NPgY,Primary,NG FES - Leading the Way (EE CF),Number of electric HGVs
SWEET STREET,0,0,0,0,0,1,1,2,2,3,5,7,11,16,22,30,38,48,57,68,78,87,95,98,97,96,96,95,94,92,NPgY,Primary,NG FES - Leading the Way (EE CF),Number of electric HGVs
SWINNOW MOOR,0,0,0,0,0,0,0,0,0,1,1,1,2,3,4,5,7,9,10,12,14,16,17,18,18,18,17,17,17,17,NPgY,Primary,NG FES - Leading the Way (EE CF),Number of electric HGVs
TADCASTER,0,0,0,0,1,1,1,2,3,5,8,11,16,24,34,45,58,71,86,102,117,131,143,146,146,145,144,142,141,139,NPgY,Primary,NG FES - Leading the Way (EE CF),Number of electric HGVs
TANKERSLEY PARK,0,0,0,0,0,0,0,1,1,2,2,3,5,7,10,13,17,21,26,30,35,39,42,43,43,43,43,42,42,41,NPgY,Primary,NG FES - Leading the Way (EE CF),Number of electric HGVs
TEMPLEBOROUGH 33/11KV,0,0,0,0,0,0,0,0,0,0,0,0,0,0,0,0,0,0,0,0,0,0,0,0,0,0,0,0,0,0,NPgY,Primary,NG FES - Leading the Way (EE CF),Number of electric HGVs
THORNBURY,0,0,0,0,0,0,1,1,2,3,4,6,8,12,17,22,29,35,43,50,58,65,71,73,72,72,71,71,70,69,NPgY,Primary,NG FES - Leading the Way (EE CF),Number of electric HGVs
THORNE,0,0,0,1,1,2,3,4,6,9,13,19,28,41,58,78,100,123,149,175,202,227,246,253,252,250,248,245,243,239,NPgY,Primary,NG FES - Leading the Way (EE CF),Number of electric HGVs
THORNTON,0,0,0,0,0,0,0,0,0,0,0,0,0,0,0,0,0,0,0,0,0,0,0,0,0,0,0,0,0,0,NPgY,Primary,NG FES - Leading the Way (EE CF),Number of electric HGVs
THORPE ROAD,0,1,1,2,3,4,6,10,15,22,33,49,71,103,145,195,249,308,372,439,505,567,616,633,629,625,620,614,607,599,NPgY,Primary,NG FES - Leading the Way (EE CF),Number of electric HGVs
TICKHILL ROAD,0,0,0,0,1,1,2,2,3,5,8,11,17,24,34,45,58,72,87,102,118,132,144,147,147,146,144,143,141,139,NPgY,Primary,NG FES - Leading the Way (EE CF),Number of electric HGVs
TINGLEY,0,0,0,0,0,1,1,2,2,3,5,8,11,16,23,31,39,48,58,69,79,89,97,99,99,98,97,96,95,94,NPgY,Primary,NG FES - Leading the Way (EE CF),Number of electric HGVs
TINSLEY PARK ROAD,0,0,0,1,1,1,2,3,5,7,11,16,23,34,48,64,82,102,122,145,167,187,203,208,207,206,204,202,200,197,NPgY,Primary,NG FES - Leading the Way (EE CF),Number of electric HGVs
TINSLEY WIRE INDUSTRIES,0,0,0,1,1,2,3,5,8,12,18,26,38,55,78,105,134,166,200,236,272,305,332,341,339,337,334,331,327,322,NPgY,Primary,NG FES - Leading the Way (EE CF),Number of electric HGVs
TIVERTON ROAD,0,0,0,0,0,0,0,0,0,0,0,0,0,0,0,0,0,0,0,0,0,0,0,0,0,0,0,0,0,0,NPgY,Primary,NG FES - Leading the Way (EE CF),Number of electric HGVs
TODMORDEN,0,0,0,0,0,0,0,0,0,0,1,1,1,2,3,4,5,6,8,9,11,12,13,13,13,13,13,13,13,13,NPgY,Primary,NG FES - Leading the Way (EE CF),Number of electric HGVs
TOLLER LANE,0,0,0,0,0,0,0,0,0,0,0,0,0,0,0,0,0,0,0,0,0,0,0,0,0,0,0,0,0,0,NPgY,Primary,NG FES - Leading the Way (EE CF),Number of electric HGVs
TONG STREET,0,0,0,0,0,1,1,1,2,3,4,6,9,14,19,26,33,41,50,58,67,76,82,84,84,83,83,82,81,80,NPgY,Primary,NG FES - Leading the Way (EE CF),Number of electric HGVs
UPPER BASINGHALL STREET,0,0,0,0,0,0,0,0,0,0,0,0,0,0,0,0,0,0,0,0,0,0,0,0,0,0,0,0,0,0,NPgY,Primary,NG FES - Leading the Way (EE CF),Number of electric HGVs
VARLEY STREET,0,0,0,0,0,1,1,2,3,4,6,9,14,20,28,38,48,59,71,84,97,109,118,122,121,120,119,118,117,115,NPgY,Primary,NG FES - Leading the Way (EE CF),Number of electric HGVs
VICTORIA STREET,0,0,0,0,0,0,0,0,0,0,0,0,0,0,0,0,0,0,0,0,0,0,0,0,0,0,0,0,0,0,NPgY,Primary,NG FES - Leading the Way (EE CF),Number of electric HGVs
WALESBY,0,0,0,0,0,0,0,0,1,1,1,2,3,4,6,7,9,12,14,17,19,21,23,24,24,24,23,23,23,23,NPgY,Primary,NG FES - Leading the Way (EE CF),Number of electric HGVs
WARREN LANE,0,0,0,0,0,0,0,0,0,0,0,0,0,0,0,0,0,0,0,0,0,0,0,0,0,0,0,0,0,0,NPgY,Primary,NG FES - Leading the Way (EE CF),Number of electric HGVs
WATH UPON DEARNE,0,0,0,1,1,2,3,4,6,10,14,21,31,45,63,85,108,134,161,190,219,246,267,274,273,271,269,266,263,259,NPgY,Primary,NG FES - Leading the Way (EE CF),Number of electric HGVs
WAVERLEY BUSINESS PARK,0,0,0,0,0,0,0,0,0,0,0,0,0,0,0,0,0,0,0,0,0,0,0,0,0,0,0,0,0,0,NPgY,Primary,NG FES - Leading the Way (EE CF),Number of electric HGVs
WAWNE ROAD,0,0,0,0,0,0,0,0,0,0,0,0,0,0,0,0,0,0,0,0,0,0,0,0,0,0,0,0,0,0,NPgY,Primary,NG FES - Leading the Way (EE CF),Number of electric HGVs
WEELAND ROAD,0,0,0,0,0,1,1,2,3,4,6,8,12,18,25,34,43,54,65,76,88,99,107,110,109,109,108,107,106,104,NPgY,Primary,NG FES - Leading the Way (EE CF),Number of electric HGVs
WELLINGTON STREET,0,1,1,2,3,4,6,10,14,22,32,47,69,100,142,190,243,300,362,427,492,552,600,616,613,609,604,598,591,583,NPgY,Primary,NG FES - Leading the Way (EE CF),Number of electric HGVs
WESLEY CRESCENT,0,0,0,0,0,0,0,0,0,0,1,1,1,2,3,4,5,6,7,9,10,11,12,12,12,12,12,12,12,12,NPgY,Primary,NG FES - Leading the Way (EE CF),Number of electric HGVs
WEST DOCKS,0,0,0,0,0,1,1,2,2,3,5,7,11,16,22,30,38,48,57,68,78,87,95,98,97,96,96,95,94,92,NPgY,Primary,NG FES - Leading the Way (EE CF),Number of electric HGVs
WEST END LANE,0,0,0,1,1,2,3,4,6,9,14,20,29,42,60,80,103,127,153,181,208,234,254,261,260,258,256,253,250,247,NPgY,Primary,NG FES - Leading the Way (EE CF),Number of electric HGVs
WEST MOOR PARK,0,0,0,0,0,0,0,0,0,0,0,0,0,0,0,0,0,0,0,0,0,0,0,0,0,0,0,0,0,0,NPgY,Primary,NG FES - Leading the Way (EE CF),Number of electric HGVs
WEST PARK,0,0,0,0,0,0,0,0,0,0,0,0,0,0,0,0,0,0,0,0,0,0,0,0,0,0,0,0,0,0,NPgY,Primary,NG FES - Leading the Way (EE CF),Number of electric HGVs
WESTCOTT STREET,0,0,0,0,0,0,0,0,0,0,0,0,0,0,0,0,0,0,0,0,0,0,0,0,0,0,0,0,0,0,NPgY,Primary,NG FES - Leading the Way (EE CF),Number of electric HGVs
WHEATACRE ROAD,0,0,0,0,0,0,0,0,0,0,0,1,1,1,2,3,3,4,5,6,7,8,9,9,9,9,9,9,9,8,NPgY,Primary,NG FES - Leading the Way (EE CF),Number of electric HGVs
WHEATLEY PARK,0,0,0,1,1,1,2,3,5,7,11,16,23,33,47,63,80,99,120,142,163,183,199,204,203,202,200,198,196,193,NPgY,Primary,NG FES - Leading the Way (EE CF),Number of electric HGVs
WHINGATE,0,0,0,0,0,1,1,2,3,4,6,8,12,17,25,33,42,52,63,74,86,96,105,107,107,106,105,104,103,102,NPgY,Primary,NG FES - Leading the Way (EE CF),Number of electric HGVs
WHITE LEE,0,0,0,0,0,0,1,1,1,2,3,4,6,8,12,16,20,25,30,35,40,45,49,51,50,50,50,49,49,48,NPgY,Primary,NG FES - Leading the Way (EE CF),Number of electric HGVs
WHITEHALL ROAD 2/3,0,0,0,0,0,0,0,0,0,0,0,0,0,0,0,0,0,0,0,0,0,0,0,0,0,0,0,0,0,0,NPgY,Primary,NG FES - Leading the Way (EE CF),Number of electric HGVs
WHITEHALL ROAD 4/5,0,0,0,0,0,0,0,0,0,0,0,0,0,0,0,0,0,0,0,0,0,0,0,0,0,0,0,0,0,0,NPgY,Primary,NG FES - Leading the Way (EE CF),Number of electric HGVs
WIBSEY,0,0,0,0,0,0,0,0,0,0,0,0,0,0,0,0,0,0,0,0,0,0,0,0,0,0,0,0,0,0,NPgY,Primary,NG FES - Leading the Way (EE CF),Number of electric HGVs
WITHERNSEA,0,0,0,0,0,0,0,0,0,0,0,0,0,0,0,0,0,0,0,0,0,0,0,0,0,0,0,0,0,0,NPgY,Primary,NG FES - Leading the Way (EE CF),Number of electric HGVs
WOODCOCK STREET,0,0,0,0,0,0,1,1,1,2,3,4,6,8,12,16,20,25,30,35,40,45,49,51,50,50,50,49,49,48,NPgY,Primary,NG FES - Leading the Way (EE CF),Number of electric HGVs
WOODSEATS,0,0,0,0,0,0,0,0,0,0,0,1,1,1,2,3,3,4,5,6,7,8,9,9,9,9,9,9,9,8,NPgY,Primary,NG FES - Leading the Way (EE CF),Number of electric HGVs
WOOLLEY,0,0,0,0,0,1,1,1,2,3,4,6,9,13,18,24,30,38,45,54,62,69,75,77,77,76,76,75,74,73,NPgY,Primary,NG FES - Leading the Way (EE CF),Number of electric HGVs
WORSBROUGH PARK,0,0,0,0,0,1,1,2,3,4,6,9,13,19,27,36,46,57,69,82,94,106,115,118,117,117,116,115,113,112,NPgY,Primary,NG FES - Leading the Way (EE CF),Number of electric HGVs
WRAWBY,0,0,0,1,1,1,2,3,5,8,11,17,25,36,51,68,87,108,130,153,177,198,215,221,220,218,217,214,212,209,NPgY,Primary,NG FES - Leading the Way (EE CF),Number of electric HGVs
YARBOROUGH ROAD 33/11KV,0,0,0,1,1,2,2,4,6,8,13,19,27,39,55,74,95,118,142,167,193,216,235,241,240,239,237,234,232,228,NPgY,Primary,NG FES - Leading the Way (EE CF),Number of electric HGVs
YEW GREEN ROAD,0,0,0,0,0,0,0,0,0,0,1,1,1,2,2,3,4,5,6,7,9,10,10,11,11,11,10,10,10,10,NPgY,Primary,NG FES - Leading the Way (EE CF),Number of electric HGVs
YORK ROAD,0,0,0,0,0,0,0,0,0,1,1,1,2,3,4,6,8,10,11,14,16,17,19,20,19,19,19,19,19,18,NPgY,Primary,NG FES - Leading the Way (EE CF),Number of electric HGVs
YORK STREET,0,0,0,0,0,1,1,2,3,4,6,9,14,20,28,38,48,59,71,84,97,109,118,122,121,120,119,118,117,115,NPgY,Primary,NG FES - Leading the Way (EE CF),Number of electric HGVs
Barnsley Direct to Supply Points,,,,,,,,,,,,,,,,,,,,,,,,,,,,,,,NPgY,Primary,NG FES - Leading the Way (EE CF),Number of electric HGVs
Bradford Direct to Supply Points,,,,,,,,,,,,,,,,,,,,,,,,,,,,,,,NPgY,Primary,NG FES - Leading the Way (EE CF),Number of electric HGVs
Calderdale Direct to Supply Points,,,,,,,,,,,,,,,,,,,,,,,,,,,,,,,NPgY,Primary,NG FES - Leading the Way (EE CF),Number of electric HGVs
County Durham Direct to Supply Points,,,,,,,,,,,,,,,,,,,,,,,,,,,,,,,NPgN,Primary,NG FES - Leading the Way (EE CF),Number of electric HGVs
Darlington Direct to Supply Points,,,,,,,,,,,,,,,,,,,,,,,,,,,,,,,NPgN,Primary,NG FES - Leading the Way (EE CF),Number of electric HGVs
Doncaster Direct to Supply Points,,,,,,,,,,,,,,,,,,,,,,,,,,,,,,,NPgY,Primary,NG FES - Leading the Way (EE CF),Number of electric HGVs
East Riding of Yorkshire Direct to Supply Points,,,,,,,,,,,,,,,,,,,,,,,,,,,,,,,NPgY,Primary,NG FES - Leading the Way (EE CF),Number of electric HGVs
Gateshead Direct to Supply Points,,,,,,,,,,,,,,,,,,,,,,,,,,,,,,,NPgN,Primary,NG FES - Leading the Way (EE CF),Number of electric HGVs
Hambleton Direct to Supply Points,,,,,,,,,,,,,,,,,,,,,,,,,,,,,,,NPgN,Primary,NG FES - Leading the Way (EE CF),Number of electric HGVs
Harrogate Direct to Supply Points,,,,,,,,,,,,,,,,,,,,,,,,,,,,,,,NPgN,Primary,NG FES - Leading the Way (EE CF),Number of electric HGVs
Hartlepool Direct to Supply Points,,,,,,,,,,,,,,,,,,,,,,,,,,,,,,,NPgN,Primary,NG FES - Leading the Way (EE CF),Number of electric HGVs
"Kingston upon Hull, City of Direct to Supply Points",,,,,,,,,,,,,,,,,,,,,,,,,,,,,,,NPgY,Primary,NG FES - Leading the Way (EE CF),Number of electric HGVs
Kirklees Direct to Supply Points,,,,,,,,,,,,,,,,,,,,,,,,,,,,,,,NPgY,Primary,NG FES - Leading the Way (EE CF),Number of electric HGVs
Leeds Direct to Supply Points,,,,,,,,,,,,,,,,,,,,,,,,,,,,,,,NPgY,Primary,NG FES - Leading the Way (EE CF),Number of electric HGVs
Newcastle upon Tyne Direct to Supply Points,,,,,,,,,,,,,,,,,,,,,,,,,,,,,,,NPgN,Primary,NG FES - Leading the Way (EE CF),Number of electric HGVs
North East Lincolnshire Direct to Supply Points,,,,,,,,,,,,,,,,,,,,,,,,,,,,,,,NPgY,Primary,NG FES - Leading the Way (EE CF),Number of electric HGVs
North Lincolnshire Direct to Supply Points,,,,,,,,,,,,,,,,,,,,,,,,,,,,,,,NPgY,Primary,NG FES - Leading the Way (EE CF),Number of electric HGVs
North Tyneside Direct to Supply Points,,,,,,,,,,,,,,,,,,,,,,,,,,,,,,,NPgN,Primary,NG FES - Leading the Way (EE CF),Number of electric HGVs
Northumberland Direct to Supply Points,,,,,,,,,,,,,,,,,,,,,,,,,,,,,,,NPgN,Primary,NG FES - Leading the Way (EE CF),Number of electric HGVs
Redcar and Cleveland Direct to Supply Points,,,,,,,,,,,,,,,,,,,,,,,,,,,,,,,NPgN,Primary,NG FES - Leading the Way (EE CF),Number of electric HGVs
Rotherham Direct to Supply Points,,,,,,,,,,,,,,,,,,,,,,,,,,,,,,,NPgY,Primary,NG FES - Leading the Way (EE CF),Number of electric HGVs
Ryedale Direct to Supply Points,,,,,,,,,,,,,,,,,,,,,,,,,,,,,,,NPgN,Primary,NG FES - Leading the Way (EE CF),Number of electric HGVs
Scarborough Direct to Supply Points,,,,,,,,,,,,,,,,,,,,,,,,,,,,,,,NPgN,Primary,NG FES - Leading the Way (EE CF),Number of electric HGVs
Selby Direct to Supply Points,,,,,,,,,,,,,,,,,,,,,,,,,,,,,,,NPgY,Primary,NG FES - Leading the Way (EE CF),Number of electric HGVs
Sheffield Direct to Supply Points,,,,,,,,,,,,,,,,,,,,,,,,,,,,,,,NPgY,Primary,NG FES - Leading the Way (EE CF),Number of electric HGVs
South Tyneside Direct to Supply Points,,,,,,,,,,,,,,,,,,,,,,,,,,,,,,,NPgN,Primary,NG FES - Leading the Way (EE CF),Number of electric HGVs
Stockton-on-Tees Direct to Supply Points,,,,,,,,,,,,,,,,,,,,,,,,,,,,,,,NPgN,Primary,NG FES - Leading the Way (EE CF),Number of electric HGVs
Sunderland Direct to Supply Points,,,,,,,,,,,,,,,,,,,,,,,,,,,,,,,NPgN,Primary,NG FES - Leading the Way (EE CF),Number of electric HGVs
Wakefield Direct to Supply Points,,,,,,,,,,,,,,,,,,,,,,,,,,,,,,,NPgY,Primary,NG FES - Leading the Way (EE CF),Number of electric HGVs
West Lindsey Direct to Supply Points,,,,,,,,,,,,,,,,,,,,,,,,,,,,,,,NPgY,Primary,NG FES - Leading the Way (EE CF),Number of electric HGVs
York Direct to Supply Points,,,,,,,,,,,,,,,,,,,,,,,,,,,,,,,NPgN,Primary,NG FES - Leading the Way (EE CF),Number of electric HGVs
